{"type":"FeatureCollection","features":[{"type":"Feature","geometry":{"type":"Polygon","coordinates":[[[2,0.9],[2.0500000000000003,0.9],[2.0500000000000003,0.9500000000000001],[2,0.9500000000000001],[2,0.9]]]},"properties":{"source":"slicemap-v1","room":"office_20260824","importedAt":"2026-09-06T07:39:59.085Z","category":"furniture","kind":"block","area_m2":0.0025}},{"type":"Feature","geometry":{"type":"Polygon","coordinates":[[[2.0500000000000003,0.9500000000000001],[2.1,0.9500000000000001],[2.1,1.4000000000000001],[2.0500000000000003,1.4000000000000001],[2.0500000000000003,0.9500000000000001]]]},"properties":{"source":"slicemap-v1","room":"office_20260824","importedAt":"2026-09-06T07:39:59.085Z","category":"furniture","kind":"block","area_m2":0.0225}},{"type":"Feature","geometry":{"type":"Polygon","coordinates":[[[4.05,1.7000000000000002],[4.1000000000000005,1.7000000000000002],[4.1000000000000005,1.8],[4.05,1.8],[4.05,1.7000000000000002]]]},"properties":{"source":"slicemap-v1","room":"office_20260824","importedAt":"2026-09-06T07:39:59.085Z","category":"furniture","kind":"block","area_m2":0.005}},{"type":"Feature","geometry":{"type":"Polygon","coordinates":[[[4.05,1.8],[4.15,1.8],[4.15,1.85],[4.05,1.85],[4.05,1.8]]]},"properties":{"source":"slicemap-v1","room":"office_20260824","importedAt":"2026-09-06T07:39:59.085Z","category":"furniture","kind":"block","area_m2":0.005}},{"type":"Feature","geometry":{"type":"Polygon","coordinates":[[[4.1000000000000005,1.85],[4.15,1.85],[4.15,1.9000000000000001],[4.1000000000000005,1.9000000000000001],[4.1000000000000005,1.85]]]},"properties":{"source":"slicemap-v1","room":"office_20260824","importedAt":"2026-09-06T07:39:59.085Z","category":"furniture","kind":"block","area_m2":0.0025}},{"type":"Feature","geometry":{"type":"Polygon","coordinates":[[[4.1000000000000005,1.9000000000000001],[4.2,1.9000000000000001],[4.2,2],[4.1000000000000005,2],[4.1000000000000005,1.9000000000000001]]]},"properties":{"source":"slicemap-v1","room":"office_20260824","importedAt":"2026-09-06T07:39:59.085Z","category":"furniture","kind":"block","area_m2":0.01}},{"type":"Feature","geometry":{"type":"Polygon","coordinates":[[[4.55,2.5500000000000003],[4.75,2.5500000000000003],[4.75,2.6],[4.55,2.6],[4.55,2.5500000000000003]]]},"properties":{"source":"slicemap-v1","room":"office_20260824","importedAt":"2026-09-06T07:39:59.085Z","category":"furniture","kind":"block","area_m2":0.01}},{"type":"Feature","geometry":{"type":"Polygon","coordinates":[[[4.2,2.6],[4.25,2.6],[4.25,2.7],[4.2,2.7],[4.2,2.6]]]},"properties":{"source":"slicemap-v1","room":"office_20260824","importedAt":"2026-09-06T07:39:59.085Z","category":"furniture","kind":"block","area_m2":0.005}},{"type":"Feature","geometry":{"type":"Polygon","coordinates":[[[4.5,2.6],[4.6000000000000005,2.6],[4.6000000000000005,2.6500000000000004],[4.5,2.6500000000000004],[4.5,2.6]]]},"properties":{"source":"slicemap-v1","room":"office_20260824","importedAt":"2026-09-06T07:39:59.085Z","category":"furniture","kind":"block","area_m2":0.005}},{"type":"Feature","geometry":{"type":"Polygon","coordinates":[[[4.7,2.6],[4.800000000000001,2.6],[4.800000000000001,2.7],[4.7,2.7],[4.7,2.6]]]},"properties":{"source":"slicemap-v1","room":"office_20260824","importedAt":"2026-09-06T07:39:59.085Z","category":"furniture","kind":"block","area_m2":0.01}},{"type":"Feature","geometry":{"type":"Polygon","coordinates":[[[4.800000000000001,2.6],[4.8500000000000005,2.6],[4.8500000000000005,2.8000000000000003],[4.800000000000001,2.8000000000000003],[4.800000000000001,2.6]]]},"properties":{"source":"slicemap-v1","room":"office_20260824","importedAt":"2026-09-06T07:39:59.085Z","category":"wall","kind":"block","area_m2":0.01}},{"type":"Feature","geometry":{"type":"Polygon","coordinates":[[[4.9,2.6],[5,2.6],[5,2.6500000000000004],[4.9,2.6500000000000004],[4.9,2.6]]]},"properties":{"source":"slicemap-v1","room":"office_20260824","importedAt":"2026-09-06T07:39:59.085Z","category":"furniture","kind":"block","area_m2":0.005}},{"type":"Feature","geometry":{"type":"Polygon","coordinates":[[[4.45,2.6500000000000004],[4.55,2.6500000000000004],[4.55,2.7],[4.45,2.7],[4.45,2.6500000000000004]]]},"properties":{"source":"slicemap-v1","room":"office_20260824","importedAt":"2026-09-06T07:39:59.085Z","category":"furniture","kind":"block","area_m2":0.005}},{"type":"Feature","geometry":{"type":"Polygon","coordinates":[[[4.8500000000000005,2.75],[4.9,2.75],[4.9,2.8000000000000003],[4.8500000000000005,2.8000000000000003],[4.8500000000000005,2.75]]]},"properties":{"source":"slicemap-v1","room":"office_20260824","importedAt":"2026-09-06T07:39:59.085Z","category":"furniture","kind":"block","area_m2":0.0025}},{"type":"Feature","geometry":{"type":"Polygon","coordinates":[[[4.8500000000000005,2.8000000000000003],[5,2.8000000000000003],[5,2.85],[4.8500000000000005,2.85],[4.8500000000000005,2.8000000000000003]]]},"properties":{"source":"slicemap-v1","room":"office_20260824","importedAt":"2026-09-06T07:39:59.085Z","category":"furniture","kind":"block","area_m2":0.0075}},{"type":"Feature","geometry":{"type":"Polygon","coordinates":[[[5,2.85],[5.1000000000000005,2.85],[5.1000000000000005,2.9000000000000004],[5,2.9000000000000004],[5,2.85]]]},"properties":{"source":"slicemap-v1","room":"office_20260824","importedAt":"2026-09-06T07:39:59.085Z","category":"furniture","kind":"block","area_m2":0.005}},{"type":"Feature","geometry":{"type":"Polygon","coordinates":[[[3.9000000000000004,2.9000000000000004],[4,2.9000000000000004],[4,2.95],[3.9000000000000004,2.95],[3.9000000000000004,2.9000000000000004]]]},"properties":{"source":"slicemap-v1","room":"office_20260824","importedAt":"2026-09-06T07:39:59.085Z","category":"furniture","kind":"block","area_m2":0.005}},{"type":"Feature","geometry":{"type":"Polygon","coordinates":[[[5.050000000000001,2.9000000000000004],[5.1000000000000005,2.9000000000000004],[5.1000000000000005,2.95],[5.050000000000001,2.95],[5.050000000000001,2.9000000000000004]]]},"properties":{"source":"slicemap-v1","room":"office_20260824","importedAt":"2026-09-06T07:39:59.085Z","category":"furniture","kind":"block","area_m2":0.0025}},{"type":"Feature","geometry":{"type":"Polygon","coordinates":[[[1.75,2.95],[1.8,2.95],[1.8,3],[1.75,3],[1.75,2.95]]]},"properties":{"source":"slicemap-v1","room":"office_20260824","importedAt":"2026-09-06T07:39:59.085Z","category":"furniture","kind":"block","area_m2":0.0025}},{"type":"Feature","geometry":{"type":"Polygon","coordinates":[[[3.85,2.95],[3.95,2.95],[3.95,3],[3.85,3],[3.85,2.95]]]},"properties":{"source":"slicemap-v1","room":"office_20260824","importedAt":"2026-09-06T07:39:59.085Z","category":"furniture","kind":"block","area_m2":0.005}},{"type":"Feature","geometry":{"type":"Polygon","coordinates":[[[4.95,2.95],[5,2.95],[5,3],[4.95,3],[4.95,2.95]]]},"properties":{"source":"slicemap-v1","room":"office_20260824","importedAt":"2026-09-06T07:39:59.085Z","category":"furniture","kind":"block","area_m2":0.0025}},{"type":"Feature","geometry":{"type":"Polygon","coordinates":[[[1.6500000000000001,3],[1.8,3],[1.8,3.0500000000000003],[1.6500000000000001,3.0500000000000003],[1.6500000000000001,3]]]},"properties":{"source":"slicemap-v1","room":"office_20260824","importedAt":"2026-09-06T07:39:59.085Z","category":"furniture","kind":"block","area_m2":0.0075}},{"type":"Feature","geometry":{"type":"Polygon","coordinates":[[[3.85,3],[3.9000000000000004,3],[3.9000000000000004,3.0500000000000003],[3.85,3.0500000000000003],[3.85,3]]]},"properties":{"source":"slicemap-v1","room":"office_20260824","importedAt":"2026-09-06T07:39:59.085Z","category":"furniture","kind":"block","area_m2":0.0025}},{"type":"Feature","geometry":{"type":"Polygon","coordinates":[[[4.9,3],[5,3],[5,3.0500000000000003],[4.9,3.0500000000000003],[4.9,3]]]},"properties":{"source":"slicemap-v1","room":"office_20260824","importedAt":"2026-09-06T07:39:59.085Z","category":"furniture","kind":"block","area_m2":0.005}},{"type":"Feature","geometry":{"type":"Polygon","coordinates":[[[1.6500000000000001,3.0500000000000003],[1.85,3.0500000000000003],[1.85,3.1],[1.6500000000000001,3.1],[1.6500000000000001,3.0500000000000003]]]},"properties":{"source":"slicemap-v1","room":"office_20260824","importedAt":"2026-09-06T07:39:59.085Z","category":"furniture","kind":"block","area_m2":0.01}},{"type":"Feature","geometry":{"type":"Polygon","coordinates":[[[3.85,3.0500000000000003],[3.95,3.0500000000000003],[3.95,3.1],[3.85,3.1],[3.85,3.0500000000000003]]]},"properties":{"source":"slicemap-v1","room":"office_20260824","importedAt":"2026-09-06T07:39:59.085Z","category":"furniture","kind":"block","area_m2":0.005}},{"type":"Feature","geometry":{"type":"Polygon","coordinates":[[[4.800000000000001,3.0500000000000003],[4.9,3.0500000000000003],[4.9,3.1],[4.800000000000001,3.1],[4.800000000000001,3.0500000000000003]]]},"properties":{"source":"slicemap-v1","room":"office_20260824","importedAt":"2026-09-06T07:39:59.085Z","category":"wall","kind":"block","area_m2":0.005}},{"type":"Feature","geometry":{"type":"Polygon","coordinates":[[[4.9,3.0500000000000003],[4.95,3.0500000000000003],[4.95,3.1],[4.9,3.1],[4.9,3.0500000000000003]]]},"properties":{"source":"slicemap-v1","room":"office_20260824","importedAt":"2026-09-06T07:39:59.085Z","category":"furniture","kind":"block","area_m2":0.0025}},{"type":"Feature","geometry":{"type":"Polygon","coordinates":[[[1.6,3.1],[1.75,3.1],[1.75,3.1500000000000004],[1.6,3.1500000000000004],[1.6,3.1]]]},"properties":{"source":"slicemap-v1","room":"office_20260824","importedAt":"2026-09-06T07:39:59.085Z","category":"furniture","kind":"block","area_m2":0.0075}},{"type":"Feature","geometry":{"type":"Polygon","coordinates":[[[2.4000000000000004,3.1],[2.45,3.1],[2.45,3.45],[2.4000000000000004,3.45],[2.4000000000000004,3.1]]]},"properties":{"source":"slicemap-v1","room":"office_20260824","importedAt":"2026-09-06T07:39:59.085Z","category":"furniture","kind":"block","area_m2":0.0175}},{"type":"Feature","geometry":{"type":"Polygon","coordinates":[[[3.9000000000000004,3.1],[3.95,3.1],[3.95,3.25],[3.9000000000000004,3.25],[3.9000000000000004,3.1]]]},"properties":{"source":"slicemap-v1","room":"office_20260824","importedAt":"2026-09-06T07:39:59.085Z","category":"furniture","kind":"block","area_m2":0.0075}},{"type":"Feature","geometry":{"type":"Polygon","coordinates":[[[4,3.1],[4.05,3.1],[4.05,3.2],[4,3.2],[4,3.1]]]},"properties":{"source":"slicemap-v1","room":"office_20260824","importedAt":"2026-09-06T07:39:59.085Z","category":"furniture","kind":"block","area_m2":0.005}},{"type":"Feature","geometry":{"type":"Polygon","coordinates":[[[4.75,3.1],[4.8500000000000005,3.1],[4.8500000000000005,3.1500000000000004],[4.75,3.1500000000000004],[4.75,3.1]]]},"properties":{"source":"slicemap-v1","room":"office_20260824","importedAt":"2026-09-06T07:39:59.085Z","category":"furniture","kind":"block","area_m2":0.005}},{"type":"Feature","geometry":{"type":"Polygon","coordinates":[[[1.4000000000000001,3.1500000000000004],[1.5,3.1500000000000004],[1.5,3.2],[1.4000000000000001,3.2],[1.4000000000000001,3.1500000000000004]]]},"properties":{"source":"slicemap-v1","room":"office_20260824","importedAt":"2026-09-06T07:39:59.085Z","category":"furniture","kind":"block","area_m2":0.005}},{"type":"Feature","geometry":{"type":"Polygon","coordinates":[[[1.6,3.1500000000000004],[1.7000000000000002,3.1500000000000004],[1.7000000000000002,3.2],[1.6,3.2],[1.6,3.1500000000000004]]]},"properties":{"source":"slicemap-v1","room":"office_20260824","importedAt":"2026-09-06T07:39:59.085Z","category":"furniture","kind":"block","area_m2":0.005}},{"type":"Feature","geometry":{"type":"Polygon","coordinates":[[[4.7,3.1500000000000004],[4.8500000000000005,3.1500000000000004],[4.8500000000000005,3.2],[4.7,3.2],[4.7,3.1500000000000004]]]},"properties":{"source":"slicemap-v1","room":"office_20260824","importedAt":"2026-09-06T07:39:59.085Z","category":"furniture","kind":"block","area_m2":0.0075}},{"type":"Feature","geometry":{"type":"Polygon","coordinates":[[[4.8500000000000005,3.1500000000000004],[4.9,3.1500000000000004],[4.9,3.2],[4.8500000000000005,3.2],[4.8500000000000005,3.1500000000000004]]]},"properties":{"source":"slicemap-v1","room":"office_20260824","importedAt":"2026-09-06T07:39:59.085Z","category":"wall","kind":"block","area_m2":0.0025}},{"type":"Feature","geometry":{"type":"Polygon","coordinates":[[[4,3.2],[4.1000000000000005,3.2],[4.1000000000000005,3.25],[4,3.25],[4,3.2]]]},"properties":{"source":"slicemap-v1","room":"office_20260824","importedAt":"2026-09-06T07:39:59.085Z","category":"furniture","kind":"block","area_m2":0.005}},{"type":"Feature","geometry":{"type":"Polygon","coordinates":[[[4.65,3.2],[4.8500000000000005,3.2],[4.8500000000000005,3.25],[4.65,3.25],[4.65,3.2]]]},"properties":{"source":"slicemap-v1","room":"office_20260824","importedAt":"2026-09-06T07:39:59.085Z","category":"furniture","kind":"block","area_m2":0.01}},{"type":"Feature","geometry":{"type":"Polygon","coordinates":[[[3.9000000000000004,3.25],[4,3.25],[4,3.3000000000000003],[3.9000000000000004,3.3000000000000003],[3.9000000000000004,3.25]]]},"properties":{"source":"slicemap-v1","room":"office_20260824","importedAt":"2026-09-06T07:39:59.085Z","category":"furniture","kind":"block","area_m2":0.005}},{"type":"Feature","geometry":{"type":"Polygon","coordinates":[[[4.65,3.25],[4.9,3.25],[4.9,3.3000000000000003],[4.65,3.3000000000000003],[4.65,3.25]]]},"properties":{"source":"slicemap-v1","room":"office_20260824","importedAt":"2026-09-06T07:39:59.085Z","category":"furniture","kind":"block","area_m2":0.0125}},{"type":"Feature","geometry":{"type":"Polygon","coordinates":[[[2.8000000000000003,3.3000000000000003],[2.85,3.3000000000000003],[2.85,3.35],[2.8000000000000003,3.35],[2.8000000000000003,3.3000000000000003]]]},"properties":{"source":"slicemap-v1","room":"office_20260824","importedAt":"2026-09-06T07:39:59.085Z","category":"furniture","kind":"block","area_m2":0.0025}},{"type":"Feature","geometry":{"type":"Polygon","coordinates":[[[4.8500000000000005,3.3000000000000003],[4.9,3.3000000000000003],[4.9,3.45],[4.8500000000000005,3.45],[4.8500000000000005,3.3000000000000003]]]},"properties":{"source":"slicemap-v1","room":"office_20260824","importedAt":"2026-09-06T07:39:59.085Z","category":"wall","kind":"block","area_m2":0.0075}},{"type":"Feature","geometry":{"type":"Polygon","coordinates":[[[2.75,3.35],[2.85,3.35],[2.85,3.4000000000000004],[2.75,3.4000000000000004],[2.75,3.35]]]},"properties":{"source":"slicemap-v1","room":"office_20260824","importedAt":"2026-09-06T07:39:59.085Z","category":"furniture","kind":"block","area_m2":0.005}},{"type":"Feature","geometry":{"type":"Polygon","coordinates":[[[2.75,3.4000000000000004],[2.8000000000000003,3.4000000000000004],[2.8000000000000003,3.45],[2.75,3.45],[2.75,3.4000000000000004]]]},"properties":{"source":"slicemap-v1","room":"office_20260824","importedAt":"2026-09-06T07:39:59.085Z","category":"furniture","kind":"block","area_m2":0.0025}},{"type":"Feature","geometry":{"type":"Polygon","coordinates":[[[1.25,3.45],[1.3,3.45],[1.3,3.5500000000000003],[1.25,3.5500000000000003],[1.25,3.45]]]},"properties":{"source":"slicemap-v1","room":"office_20260824","importedAt":"2026-09-06T07:39:59.085Z","category":"furniture","kind":"block","area_m2":0.005}},{"type":"Feature","geometry":{"type":"Polygon","coordinates":[[[2.45,3.45],[2.8000000000000003,3.45],[2.8000000000000003,3.5],[2.45,3.5],[2.45,3.45]]]},"properties":{"source":"slicemap-v1","room":"office_20260824","importedAt":"2026-09-06T07:39:59.085Z","category":"furniture","kind":"block","area_m2":0.0175}},{"type":"Feature","geometry":{"type":"Polygon","coordinates":[[[4.9,3.45],[4.95,3.45],[4.95,3.8000000000000003],[4.9,3.8000000000000003],[4.9,3.45]]]},"properties":{"source":"slicemap-v1","room":"office_20260824","importedAt":"2026-09-06T07:39:59.085Z","category":"wall","kind":"block","area_m2":0.0175}},{"type":"Feature","geometry":{"type":"Polygon","coordinates":[[[1.25,3.5500000000000003],[1.35,3.5500000000000003],[1.35,3.7],[1.25,3.7],[1.25,3.5500000000000003]]]},"properties":{"source":"slicemap-v1","room":"office_20260824","importedAt":"2026-09-06T07:39:59.085Z","category":"furniture","kind":"block","area_m2":0.015}},{"type":"Feature","geometry":{"type":"Polygon","coordinates":[[[1.3,3.75],[1.35,3.75],[1.35,3.95],[1.3,3.95],[1.3,3.75]]]},"properties":{"source":"slicemap-v1","room":"office_20260824","importedAt":"2026-09-06T07:39:59.085Z","category":"furniture","kind":"block","area_m2":0.01}},{"type":"Feature","geometry":{"type":"Polygon","coordinates":[[[4.9,3.8000000000000003],[5,3.8000000000000003],[5,3.9000000000000004],[4.9,3.9000000000000004],[4.9,3.8000000000000003]]]},"properties":{"source":"slicemap-v1","room":"office_20260824","importedAt":"2026-09-06T07:39:59.085Z","category":"wall","kind":"block","area_m2":0.01}},{"type":"Feature","geometry":{"type":"Polygon","coordinates":[[[4.95,3.9000000000000004],[5,3.9000000000000004],[5,4],[4.95,4],[4.95,3.9000000000000004]]]},"properties":{"source":"slicemap-v1","room":"office_20260824","importedAt":"2026-09-06T07:39:59.085Z","category":"wall","kind":"block","area_m2":0.005}},{"type":"Feature","geometry":{"type":"Polygon","coordinates":[[[1.25,3.95],[1.35,3.95],[1.35,4],[1.25,4],[1.25,3.95]]]},"properties":{"source":"slicemap-v1","room":"office_20260824","importedAt":"2026-09-06T07:39:59.085Z","category":"furniture","kind":"block","area_m2":0.005}},{"type":"Feature","geometry":{"type":"Polygon","coordinates":[[[4.9,3.95],[4.95,3.95],[4.95,4.05],[4.9,4.05],[4.9,3.95]]]},"properties":{"source":"slicemap-v1","room":"office_20260824","importedAt":"2026-09-06T07:39:59.085Z","category":"furniture","kind":"block","area_m2":0.005}},{"type":"Feature","geometry":{"type":"Polygon","coordinates":[[[1.1500000000000001,4],[1.3,4],[1.3,4.05],[1.1500000000000001,4.05],[1.1500000000000001,4]]]},"properties":{"source":"slicemap-v1","room":"office_20260824","importedAt":"2026-09-06T07:39:59.085Z","category":"furniture","kind":"block","area_m2":0.0075}},{"type":"Feature","geometry":{"type":"Polygon","coordinates":[[[3.0500000000000003,4],[3.1,4],[3.1,4.05],[3.0500000000000003,4.05],[3.0500000000000003,4]]]},"properties":{"source":"slicemap-v1","room":"office_20260824","importedAt":"2026-09-06T07:39:59.085Z","category":"furniture","kind":"block","area_m2":0.0025}},{"type":"Feature","geometry":{"type":"Polygon","coordinates":[[[1.1500000000000001,4.05],[1.2000000000000002,4.05],[1.2000000000000002,4.1000000000000005],[1.1500000000000001,4.1000000000000005],[1.1500000000000001,4.05]]]},"properties":{"source":"slicemap-v1","room":"office_20260824","importedAt":"2026-09-06T07:39:59.085Z","category":"furniture","kind":"block","area_m2":0.0025}},{"type":"Feature","geometry":{"type":"Polygon","coordinates":[[[4.55,4.05],[4.6000000000000005,4.05],[4.6000000000000005,4.1000000000000005],[4.55,4.1000000000000005],[4.55,4.05]]]},"properties":{"source":"slicemap-v1","room":"office_20260824","importedAt":"2026-09-06T07:39:59.085Z","category":"furniture","kind":"block","area_m2":0.0025}},{"type":"Feature","geometry":{"type":"Polygon","coordinates":[[[1.1,4.1000000000000005],[1.1500000000000001,4.1000000000000005],[1.1500000000000001,4.2],[1.1,4.2],[1.1,4.1000000000000005]]]},"properties":{"source":"slicemap-v1","room":"office_20260824","importedAt":"2026-09-06T07:39:59.085Z","category":"wall","kind":"block","area_m2":0.005}},{"type":"Feature","geometry":{"type":"Polygon","coordinates":[[[4.45,4.1000000000000005],[4.6000000000000005,4.1000000000000005],[4.6000000000000005,4.15],[4.45,4.15],[4.45,4.1000000000000005]]]},"properties":{"source":"slicemap-v1","room":"office_20260824","importedAt":"2026-09-06T07:39:59.085Z","category":"furniture","kind":"block","area_m2":0.0075}},{"type":"Feature","geometry":{"type":"Polygon","coordinates":[[[4.4,4.15],[4.45,4.15],[4.45,4.25],[4.4,4.25],[4.4,4.15]]]},"properties":{"source":"slicemap-v1","room":"office_20260824","importedAt":"2026-09-06T07:39:59.085Z","category":"furniture","kind":"block","area_m2":0.005}},{"type":"Feature","geometry":{"type":"Polygon","coordinates":[[[1.1,4.2],[1.2000000000000002,4.2],[1.2000000000000002,4.3],[1.1,4.3],[1.1,4.2]]]},"properties":{"source":"slicemap-v1","room":"office_20260824","importedAt":"2026-09-06T07:39:59.085Z","category":"wall","kind":"block","area_m2":0.01}},{"type":"Feature","geometry":{"type":"Polygon","coordinates":[[[4.3500000000000005,4.25],[4.4,4.25],[4.4,4.3500000000000005],[4.3500000000000005,4.3500000000000005],[4.3500000000000005,4.25]]]},"properties":{"source":"slicemap-v1","room":"office_20260824","importedAt":"2026-09-06T07:39:59.085Z","category":"furniture","kind":"block","area_m2":0.005}},{"type":"Feature","geometry":{"type":"Polygon","coordinates":[[[1.1500000000000001,4.3],[1.2000000000000002,4.3],[1.2000000000000002,4.55],[1.1500000000000001,4.55],[1.1500000000000001,4.3]]]},"properties":{"source":"slicemap-v1","room":"office_20260824","importedAt":"2026-09-06T07:39:59.085Z","category":"wall","kind":"block","area_m2":0.0125}},{"type":"Feature","geometry":{"type":"Polygon","coordinates":[[[3.0500000000000003,4.3],[3.25,4.3],[3.25,4.3500000000000005],[3.0500000000000003,4.3500000000000005],[3.0500000000000003,4.3]]]},"properties":{"source":"slicemap-v1","room":"office_20260824","importedAt":"2026-09-06T07:39:59.085Z","category":"furniture","kind":"block","area_m2":0.01}},{"type":"Feature","geometry":{"type":"Polygon","coordinates":[[[3,4.3500000000000005],[3.3000000000000003,4.3500000000000005],[3.3000000000000003,4.4],[3,4.4],[3,4.3500000000000005]]]},"properties":{"source":"slicemap-v1","room":"office_20260824","importedAt":"2026-09-06T07:39:59.085Z","category":"furniture","kind":"block","area_m2":0.015}},{"type":"Feature","geometry":{"type":"Polygon","coordinates":[[[4.3,4.3500000000000005],[4.3500000000000005,4.3500000000000005],[4.3500000000000005,4.45],[4.3,4.45],[4.3,4.3500000000000005]]]},"properties":{"source":"slicemap-v1","room":"office_20260824","importedAt":"2026-09-06T07:39:59.085Z","category":"furniture","kind":"block","area_m2":0.005}},{"type":"Feature","geometry":{"type":"Polygon","coordinates":[[[3,4.4],[3.1,4.4],[3.1,4.45],[3,4.45],[3,4.4]]]},"properties":{"source":"slicemap-v1","room":"office_20260824","importedAt":"2026-09-06T07:39:59.085Z","category":"furniture","kind":"block","area_m2":0.005}},{"type":"Feature","geometry":{"type":"Polygon","coordinates":[[[3.1500000000000004,4.4],[3.3000000000000003,4.4],[3.3000000000000003,4.45],[3.1500000000000004,4.45],[3.1500000000000004,4.4]]]},"properties":{"source":"slicemap-v1","room":"office_20260824","importedAt":"2026-09-06T07:39:59.085Z","category":"furniture","kind":"block","area_m2":0.0075}},{"type":"Feature","geometry":{"type":"Polygon","coordinates":[[[3.1500000000000004,4.45],[3.25,4.45],[3.25,4.5],[3.1500000000000004,4.5],[3.1500000000000004,4.45]]]},"properties":{"source":"slicemap-v1","room":"office_20260824","importedAt":"2026-09-06T07:39:59.085Z","category":"furniture","kind":"block","area_m2":0.005}},{"type":"Feature","geometry":{"type":"Polygon","coordinates":[[[4.3,4.45],[4.4,4.45],[4.4,4.5],[4.3,4.5],[4.3,4.45]]]},"properties":{"source":"slicemap-v1","room":"office_20260824","importedAt":"2026-09-06T07:39:59.085Z","category":"furniture","kind":"block","area_m2":0.005}},{"type":"Feature","geometry":{"type":"Polygon","coordinates":[[[4.4,4.5],[4.5,4.5],[4.5,4.55],[4.4,4.55],[4.4,4.5]]]},"properties":{"source":"slicemap-v1","room":"office_20260824","importedAt":"2026-09-06T07:39:59.085Z","category":"furniture","kind":"block","area_m2":0.005}},{"type":"Feature","geometry":{"type":"Polygon","coordinates":[[[1.1500000000000001,4.55],[1.25,4.55],[1.25,4.6000000000000005],[1.1500000000000001,4.6000000000000005],[1.1500000000000001,4.55]]]},"properties":{"source":"slicemap-v1","room":"office_20260824","importedAt":"2026-09-06T07:39:59.085Z","category":"wall","kind":"block","area_m2":0.005}},{"type":"Feature","geometry":{"type":"Polygon","coordinates":[[[4.45,4.55],[4.55,4.55],[4.55,4.6000000000000005],[4.45,4.6000000000000005],[4.45,4.55]]]},"properties":{"source":"slicemap-v1","room":"office_20260824","importedAt":"2026-09-06T07:39:59.085Z","category":"furniture","kind":"block","area_m2":0.005}},{"type":"Feature","geometry":{"type":"Polygon","coordinates":[[[1.2000000000000002,4.6000000000000005],[1.25,4.6000000000000005],[1.25,4.95],[1.2000000000000002,4.95],[1.2000000000000002,4.6000000000000005]]]},"properties":{"source":"slicemap-v1","room":"office_20260824","importedAt":"2026-09-06T07:39:59.085Z","category":"wall","kind":"block","area_m2":0.0175}},{"type":"Feature","geometry":{"type":"Polygon","coordinates":[[[4.3500000000000005,4.6000000000000005],[4.55,4.6000000000000005],[4.55,4.65],[4.3500000000000005,4.65],[4.3500000000000005,4.6000000000000005]]]},"properties":{"source":"slicemap-v1","room":"office_20260824","importedAt":"2026-09-06T07:39:59.085Z","category":"furniture","kind":"block","area_m2":0.01}},{"type":"Feature","geometry":{"type":"Polygon","coordinates":[[[5,4.6000000000000005],[5.050000000000001,4.6000000000000005],[5.050000000000001,4.65],[5,4.65],[5,4.6000000000000005]]]},"properties":{"source":"slicemap-v1","room":"office_20260824","importedAt":"2026-09-06T07:39:59.085Z","category":"furniture","kind":"block","area_m2":0.0025}},{"type":"Feature","geometry":{"type":"Polygon","coordinates":[[[4.3500000000000005,4.65],[4.5,4.65],[4.5,4.7],[4.3500000000000005,4.7],[4.3500000000000005,4.65]]]},"properties":{"source":"slicemap-v1","room":"office_20260824","importedAt":"2026-09-06T07:39:59.085Z","category":"furniture","kind":"block","area_m2":0.0075}},{"type":"Feature","geometry":{"type":"Polygon","coordinates":[[[4.05,4.8500000000000005],[4.1000000000000005,4.8500000000000005],[4.1000000000000005,4.9],[4.05,4.9],[4.05,4.8500000000000005]]]},"properties":{"source":"slicemap-v1","room":"office_20260824","importedAt":"2026-09-06T07:39:59.085Z","category":"furniture","kind":"block","area_m2":0.0025}},{"type":"Feature","geometry":{"type":"Polygon","coordinates":[[[1.2000000000000002,4.95],[1.3,4.95],[1.3,5],[1.2000000000000002,5],[1.2000000000000002,4.95]]]},"properties":{"source":"slicemap-v1","room":"office_20260824","importedAt":"2026-09-06T07:39:59.085Z","category":"wall","kind":"block","area_m2":0.005}},{"type":"Feature","geometry":{"type":"Polygon","coordinates":[[[1.25,5],[1.3,5],[1.3,5.300000000000001],[1.25,5.300000000000001],[1.25,5]]]},"properties":{"source":"slicemap-v1","room":"office_20260824","importedAt":"2026-09-06T07:39:59.085Z","category":"wall","kind":"block","area_m2":0.015}},{"type":"Feature","geometry":{"type":"Polygon","coordinates":[[[2.75,5],[2.8000000000000003,5],[2.8000000000000003,5.050000000000001],[2.75,5.050000000000001],[2.75,5]]]},"properties":{"source":"slicemap-v1","room":"office_20260824","importedAt":"2026-09-06T07:39:59.085Z","category":"furniture","kind":"block","area_m2":0.0025}},{"type":"Feature","geometry":{"type":"Polygon","coordinates":[[[2.6500000000000004,5.050000000000001],[2.85,5.050000000000001],[2.85,5.1000000000000005],[2.6500000000000004,5.1000000000000005],[2.6500000000000004,5.050000000000001]]]},"properties":{"source":"slicemap-v1","room":"office_20260824","importedAt":"2026-09-06T07:39:59.085Z","category":"furniture","kind":"block","area_m2":0.01}},{"type":"Feature","geometry":{"type":"Polygon","coordinates":[[[2.6,5.1000000000000005],[2.6500000000000004,5.1000000000000005],[2.6500000000000004,5.5],[2.6,5.5],[2.6,5.1000000000000005]]]},"properties":{"source":"slicemap-v1","room":"office_20260824","importedAt":"2026-09-06T07:39:59.085Z","category":"furniture","kind":"block","area_m2":0.02}},{"type":"Feature","geometry":{"type":"Polygon","coordinates":[[[1.25,5.300000000000001],[1.35,5.300000000000001],[1.35,5.3500000000000005],[1.25,5.3500000000000005],[1.25,5.300000000000001]]]},"properties":{"source":"slicemap-v1","room":"office_20260824","importedAt":"2026-09-06T07:39:59.085Z","category":"wall","kind":"block","area_m2":0.005}},{"type":"Feature","geometry":{"type":"Polygon","coordinates":[[[1.3,5.3500000000000005],[1.35,5.3500000000000005],[1.35,5.6000000000000005],[1.3,5.6000000000000005],[1.3,5.3500000000000005]]]},"properties":{"source":"slicemap-v1","room":"office_20260824","importedAt":"2026-09-06T07:39:59.085Z","category":"wall","kind":"block","area_m2":0.0125}},{"type":"Feature","geometry":{"type":"Polygon","coordinates":[[[2.6,5.5],[2.7,5.5],[2.7,5.6000000000000005],[2.6,5.6000000000000005],[2.6,5.5]]]},"properties":{"source":"slicemap-v1","room":"office_20260824","importedAt":"2026-09-06T07:39:59.085Z","category":"furniture","kind":"block","area_m2":0.01}},{"type":"Feature","geometry":{"type":"Polygon","coordinates":[[[1.3,5.6000000000000005],[1.4000000000000001,5.6000000000000005],[1.4000000000000001,5.65],[1.3,5.65],[1.3,5.6000000000000005]]]},"properties":{"source":"slicemap-v1","room":"office_20260824","importedAt":"2026-09-06T07:39:59.085Z","category":"wall","kind":"block","area_m2":0.005}},{"type":"Feature","geometry":{"type":"Polygon","coordinates":[[[2.6500000000000004,5.6000000000000005],[2.7,5.6000000000000005],[2.7,5.800000000000001],[2.6500000000000004,5.800000000000001],[2.6500000000000004,5.6000000000000005]]]},"properties":{"source":"slicemap-v1","room":"office_20260824","importedAt":"2026-09-06T07:39:59.085Z","category":"furniture","kind":"block","area_m2":0.01}},{"type":"Feature","geometry":{"type":"Polygon","coordinates":[[[1.35,5.65],[1.4000000000000001,5.65],[1.4000000000000001,5.9],[1.35,5.9],[1.35,5.65]]]},"properties":{"source":"slicemap-v1","room":"office_20260824","importedAt":"2026-09-06T07:39:59.085Z","category":"wall","kind":"block","area_m2":0.0125}},{"type":"Feature","geometry":{"type":"Polygon","coordinates":[[[2.85,5.75],[3,5.75],[3,5.800000000000001],[2.85,5.800000000000001],[2.85,5.75]]]},"properties":{"source":"slicemap-v1","room":"office_20260824","importedAt":"2026-09-06T07:39:59.085Z","category":"furniture","kind":"block","area_m2":0.0075}},{"type":"Feature","geometry":{"type":"Polygon","coordinates":[[[3.2,5.75],[3.3000000000000003,5.75],[3.3000000000000003,5.800000000000001],[3.2,5.800000000000001],[3.2,5.75]]]},"properties":{"source":"slicemap-v1","room":"office_20260824","importedAt":"2026-09-06T07:39:59.085Z","category":"furniture","kind":"block","area_m2":0.005}},{"type":"Feature","geometry":{"type":"Polygon","coordinates":[[[2.6500000000000004,5.800000000000001],[2.85,5.800000000000001],[2.85,5.8500000000000005],[2.6500000000000004,5.8500000000000005],[2.6500000000000004,5.800000000000001]]]},"properties":{"source":"slicemap-v1","room":"office_20260824","importedAt":"2026-09-06T07:39:59.085Z","category":"furniture","kind":"block","area_m2":0.01}},{"type":"Feature","geometry":{"type":"Polygon","coordinates":[[[2.95,5.800000000000001],[3.0500000000000003,5.800000000000001],[3.0500000000000003,5.8500000000000005],[2.95,5.8500000000000005],[2.95,5.800000000000001]]]},"properties":{"source":"slicemap-v1","room":"office_20260824","importedAt":"2026-09-06T07:39:59.085Z","category":"furniture","kind":"block","area_m2":0.005}},{"type":"Feature","geometry":{"type":"Polygon","coordinates":[[[3.1500000000000004,5.800000000000001],[3.35,5.800000000000001],[3.35,5.8500000000000005],[3.1500000000000004,5.8500000000000005],[3.1500000000000004,5.800000000000001]]]},"properties":{"source":"slicemap-v1","room":"office_20260824","importedAt":"2026-09-06T07:39:59.085Z","category":"furniture","kind":"block","area_m2":0.01}},{"type":"Feature","geometry":{"type":"Polygon","coordinates":[[[2.6500000000000004,5.8500000000000005],[2.75,5.8500000000000005],[2.75,5.9],[2.6500000000000004,5.9],[2.6500000000000004,5.8500000000000005]]]},"properties":{"source":"slicemap-v1","room":"office_20260824","importedAt":"2026-09-06T07:39:59.085Z","category":"furniture","kind":"block","area_m2":0.005}},{"type":"Feature","geometry":{"type":"Polygon","coordinates":[[[2.9000000000000004,5.8500000000000005],[3.0500000000000003,5.8500000000000005],[3.0500000000000003,5.9],[2.9000000000000004,5.9],[2.9000000000000004,5.8500000000000005]]]},"properties":{"source":"slicemap-v1","room":"office_20260824","importedAt":"2026-09-06T07:39:59.085Z","category":"furniture","kind":"block","area_m2":0.0075}},{"type":"Feature","geometry":{"type":"Polygon","coordinates":[[[3.2,5.8500000000000005],[3.4000000000000004,5.8500000000000005],[3.4000000000000004,5.9],[3.2,5.9],[3.2,5.8500000000000005]]]},"properties":{"source":"slicemap-v1","room":"office_20260824","importedAt":"2026-09-06T07:39:59.085Z","category":"furniture","kind":"block","area_m2":0.01}},{"type":"Feature","geometry":{"type":"Polygon","coordinates":[[[1.35,5.9],[1.4500000000000002,5.9],[1.4500000000000002,6.050000000000001],[1.35,6.050000000000001],[1.35,5.9]]]},"properties":{"source":"slicemap-v1","room":"office_20260824","importedAt":"2026-09-06T07:39:59.085Z","category":"wall","kind":"block","area_m2":0.015}},{"type":"Feature","geometry":{"type":"Polygon","coordinates":[[[3.1500000000000004,5.9],[3.45,5.9],[3.45,5.95],[3.1500000000000004,5.95],[3.1500000000000004,5.9]]]},"properties":{"source":"slicemap-v1","room":"office_20260824","importedAt":"2026-09-06T07:39:59.085Z","category":"furniture","kind":"block","area_m2":0.015}},{"type":"Feature","geometry":{"type":"Polygon","coordinates":[[[3.1500000000000004,5.95],[3.4000000000000004,5.95],[3.4000000000000004,6],[3.1500000000000004,6],[3.1500000000000004,5.95]]]},"properties":{"source":"slicemap-v1","room":"office_20260824","importedAt":"2026-09-06T07:39:59.085Z","category":"furniture","kind":"block","area_m2":0.0125}},{"type":"Feature","geometry":{"type":"Polygon","coordinates":[[[3.1,6],[3.25,6],[3.25,6.050000000000001],[3.1,6.050000000000001],[3.1,6]]]},"properties":{"source":"slicemap-v1","room":"office_20260824","importedAt":"2026-09-06T07:39:59.085Z","category":"furniture","kind":"block","area_m2":0.0075}},{"type":"Feature","geometry":{"type":"Polygon","coordinates":[[[3.3000000000000003,6],[3.4000000000000004,6],[3.4000000000000004,6.050000000000001],[3.3000000000000003,6.050000000000001],[3.3000000000000003,6]]]},"properties":{"source":"slicemap-v1","room":"office_20260824","importedAt":"2026-09-06T07:39:59.085Z","category":"furniture","kind":"block","area_m2":0.005}},{"type":"Feature","geometry":{"type":"Polygon","coordinates":[[[1.4000000000000001,6.050000000000001],[1.4500000000000002,6.050000000000001],[1.4500000000000002,6.300000000000001],[1.4000000000000001,6.300000000000001],[1.4000000000000001,6.050000000000001]]]},"properties":{"source":"slicemap-v1","room":"office_20260824","importedAt":"2026-09-06T07:39:59.085Z","category":"wall","kind":"block","area_m2":0.0125}},{"type":"Feature","geometry":{"type":"Polygon","coordinates":[[[3.1,6.050000000000001],[3.1500000000000004,6.050000000000001],[3.1500000000000004,6.1000000000000005],[3.1,6.1000000000000005],[3.1,6.050000000000001]]]},"properties":{"source":"slicemap-v1","room":"office_20260824","importedAt":"2026-09-06T07:39:59.085Z","category":"furniture","kind":"block","area_m2":0.0025}},{"type":"Feature","geometry":{"type":"Polygon","coordinates":[[[3.3000000000000003,6.050000000000001],[3.45,6.050000000000001],[3.45,6.1000000000000005],[3.3000000000000003,6.1000000000000005],[3.3000000000000003,6.050000000000001]]]},"properties":{"source":"slicemap-v1","room":"office_20260824","importedAt":"2026-09-06T07:39:59.085Z","category":"furniture","kind":"block","area_m2":0.0075}},{"type":"Feature","geometry":{"type":"Polygon","coordinates":[[[3.0500000000000003,6.1000000000000005],[3.1500000000000004,6.1000000000000005],[3.1500000000000004,6.15],[3.0500000000000003,6.15],[3.0500000000000003,6.1000000000000005]]]},"properties":{"source":"slicemap-v1","room":"office_20260824","importedAt":"2026-09-06T07:39:59.085Z","category":"furniture","kind":"block","area_m2":0.005}},{"type":"Feature","geometry":{"type":"Polygon","coordinates":[[[3.35,6.1000000000000005],[3.4000000000000004,6.1000000000000005],[3.4000000000000004,6.15],[3.35,6.15],[3.35,6.1000000000000005]]]},"properties":{"source":"slicemap-v1","room":"office_20260824","importedAt":"2026-09-06T07:39:59.085Z","category":"furniture","kind":"block","area_m2":0.0025}},{"type":"Feature","geometry":{"type":"Polygon","coordinates":[[[3.3000000000000003,6.15],[3.4000000000000004,6.15],[3.4000000000000004,6.2],[3.3000000000000003,6.2],[3.3000000000000003,6.15]]]},"properties":{"source":"slicemap-v1","room":"office_20260824","importedAt":"2026-09-06T07:39:59.085Z","category":"furniture","kind":"block","area_m2":0.005}},{"type":"Feature","geometry":{"type":"Polygon","coordinates":[[[4.8500000000000005,6.15],[4.9,6.15],[4.9,6.2],[4.8500000000000005,6.2],[4.8500000000000005,6.15]]]},"properties":{"source":"slicemap-v1","room":"office_20260824","importedAt":"2026-09-06T07:39:59.085Z","category":"furniture","kind":"block","area_m2":0.0025}},{"type":"Feature","geometry":{"type":"Polygon","coordinates":[[[3.35,6.2],[3.45,6.2],[3.45,6.25],[3.35,6.25],[3.35,6.2]]]},"properties":{"source":"slicemap-v1","room":"office_20260824","importedAt":"2026-09-06T07:39:59.085Z","category":"furniture","kind":"block","area_m2":0.005}},{"type":"Feature","geometry":{"type":"Polygon","coordinates":[[[3.35,6.25],[3.4000000000000004,6.25],[3.4000000000000004,6.300000000000001],[3.35,6.300000000000001],[3.35,6.25]]]},"properties":{"source":"slicemap-v1","room":"office_20260824","importedAt":"2026-09-06T07:39:59.085Z","category":"furniture","kind":"block","area_m2":0.0025}},{"type":"Feature","geometry":{"type":"Polygon","coordinates":[[[1.4000000000000001,6.300000000000001],[1.5,6.300000000000001],[1.5,6.3500000000000005],[1.4000000000000001,6.3500000000000005],[1.4000000000000001,6.300000000000001]]]},"properties":{"source":"slicemap-v1","room":"office_20260824","importedAt":"2026-09-06T07:39:59.085Z","category":"wall","kind":"block","area_m2":0.005}},{"type":"Feature","geometry":{"type":"Polygon","coordinates":[[[1.4500000000000002,6.3500000000000005],[1.5,6.3500000000000005],[1.5,6.65],[1.4500000000000002,6.65],[1.4500000000000002,6.3500000000000005]]]},"properties":{"source":"slicemap-v1","room":"office_20260824","importedAt":"2026-09-06T07:39:59.085Z","category":"wall","kind":"block","area_m2":0.015}},{"type":"Feature","geometry":{"type":"Polygon","coordinates":[[[2.95,6.3500000000000005],[3,6.3500000000000005],[3,6.45],[2.95,6.45],[2.95,6.3500000000000005]]]},"properties":{"source":"slicemap-v1","room":"office_20260824","importedAt":"2026-09-06T07:39:59.085Z","category":"furniture","kind":"block","area_m2":0.005}},{"type":"Feature","geometry":{"type":"Polygon","coordinates":[[[2.8000000000000003,6.45],[2.85,6.45],[2.85,6.5],[2.8000000000000003,6.5],[2.8000000000000003,6.45]]]},"properties":{"source":"slicemap-v1","room":"office_20260824","importedAt":"2026-09-06T07:39:59.085Z","category":"furniture","kind":"block","area_m2":0.0025}},{"type":"Feature","geometry":{"type":"Polygon","coordinates":[[[5.2,6.45],[5.25,6.45],[5.25,6.5],[5.2,6.5],[5.2,6.45]]]},"properties":{"source":"slicemap-v1","room":"office_20260824","importedAt":"2026-09-06T07:39:59.085Z","category":"furniture","kind":"block","area_m2":0.0025}},{"type":"Feature","geometry":{"type":"Polygon","coordinates":[[[2.85,6.5],[3,6.5],[3,6.6000000000000005],[2.85,6.6000000000000005],[2.85,6.5]]]},"properties":{"source":"slicemap-v1","room":"office_20260824","importedAt":"2026-09-06T07:39:59.085Z","category":"furniture","kind":"block","area_m2":0.015}},{"type":"Feature","geometry":{"type":"Polygon","coordinates":[[[3.5,6.5],[3.5500000000000003,6.5],[3.5500000000000003,6.6000000000000005],[3.5,6.6000000000000005],[3.5,6.5]]]},"properties":{"source":"slicemap-v1","room":"office_20260824","importedAt":"2026-09-06T07:39:59.085Z","category":"furniture","kind":"block","area_m2":0.005}},{"type":"Feature","geometry":{"type":"Polygon","coordinates":[[[5.1000000000000005,6.5],[5.2,6.5],[5.2,6.550000000000001],[5.1000000000000005,6.550000000000001],[5.1000000000000005,6.5]]]},"properties":{"source":"slicemap-v1","room":"office_20260824","importedAt":"2026-09-06T07:39:59.085Z","category":"furniture","kind":"block","area_m2":0.005}},{"type":"Feature","geometry":{"type":"Polygon","coordinates":[[[3.35,6.550000000000001],[3.45,6.550000000000001],[3.45,6.65],[3.35,6.65],[3.35,6.550000000000001]]]},"properties":{"source":"slicemap-v1","room":"office_20260824","importedAt":"2026-09-06T07:39:59.085Z","category":"furniture","kind":"block","area_m2":0.01}},{"type":"Feature","geometry":{"type":"Polygon","coordinates":[[[5.050000000000001,6.550000000000001],[5.2,6.550000000000001],[5.2,6.6000000000000005],[5.050000000000001,6.6000000000000005],[5.050000000000001,6.550000000000001]]]},"properties":{"source":"slicemap-v1","room":"office_20260824","importedAt":"2026-09-06T07:39:59.085Z","category":"furniture","kind":"block","area_m2":0.0075}},{"type":"Feature","geometry":{"type":"Polygon","coordinates":[[[2.7,6.6000000000000005],[2.9000000000000004,6.6000000000000005],[2.9000000000000004,6.65],[2.7,6.65],[2.7,6.6000000000000005]]]},"properties":{"source":"slicemap-v1","room":"office_20260824","importedAt":"2026-09-06T07:39:59.085Z","category":"furniture","kind":"block","area_m2":0.01}},{"type":"Feature","geometry":{"type":"Polygon","coordinates":[[[3.5,6.6000000000000005],[3.6,6.6000000000000005],[3.6,6.65],[3.5,6.65],[3.5,6.6000000000000005]]]},"properties":{"source":"slicemap-v1","room":"office_20260824","importedAt":"2026-09-06T07:39:59.085Z","category":"furniture","kind":"block","area_m2":0.005}},{"type":"Feature","geometry":{"type":"Polygon","coordinates":[[[5.1000000000000005,6.6000000000000005],[5.15,6.6000000000000005],[5.15,6.65],[5.1000000000000005,6.65],[5.1000000000000005,6.6000000000000005]]]},"properties":{"source":"slicemap-v1","room":"office_20260824","importedAt":"2026-09-06T07:39:59.085Z","category":"furniture","kind":"block","area_m2":0.0025}},{"type":"Feature","geometry":{"type":"Polygon","coordinates":[[[1.5,6.65],[1.55,6.65],[1.55,6.95],[1.5,6.95],[1.5,6.65]]]},"properties":{"source":"slicemap-v1","room":"office_20260824","importedAt":"2026-09-06T07:39:59.085Z","category":"wall","kind":"block","area_m2":0.015}},{"type":"Feature","geometry":{"type":"Polygon","coordinates":[[[2.7,6.65],[2.8000000000000003,6.65],[2.8000000000000003,6.75],[2.7,6.75],[2.7,6.65]]]},"properties":{"source":"slicemap-v1","room":"office_20260824","importedAt":"2026-09-06T07:39:59.085Z","category":"furniture","kind":"block","area_m2":0.01}},{"type":"Feature","geometry":{"type":"Polygon","coordinates":[[[3.3000000000000003,6.65],[3.4000000000000004,6.65],[3.4000000000000004,6.7],[3.3000000000000003,6.7],[3.3000000000000003,6.65]]]},"properties":{"source":"slicemap-v1","room":"office_20260824","importedAt":"2026-09-06T07:39:59.085Z","category":"furniture","kind":"block","area_m2":0.005}},{"type":"Feature","geometry":{"type":"Polygon","coordinates":[[[4.4,6.65],[4.45,6.65],[4.45,6.7],[4.4,6.7],[4.4,6.65]]]},"properties":{"source":"slicemap-v1","room":"office_20260824","importedAt":"2026-09-06T07:39:59.085Z","category":"furniture","kind":"block","area_m2":0.0025}},{"type":"Feature","geometry":{"type":"Polygon","coordinates":[[[4.8500000000000005,6.65],[4.9,6.65],[4.9,6.7],[4.8500000000000005,6.7],[4.8500000000000005,6.65]]]},"properties":{"source":"slicemap-v1","room":"office_20260824","importedAt":"2026-09-06T07:39:59.085Z","category":"furniture","kind":"block","area_m2":0.0025}},{"type":"Feature","geometry":{"type":"Polygon","coordinates":[[[5.1000000000000005,6.65],[5.2,6.65],[5.2,6.7],[5.1000000000000005,6.7],[5.1000000000000005,6.65]]]},"properties":{"source":"slicemap-v1","room":"office_20260824","importedAt":"2026-09-06T07:39:59.085Z","category":"furniture","kind":"block","area_m2":0.005}},{"type":"Feature","geometry":{"type":"Polygon","coordinates":[[[3.3000000000000003,6.7],[3.35,6.7],[3.35,6.75],[3.3000000000000003,6.75],[3.3000000000000003,6.7]]]},"properties":{"source":"slicemap-v1","room":"office_20260824","importedAt":"2026-09-06T07:39:59.085Z","category":"furniture","kind":"block","area_m2":0.0025}},{"type":"Feature","geometry":{"type":"Polygon","coordinates":[[[4.55,6.7],[4.6000000000000005,6.7],[4.6000000000000005,6.75],[4.55,6.75],[4.55,6.7]]]},"properties":{"source":"slicemap-v1","room":"office_20260824","importedAt":"2026-09-06T07:39:59.085Z","category":"furniture","kind":"block","area_m2":0.0025}},{"type":"Feature","geometry":{"type":"Polygon","coordinates":[[[4.800000000000001,6.7],[4.9,6.7],[4.9,6.75],[4.800000000000001,6.75],[4.800000000000001,6.7]]]},"properties":{"source":"slicemap-v1","room":"office_20260824","importedAt":"2026-09-06T07:39:59.085Z","category":"furniture","kind":"block","area_m2":0.005}},{"type":"Feature","geometry":{"type":"Polygon","coordinates":[[[5.1000000000000005,6.7],[5.15,6.7],[5.15,6.75],[5.1000000000000005,6.75],[5.1000000000000005,6.7]]]},"properties":{"source":"slicemap-v1","room":"office_20260824","importedAt":"2026-09-06T07:39:59.085Z","category":"furniture","kind":"block","area_m2":0.0025}},{"type":"Feature","geometry":{"type":"Polygon","coordinates":[[[2.7,6.75],[2.75,6.75],[2.75,6.800000000000001],[2.7,6.800000000000001],[2.7,6.75]]]},"properties":{"source":"slicemap-v1","room":"office_20260824","importedAt":"2026-09-06T07:39:59.085Z","category":"furniture","kind":"block","area_m2":0.0025}},{"type":"Feature","geometry":{"type":"Polygon","coordinates":[[[4.45,6.75],[4.55,6.75],[4.55,6.800000000000001],[4.45,6.800000000000001],[4.45,6.75]]]},"properties":{"source":"slicemap-v1","room":"office_20260824","importedAt":"2026-09-06T07:39:59.085Z","category":"furniture","kind":"block","area_m2":0.005}},{"type":"Feature","geometry":{"type":"Polygon","coordinates":[[[4.6000000000000005,6.75],[4.65,6.75],[4.65,6.8500000000000005],[4.6000000000000005,6.8500000000000005],[4.6000000000000005,6.75]]]},"properties":{"source":"slicemap-v1","room":"office_20260824","importedAt":"2026-09-06T07:39:59.085Z","category":"furniture","kind":"block","area_m2":0.005}},{"type":"Feature","geometry":{"type":"Polygon","coordinates":[[[5.800000000000001,6.75],[5.8500000000000005,6.75],[5.8500000000000005,6.8500000000000005],[5.800000000000001,6.8500000000000005],[5.800000000000001,6.75]]]},"properties":{"source":"slicemap-v1","room":"office_20260824","importedAt":"2026-09-06T07:39:59.085Z","category":"furniture","kind":"block","area_m2":0.005}},{"type":"Feature","geometry":{"type":"Polygon","coordinates":[[[4,6.800000000000001],[4.05,6.800000000000001],[4.05,6.8500000000000005],[4,6.8500000000000005],[4,6.800000000000001]]]},"properties":{"source":"slicemap-v1","room":"office_20260824","importedAt":"2026-09-06T07:39:59.085Z","category":"furniture","kind":"block","area_m2":0.0025}},{"type":"Feature","geometry":{"type":"Polygon","coordinates":[[[4.7,6.800000000000001],[4.800000000000001,6.800000000000001],[4.800000000000001,6.8500000000000005],[4.7,6.8500000000000005],[4.7,6.800000000000001]]]},"properties":{"source":"slicemap-v1","room":"office_20260824","importedAt":"2026-09-06T07:39:59.085Z","category":"furniture","kind":"block","area_m2":0.005}},{"type":"Feature","geometry":{"type":"Polygon","coordinates":[[[5.050000000000001,6.800000000000001],[5.1000000000000005,6.800000000000001],[5.1000000000000005,6.8500000000000005],[5.050000000000001,6.8500000000000005],[5.050000000000001,6.800000000000001]]]},"properties":{"source":"slicemap-v1","room":"office_20260824","importedAt":"2026-09-06T07:39:59.085Z","category":"furniture","kind":"block","area_m2":0.0025}},{"type":"Feature","geometry":{"type":"Polygon","coordinates":[[[3.3000000000000003,6.8500000000000005],[3.35,6.8500000000000005],[3.35,6.95],[3.3000000000000003,6.95],[3.3000000000000003,6.8500000000000005]]]},"properties":{"source":"slicemap-v1","room":"office_20260824","importedAt":"2026-09-06T07:39:59.085Z","category":"furniture","kind":"block","area_m2":0.005}},{"type":"Feature","geometry":{"type":"Polygon","coordinates":[[[3.7,6.8500000000000005],[3.75,6.8500000000000005],[3.75,6.9],[3.7,6.9],[3.7,6.8500000000000005]]]},"properties":{"source":"slicemap-v1","room":"office_20260824","importedAt":"2026-09-06T07:39:59.085Z","category":"furniture","kind":"block","area_m2":0.0025}},{"type":"Feature","geometry":{"type":"Polygon","coordinates":[[[3.95,6.8500000000000005],[4.05,6.8500000000000005],[4.05,6.9],[3.95,6.9],[3.95,6.8500000000000005]]]},"properties":{"source":"slicemap-v1","room":"office_20260824","importedAt":"2026-09-06T07:39:59.085Z","category":"furniture","kind":"block","area_m2":0.005}},{"type":"Feature","geometry":{"type":"Polygon","coordinates":[[[4.6000000000000005,6.8500000000000005],[4.8500000000000005,6.8500000000000005],[4.8500000000000005,6.9],[4.6000000000000005,6.9],[4.6000000000000005,6.8500000000000005]]]},"properties":{"source":"slicemap-v1","room":"office_20260824","importedAt":"2026-09-06T07:39:59.085Z","category":"furniture","kind":"block","area_m2":0.0125}},{"type":"Feature","geometry":{"type":"Polygon","coordinates":[[[5.050000000000001,6.8500000000000005],[5.15,6.8500000000000005],[5.15,6.9],[5.050000000000001,6.9],[5.050000000000001,6.8500000000000005]]]},"properties":{"source":"slicemap-v1","room":"office_20260824","importedAt":"2026-09-06T07:39:59.085Z","category":"furniture","kind":"block","area_m2":0.005}},{"type":"Feature","geometry":{"type":"Polygon","coordinates":[[[5.800000000000001,6.8500000000000005],[5.9,6.8500000000000005],[5.9,6.9],[5.800000000000001,6.9],[5.800000000000001,6.8500000000000005]]]},"properties":{"source":"slicemap-v1","room":"office_20260824","importedAt":"2026-09-06T07:39:59.085Z","category":"furniture","kind":"block","area_m2":0.005}},{"type":"Feature","geometry":{"type":"Polygon","coordinates":[[[3.6500000000000004,6.9],[3.75,6.9],[3.75,6.95],[3.6500000000000004,6.95],[3.6500000000000004,6.9]]]},"properties":{"source":"slicemap-v1","room":"office_20260824","importedAt":"2026-09-06T07:39:59.085Z","category":"furniture","kind":"block","area_m2":0.005}},{"type":"Feature","geometry":{"type":"Polygon","coordinates":[[[4,6.9],[4.1000000000000005,6.9],[4.1000000000000005,6.95],[4,6.95],[4,6.9]]]},"properties":{"source":"slicemap-v1","room":"office_20260824","importedAt":"2026-09-06T07:39:59.085Z","category":"furniture","kind":"block","area_m2":0.005}},{"type":"Feature","geometry":{"type":"Polygon","coordinates":[[[4.5,6.9],[4.55,6.9],[4.55,6.95],[4.5,6.95],[4.5,6.9]]]},"properties":{"source":"slicemap-v1","room":"office_20260824","importedAt":"2026-09-06T07:39:59.085Z","category":"furniture","kind":"block","area_m2":0.0025}},{"type":"Feature","geometry":{"type":"Polygon","coordinates":[[[4.6000000000000005,6.9],[4.7,6.9],[4.7,6.95],[4.6000000000000005,6.95],[4.6000000000000005,6.9]]]},"properties":{"source":"slicemap-v1","room":"office_20260824","importedAt":"2026-09-06T07:39:59.085Z","category":"furniture","kind":"block","area_m2":0.005}},{"type":"Feature","geometry":{"type":"Polygon","coordinates":[[[4.75,6.9],[4.8500000000000005,6.9],[4.8500000000000005,6.95],[4.75,6.95],[4.75,6.9]]]},"properties":{"source":"slicemap-v1","room":"office_20260824","importedAt":"2026-09-06T07:39:59.085Z","category":"furniture","kind":"block","area_m2":0.005}},{"type":"Feature","geometry":{"type":"Polygon","coordinates":[[[5.1000000000000005,6.9],[5.15,6.9],[5.15,6.95],[5.1000000000000005,6.95],[5.1000000000000005,6.9]]]},"properties":{"source":"slicemap-v1","room":"office_20260824","importedAt":"2026-09-06T07:39:59.085Z","category":"furniture","kind":"block","area_m2":0.0025}},{"type":"Feature","geometry":{"type":"Polygon","coordinates":[[[5.800000000000001,6.9],[5.8500000000000005,6.9],[5.8500000000000005,7.050000000000001],[5.800000000000001,7.050000000000001],[5.800000000000001,6.9]]]},"properties":{"source":"slicemap-v1","room":"office_20260824","importedAt":"2026-09-06T07:39:59.085Z","category":"wall","kind":"block","area_m2":0.0075}},{"type":"Feature","geometry":{"type":"Polygon","coordinates":[[[5.9,6.9],[5.95,6.9],[5.95,6.95],[5.9,6.95],[5.9,6.9]]]},"properties":{"source":"slicemap-v1","room":"office_20260824","importedAt":"2026-09-06T07:39:59.085Z","category":"furniture","kind":"block","area_m2":0.0025}},{"type":"Feature","geometry":{"type":"Polygon","coordinates":[[[1.5,6.95],[1.6,6.95],[1.6,7],[1.5,7],[1.5,6.95]]]},"properties":{"source":"slicemap-v1","room":"office_20260824","importedAt":"2026-09-06T07:39:59.085Z","category":"wall","kind":"block","area_m2":0.005}},{"type":"Feature","geometry":{"type":"Polygon","coordinates":[[[3.1500000000000004,6.95],[3.35,6.95],[3.35,7],[3.1500000000000004,7],[3.1500000000000004,6.95]]]},"properties":{"source":"slicemap-v1","room":"office_20260824","importedAt":"2026-09-06T07:39:59.085Z","category":"furniture","kind":"block","area_m2":0.01}},{"type":"Feature","geometry":{"type":"Polygon","coordinates":[[[3.6,6.95],[3.7,6.95],[3.7,7],[3.6,7],[3.6,6.95]]]},"properties":{"source":"slicemap-v1","room":"office_20260824","importedAt":"2026-09-06T07:39:59.085Z","category":"furniture","kind":"block","area_m2":0.005}},{"type":"Feature","geometry":{"type":"Polygon","coordinates":[[[4.05,6.95],[4.2,6.95],[4.2,7],[4.05,7],[4.05,6.95]]]},"properties":{"source":"slicemap-v1","room":"office_20260824","importedAt":"2026-09-06T07:39:59.085Z","category":"furniture","kind":"block","area_m2":0.0075}},{"type":"Feature","geometry":{"type":"Polygon","coordinates":[[[4.6000000000000005,6.95],[4.65,6.95],[4.65,7],[4.6000000000000005,7],[4.6000000000000005,6.95]]]},"properties":{"source":"slicemap-v1","room":"office_20260824","importedAt":"2026-09-06T07:39:59.085Z","category":"furniture","kind":"block","area_m2":0.0025}},{"type":"Feature","geometry":{"type":"Polygon","coordinates":[[[4.800000000000001,6.95],[4.8500000000000005,6.95],[4.8500000000000005,7.050000000000001],[4.800000000000001,7.050000000000001],[4.800000000000001,6.95]]]},"properties":{"source":"slicemap-v1","room":"office_20260824","importedAt":"2026-09-06T07:39:59.085Z","category":"furniture","kind":"block","area_m2":0.005}},{"type":"Feature","geometry":{"type":"Polygon","coordinates":[[[5.95,6.95],[6,6.95],[6,7],[5.95,7],[5.95,6.95]]]},"properties":{"source":"slicemap-v1","room":"office_20260824","importedAt":"2026-09-06T07:39:59.085Z","category":"furniture","kind":"block","area_m2":0.0025}},{"type":"Feature","geometry":{"type":"Polygon","coordinates":[[[1.55,7],[1.6,7],[1.6,7.300000000000001],[1.55,7.300000000000001],[1.55,7]]]},"properties":{"source":"slicemap-v1","room":"office_20260824","importedAt":"2026-09-06T07:39:59.085Z","category":"wall","kind":"block","area_m2":0.015}},{"type":"Feature","geometry":{"type":"Polygon","coordinates":[[[3.2,7],[3.3000000000000003,7],[3.3000000000000003,7.050000000000001],[3.2,7.050000000000001],[3.2,7]]]},"properties":{"source":"slicemap-v1","room":"office_20260824","importedAt":"2026-09-06T07:39:59.085Z","category":"furniture","kind":"block","area_m2":0.005}},{"type":"Feature","geometry":{"type":"Polygon","coordinates":[[[3.6,7],[3.75,7],[3.75,7.050000000000001],[3.6,7.050000000000001],[3.6,7]]]},"properties":{"source":"slicemap-v1","room":"office_20260824","importedAt":"2026-09-06T07:39:59.085Z","category":"furniture","kind":"block","area_m2":0.0075}},{"type":"Feature","geometry":{"type":"Polygon","coordinates":[[[4.1000000000000005,7],[4.3,7],[4.3,7.050000000000001],[4.1000000000000005,7.050000000000001],[4.1000000000000005,7]]]},"properties":{"source":"slicemap-v1","room":"office_20260824","importedAt":"2026-09-06T07:39:59.085Z","category":"furniture","kind":"block","area_m2":0.01}},{"type":"Feature","geometry":{"type":"Polygon","coordinates":[[[3.6,7.050000000000001],[3.7,7.050000000000001],[3.7,7.15],[3.6,7.15],[3.6,7.050000000000001]]]},"properties":{"source":"slicemap-v1","room":"office_20260824","importedAt":"2026-09-06T07:39:59.085Z","category":"furniture","kind":"block","area_m2":0.01}},{"type":"Feature","geometry":{"type":"Polygon","coordinates":[[[4.15,7.050000000000001],[4.3,7.050000000000001],[4.3,7.1000000000000005],[4.15,7.1000000000000005],[4.15,7.050000000000001]]]},"properties":{"source":"slicemap-v1","room":"office_20260824","importedAt":"2026-09-06T07:39:59.085Z","category":"furniture","kind":"block","area_m2":0.0075}},{"type":"Feature","geometry":{"type":"Polygon","coordinates":[[[5.800000000000001,7.050000000000001],[5.9,7.050000000000001],[5.9,7.1000000000000005],[5.800000000000001,7.1000000000000005],[5.800000000000001,7.050000000000001]]]},"properties":{"source":"slicemap-v1","room":"office_20260824","importedAt":"2026-09-06T07:39:59.085Z","category":"furniture","kind":"block","area_m2":0.005}},{"type":"Feature","geometry":{"type":"Polygon","coordinates":[[[3.1,7.1000000000000005],[3.2,7.1000000000000005],[3.2,7.2],[3.1,7.2],[3.1,7.1000000000000005]]]},"properties":{"source":"slicemap-v1","room":"office_20260824","importedAt":"2026-09-06T07:39:59.085Z","category":"furniture","kind":"block","area_m2":0.01}},{"type":"Feature","geometry":{"type":"Polygon","coordinates":[[[4.25,7.1000000000000005],[4.3,7.1000000000000005],[4.3,7.15],[4.25,7.15],[4.25,7.1000000000000005]]]},"properties":{"source":"slicemap-v1","room":"office_20260824","importedAt":"2026-09-06T07:39:59.085Z","category":"furniture","kind":"block","area_m2":0.0025}},{"type":"Feature","geometry":{"type":"Polygon","coordinates":[[[5.8500000000000005,7.1000000000000005],[6,7.1000000000000005],[6,7.15],[5.8500000000000005,7.15],[5.8500000000000005,7.1000000000000005]]]},"properties":{"source":"slicemap-v1","room":"office_20260824","importedAt":"2026-09-06T07:39:59.085Z","category":"furniture","kind":"block","area_m2":0.0075}},{"type":"Feature","geometry":{"type":"Polygon","coordinates":[[[6.2,7.1000000000000005],[6.300000000000001,7.1000000000000005],[6.300000000000001,7.15],[6.2,7.15],[6.2,7.1000000000000005]]]},"properties":{"source":"slicemap-v1","room":"office_20260824","importedAt":"2026-09-06T07:39:59.085Z","category":"furniture","kind":"block","area_m2":0.005}},{"type":"Feature","geometry":{"type":"Polygon","coordinates":[[[5.95,7.15],[6.2,7.15],[6.2,7.2],[5.95,7.2],[5.95,7.15]]]},"properties":{"source":"slicemap-v1","room":"office_20260824","importedAt":"2026-09-06T07:39:59.085Z","category":"furniture","kind":"block","area_m2":0.0125}},{"type":"Feature","geometry":{"type":"Polygon","coordinates":[[[6.25,7.15],[6.3500000000000005,7.15],[6.3500000000000005,7.2],[6.25,7.2],[6.25,7.15]]]},"properties":{"source":"slicemap-v1","room":"office_20260824","importedAt":"2026-09-06T07:39:59.085Z","category":"furniture","kind":"block","area_m2":0.005}},{"type":"Feature","geometry":{"type":"Polygon","coordinates":[[[6.25,7.2],[6.300000000000001,7.2],[6.300000000000001,7.300000000000001],[6.25,7.300000000000001],[6.25,7.2]]]},"properties":{"source":"slicemap-v1","room":"office_20260824","importedAt":"2026-09-06T07:39:59.085Z","category":"furniture","kind":"block","area_m2":0.005}},{"type":"Feature","geometry":{"type":"Polygon","coordinates":[[[6.300000000000001,7.2],[6.3500000000000005,7.2],[6.3500000000000005,7.300000000000001],[6.300000000000001,7.300000000000001],[6.300000000000001,7.2]]]},"properties":{"source":"slicemap-v1","room":"office_20260824","importedAt":"2026-09-06T07:39:59.085Z","category":"wall","kind":"block","area_m2":0.005}},{"type":"Feature","geometry":{"type":"Polygon","coordinates":[[[4.95,7.25],[5,7.25],[5,7.300000000000001],[4.95,7.300000000000001],[4.95,7.25]]]},"properties":{"source":"slicemap-v1","room":"office_20260824","importedAt":"2026-09-06T07:39:59.085Z","category":"furniture","kind":"block","area_m2":0.0025}},{"type":"Feature","geometry":{"type":"Polygon","coordinates":[[[1.55,7.300000000000001],[1.6500000000000001,7.300000000000001],[1.6500000000000001,7.3500000000000005],[1.55,7.3500000000000005],[1.55,7.300000000000001]]]},"properties":{"source":"slicemap-v1","room":"office_20260824","importedAt":"2026-09-06T07:39:59.085Z","category":"wall","kind":"block","area_m2":0.005}},{"type":"Feature","geometry":{"type":"Polygon","coordinates":[[[3.45,7.300000000000001],[3.5,7.300000000000001],[3.5,7.3500000000000005],[3.45,7.3500000000000005],[3.45,7.300000000000001]]]},"properties":{"source":"slicemap-v1","room":"office_20260824","importedAt":"2026-09-06T07:39:59.085Z","category":"furniture","kind":"block","area_m2":0.0025}},{"type":"Feature","geometry":{"type":"Polygon","coordinates":[[[4.95,7.300000000000001],[5.050000000000001,7.300000000000001],[5.050000000000001,7.5],[4.95,7.5],[4.95,7.300000000000001]]]},"properties":{"source":"slicemap-v1","room":"office_20260824","importedAt":"2026-09-06T07:39:59.085Z","category":"furniture","kind":"block","area_m2":0.02}},{"type":"Feature","geometry":{"type":"Polygon","coordinates":[[[6.300000000000001,7.300000000000001],[6.3500000000000005,7.300000000000001],[6.3500000000000005,7.65],[6.300000000000001,7.65],[6.300000000000001,7.300000000000001]]]},"properties":{"source":"slicemap-v1","room":"office_20260824","importedAt":"2026-09-06T07:39:59.085Z","category":"furniture","kind":"block","area_m2":0.0175}},{"type":"Feature","geometry":{"type":"Polygon","coordinates":[[[6.3500000000000005,7.300000000000001],[6.4,7.300000000000001],[6.4,7.5],[6.3500000000000005,7.5],[6.3500000000000005,7.300000000000001]]]},"properties":{"source":"slicemap-v1","room":"office_20260824","importedAt":"2026-09-06T07:39:59.085Z","category":"wall","kind":"block","area_m2":0.01}},{"type":"Feature","geometry":{"type":"Polygon","coordinates":[[[1.6,7.3500000000000005],[1.6500000000000001,7.3500000000000005],[1.6500000000000001,7.7],[1.6,7.7],[1.6,7.3500000000000005]]]},"properties":{"source":"slicemap-v1","room":"office_20260824","importedAt":"2026-09-06T07:39:59.085Z","category":"wall","kind":"block","area_m2":0.0175}},{"type":"Feature","geometry":{"type":"Polygon","coordinates":[[[3.4000000000000004,7.3500000000000005],[3.45,7.3500000000000005],[3.45,7.5],[3.4000000000000004,7.5],[3.4000000000000004,7.3500000000000005]]]},"properties":{"source":"slicemap-v1","room":"office_20260824","importedAt":"2026-09-06T07:39:59.085Z","category":"furniture","kind":"block","area_m2":0.0075}},{"type":"Feature","geometry":{"type":"Polygon","coordinates":[[[5.2,7.45],[5.25,7.45],[5.25,7.5],[5.2,7.5],[5.2,7.45]]]},"properties":{"source":"slicemap-v1","room":"office_20260824","importedAt":"2026-09-06T07:39:59.085Z","category":"furniture","kind":"block","area_m2":0.0025}},{"type":"Feature","geometry":{"type":"Polygon","coordinates":[[[5,7.5],[5.050000000000001,7.5],[5.050000000000001,7.550000000000001],[5,7.550000000000001],[5,7.5]]]},"properties":{"source":"slicemap-v1","room":"office_20260824","importedAt":"2026-09-06T07:39:59.085Z","category":"furniture","kind":"block","area_m2":0.0025}},{"type":"Feature","geometry":{"type":"Polygon","coordinates":[[[5.2,7.5],[5.3500000000000005,7.5],[5.3500000000000005,7.550000000000001],[5.2,7.550000000000001],[5.2,7.5]]]},"properties":{"source":"slicemap-v1","room":"office_20260824","importedAt":"2026-09-06T07:39:59.085Z","category":"furniture","kind":"block","area_m2":0.0075}},{"type":"Feature","geometry":{"type":"Polygon","coordinates":[[[6.3500000000000005,7.5],[6.45,7.5],[6.45,7.6000000000000005],[6.3500000000000005,7.6000000000000005],[6.3500000000000005,7.5]]]},"properties":{"source":"slicemap-v1","room":"office_20260824","importedAt":"2026-09-06T07:39:59.085Z","category":"wall","kind":"block","area_m2":0.01}},{"type":"Feature","geometry":{"type":"Polygon","coordinates":[[[5.050000000000001,7.550000000000001],[5.3500000000000005,7.550000000000001],[5.3500000000000005,7.65],[5.050000000000001,7.65],[5.050000000000001,7.550000000000001]]]},"properties":{"source":"slicemap-v1","room":"office_20260824","importedAt":"2026-09-06T07:39:59.085Z","category":"furniture","kind":"block","area_m2":0.03}},{"type":"Feature","geometry":{"type":"Polygon","coordinates":[[[6.3500000000000005,7.6000000000000005],[6.4,7.6000000000000005],[6.4,7.65],[6.3500000000000005,7.65],[6.3500000000000005,7.6000000000000005]]]},"properties":{"source":"slicemap-v1","room":"office_20260824","importedAt":"2026-09-06T07:39:59.085Z","category":"wall","kind":"block","area_m2":0.0025}},{"type":"Feature","geometry":{"type":"Polygon","coordinates":[[[10.350000000000001,7.6000000000000005],[10.450000000000001,7.6000000000000005],[10.450000000000001,7.7],[10.350000000000001,7.7],[10.350000000000001,7.6000000000000005]]]},"properties":{"source":"slicemap-v1","room":"office_20260824","importedAt":"2026-09-06T07:39:59.085Z","category":"furniture","kind":"block","area_m2":0.01}},{"type":"Feature","geometry":{"type":"Polygon","coordinates":[[[5.1000000000000005,7.65],[5.4,7.65],[5.4,7.7],[5.1000000000000005,7.7],[5.1000000000000005,7.65]]]},"properties":{"source":"slicemap-v1","room":"office_20260824","importedAt":"2026-09-06T07:39:59.085Z","category":"furniture","kind":"block","area_m2":0.015}},{"type":"Feature","geometry":{"type":"Polygon","coordinates":[[[6.300000000000001,7.65],[6.4,7.65],[6.4,7.7],[6.300000000000001,7.7],[6.300000000000001,7.65]]]},"properties":{"source":"slicemap-v1","room":"office_20260824","importedAt":"2026-09-06T07:39:59.085Z","category":"furniture","kind":"block","area_m2":0.005}},{"type":"Feature","geometry":{"type":"Polygon","coordinates":[[[1.6500000000000001,7.7],[1.7000000000000002,7.7],[1.7000000000000002,8.1],[1.6500000000000001,8.1],[1.6500000000000001,7.7]]]},"properties":{"source":"slicemap-v1","room":"office_20260824","importedAt":"2026-09-06T07:39:59.085Z","category":"wall","kind":"block","area_m2":0.02}},{"type":"Feature","geometry":{"type":"Polygon","coordinates":[[[5.1000000000000005,7.7],[5.3500000000000005,7.7],[5.3500000000000005,7.75],[5.1000000000000005,7.75],[5.1000000000000005,7.7]]]},"properties":{"source":"slicemap-v1","room":"office_20260824","importedAt":"2026-09-06T07:39:59.085Z","category":"furniture","kind":"block","area_m2":0.0125}},{"type":"Feature","geometry":{"type":"Polygon","coordinates":[[[6.3500000000000005,7.7],[6.4,7.7],[6.4,7.9],[6.3500000000000005,7.9],[6.3500000000000005,7.7]]]},"properties":{"source":"slicemap-v1","room":"office_20260824","importedAt":"2026-09-06T07:39:59.085Z","category":"furniture","kind":"block","area_m2":0.01}},{"type":"Feature","geometry":{"type":"Polygon","coordinates":[[[10.600000000000001,7.7],[10.950000000000001,7.7],[10.950000000000001,7.75],[10.600000000000001,7.75],[10.600000000000001,7.7]]]},"properties":{"source":"slicemap-v1","room":"office_20260824","importedAt":"2026-09-06T07:39:59.085Z","category":"wall","kind":"block","area_m2":0.0175}},{"type":"Feature","geometry":{"type":"Polygon","coordinates":[[[10.950000000000001,7.7],[11,7.7],[11,7.9],[10.950000000000001,7.9],[10.950000000000001,7.7]]]},"properties":{"source":"slicemap-v1","room":"office_20260824","importedAt":"2026-09-06T07:39:59.085Z","category":"furniture","kind":"block","area_m2":0.01}},{"type":"Feature","geometry":{"type":"Polygon","coordinates":[[[5.25,7.75],[5.3500000000000005,7.75],[5.3500000000000005,7.800000000000001],[5.25,7.800000000000001],[5.25,7.75]]]},"properties":{"source":"slicemap-v1","room":"office_20260824","importedAt":"2026-09-06T07:39:59.085Z","category":"furniture","kind":"block","area_m2":0.005}},{"type":"Feature","geometry":{"type":"Polygon","coordinates":[[[10.15,7.75],[10.65,7.75],[10.65,7.800000000000001],[10.15,7.800000000000001],[10.15,7.75]]]},"properties":{"source":"slicemap-v1","room":"office_20260824","importedAt":"2026-09-06T07:39:59.085Z","category":"wall","kind":"block","area_m2":0.025}},{"type":"Feature","geometry":{"type":"Polygon","coordinates":[[[2.85,7.800000000000001],[2.95,7.800000000000001],[2.95,7.8500000000000005],[2.85,7.8500000000000005],[2.85,7.800000000000001]]]},"properties":{"source":"slicemap-v1","room":"office_20260824","importedAt":"2026-09-06T07:39:59.085Z","category":"furniture","kind":"block","area_m2":0.005}},{"type":"Feature","geometry":{"type":"Polygon","coordinates":[[[9.850000000000001,7.800000000000001],[10.25,7.800000000000001],[10.25,7.8500000000000005],[9.850000000000001,7.8500000000000005],[9.850000000000001,7.800000000000001]]]},"properties":{"source":"slicemap-v1","room":"office_20260824","importedAt":"2026-09-06T07:39:59.085Z","category":"wall","kind":"block","area_m2":0.02}},{"type":"Feature","geometry":{"type":"Polygon","coordinates":[[[2.9000000000000004,7.8500000000000005],[3.1,7.8500000000000005],[3.1,8],[2.9000000000000004,8],[2.9000000000000004,7.8500000000000005]]]},"properties":{"source":"slicemap-v1","room":"office_20260824","importedAt":"2026-09-06T07:39:59.085Z","category":"furniture","kind":"block","area_m2":0.03}},{"type":"Feature","geometry":{"type":"Polygon","coordinates":[[[9.55,7.8500000000000005],[9.9,7.8500000000000005],[9.9,7.9],[9.55,7.9],[9.55,7.8500000000000005]]]},"properties":{"source":"slicemap-v1","room":"office_20260824","importedAt":"2026-09-06T07:39:59.085Z","category":"wall","kind":"block","area_m2":0.0175}},{"type":"Feature","geometry":{"type":"Polygon","coordinates":[[[8.950000000000001,7.9],[9.05,7.9],[9.05,7.95],[8.950000000000001,7.95],[8.950000000000001,7.9]]]},"properties":{"source":"slicemap-v1","room":"office_20260824","importedAt":"2026-09-06T07:39:59.085Z","category":"furniture","kind":"block","area_m2":0.005}},{"type":"Feature","geometry":{"type":"Polygon","coordinates":[[[9.3,7.9],[9.700000000000001,7.9],[9.700000000000001,7.95],[9.3,7.95],[9.3,7.9]]]},"properties":{"source":"slicemap-v1","room":"office_20260824","importedAt":"2026-09-06T07:39:59.085Z","category":"wall","kind":"block","area_m2":0.02}},{"type":"Feature","geometry":{"type":"Polygon","coordinates":[[[10.950000000000001,7.9],[11.05,7.9],[11.05,7.95],[10.950000000000001,7.95],[10.950000000000001,7.9]]]},"properties":{"source":"slicemap-v1","room":"office_20260824","importedAt":"2026-09-06T07:39:59.085Z","category":"furniture","kind":"block","area_m2":0.005}},{"type":"Feature","geometry":{"type":"Polygon","coordinates":[[[7.95,7.95],[8.1,7.95],[8.1,8],[7.95,8],[7.95,7.95]]]},"properties":{"source":"slicemap-v1","room":"office_20260824","importedAt":"2026-09-06T07:39:59.085Z","category":"furniture","kind":"block","area_m2":0.0075}},{"type":"Feature","geometry":{"type":"Polygon","coordinates":[[[8.8,7.95],[9.1,7.95],[9.1,8],[8.8,8],[8.8,7.95]]]},"properties":{"source":"slicemap-v1","room":"office_20260824","importedAt":"2026-09-06T07:39:59.085Z","category":"wall","kind":"block","area_m2":0.015}},{"type":"Feature","geometry":{"type":"Polygon","coordinates":[[[9.1,7.95],[9.3,7.95],[9.3,8],[9.1,8],[9.1,7.95]]]},"properties":{"source":"slicemap-v1","room":"office_20260824","importedAt":"2026-09-06T07:39:59.085Z","category":"furniture","kind":"block","area_m2":0.01}},{"type":"Feature","geometry":{"type":"Polygon","coordinates":[[[11,7.95],[11.05,7.95],[11.05,8.25],[11,8.25],[11,7.95]]]},"properties":{"source":"slicemap-v1","room":"office_20260824","importedAt":"2026-09-06T07:39:59.085Z","category":"furniture","kind":"block","area_m2":0.015}},{"type":"Feature","geometry":{"type":"Polygon","coordinates":[[[2.95,8],[3,8],[3,8.05],[2.95,8.05],[2.95,8]]]},"properties":{"source":"slicemap-v1","room":"office_20260824","importedAt":"2026-09-06T07:39:59.085Z","category":"furniture","kind":"block","area_m2":0.0025}},{"type":"Feature","geometry":{"type":"Polygon","coordinates":[[[3.5500000000000003,8],[3.6500000000000004,8],[3.6500000000000004,8.05],[3.5500000000000003,8.05],[3.5500000000000003,8]]]},"properties":{"source":"slicemap-v1","room":"office_20260824","importedAt":"2026-09-06T07:39:59.085Z","category":"furniture","kind":"block","area_m2":0.005}},{"type":"Feature","geometry":{"type":"Polygon","coordinates":[[[7.95,8],[8.15,8],[8.15,8.05],[7.95,8.05],[7.95,8]]]},"properties":{"source":"slicemap-v1","room":"office_20260824","importedAt":"2026-09-06T07:39:59.085Z","category":"furniture","kind":"block","area_m2":0.01}},{"type":"Feature","geometry":{"type":"Polygon","coordinates":[[[8.3,8],[8.8,8],[8.8,8.05],[8.3,8.05],[8.3,8]]]},"properties":{"source":"slicemap-v1","room":"office_20260824","importedAt":"2026-09-06T07:39:59.085Z","category":"wall","kind":"block","area_m2":0.025}},{"type":"Feature","geometry":{"type":"Polygon","coordinates":[[[3.5500000000000003,8.05],[3.75,8.05],[3.75,8.1],[3.5500000000000003,8.1],[3.5500000000000003,8.05]]]},"properties":{"source":"slicemap-v1","room":"office_20260824","importedAt":"2026-09-06T07:39:59.085Z","category":"furniture","kind":"block","area_m2":0.01}},{"type":"Feature","geometry":{"type":"Polygon","coordinates":[[[8,8.05],[8.05,8.05],[8.05,8.1],[8,8.1],[8,8.05]]]},"properties":{"source":"slicemap-v1","room":"office_20260824","importedAt":"2026-09-06T07:39:59.085Z","category":"furniture","kind":"block","area_m2":0.0025}},{"type":"Feature","geometry":{"type":"Polygon","coordinates":[[[8.05,8.05],[8.4,8.05],[8.4,8.1],[8.05,8.1],[8.05,8.05]]]},"properties":{"source":"slicemap-v1","room":"office_20260824","importedAt":"2026-09-06T07:39:59.085Z","category":"wall","kind":"block","area_m2":0.0175}},{"type":"Feature","geometry":{"type":"Polygon","coordinates":[[[1.6500000000000001,8.1],[1.75,8.1],[1.75,8.15],[1.6500000000000001,8.15],[1.6500000000000001,8.1]]]},"properties":{"source":"slicemap-v1","room":"office_20260824","importedAt":"2026-09-06T07:39:59.085Z","category":"wall","kind":"block","area_m2":0.005}},{"type":"Feature","geometry":{"type":"Polygon","coordinates":[[[3.5,8.1],[3.7,8.1],[3.7,8.15],[3.5,8.15],[3.5,8.1]]]},"properties":{"source":"slicemap-v1","room":"office_20260824","importedAt":"2026-09-06T07:39:59.085Z","category":"furniture","kind":"block","area_m2":0.01}},{"type":"Feature","geometry":{"type":"Polygon","coordinates":[[[3.75,8.1],[3.8000000000000003,8.1],[3.8000000000000003,8.15],[3.75,8.15],[3.75,8.1]]]},"properties":{"source":"slicemap-v1","room":"office_20260824","importedAt":"2026-09-06T07:39:59.085Z","category":"furniture","kind":"block","area_m2":0.0025}},{"type":"Feature","geometry":{"type":"Polygon","coordinates":[[[7.9,8.1],[8.1,8.1],[8.1,8.15],[7.9,8.15],[7.9,8.1]]]},"properties":{"source":"slicemap-v1","room":"office_20260824","importedAt":"2026-09-06T07:39:59.085Z","category":"wall","kind":"block","area_m2":0.01}},{"type":"Feature","geometry":{"type":"Polygon","coordinates":[[[11.700000000000001,8.1],[11.75,8.1],[11.75,8.15],[11.700000000000001,8.15],[11.700000000000001,8.1]]]},"properties":{"source":"slicemap-v1","room":"office_20260824","importedAt":"2026-09-06T07:39:59.085Z","category":"furniture","kind":"block","area_m2":0.0025}},{"type":"Feature","geometry":{"type":"Polygon","coordinates":[[[1.7000000000000002,8.15],[1.75,8.15],[1.75,8.4],[1.7000000000000002,8.4],[1.7000000000000002,8.15]]]},"properties":{"source":"slicemap-v1","room":"office_20260824","importedAt":"2026-09-06T07:39:59.085Z","category":"wall","kind":"block","area_m2":0.0125}},{"type":"Feature","geometry":{"type":"Polygon","coordinates":[[[3.4000000000000004,8.15],[3.45,8.15],[3.45,8.200000000000001],[3.4000000000000004,8.200000000000001],[3.4000000000000004,8.15]]]},"properties":{"source":"slicemap-v1","room":"office_20260824","importedAt":"2026-09-06T07:39:59.085Z","category":"furniture","kind":"block","area_m2":0.0025}},{"type":"Feature","geometry":{"type":"Polygon","coordinates":[[[3.5,8.15],[3.8000000000000003,8.15],[3.8000000000000003,8.200000000000001],[3.5,8.200000000000001],[3.5,8.15]]]},"properties":{"source":"slicemap-v1","room":"office_20260824","importedAt":"2026-09-06T07:39:59.085Z","category":"furniture","kind":"block","area_m2":0.015}},{"type":"Feature","geometry":{"type":"Polygon","coordinates":[[[7.25,8.15],[7.3500000000000005,8.15],[7.3500000000000005,8.200000000000001],[7.25,8.200000000000001],[7.25,8.15]]]},"properties":{"source":"slicemap-v1","room":"office_20260824","importedAt":"2026-09-06T07:39:59.085Z","category":"wall","kind":"block","area_m2":0.005}},{"type":"Feature","geometry":{"type":"Polygon","coordinates":[[[7.8500000000000005,8.15],[7.95,8.15],[7.95,8.200000000000001],[7.8500000000000005,8.200000000000001],[7.8500000000000005,8.15]]]},"properties":{"source":"slicemap-v1","room":"office_20260824","importedAt":"2026-09-06T07:39:59.085Z","category":"furniture","kind":"block","area_m2":0.005}},{"type":"Feature","geometry":{"type":"Polygon","coordinates":[[[11.65,8.15],[11.8,8.15],[11.8,8.200000000000001],[11.65,8.200000000000001],[11.65,8.15]]]},"properties":{"source":"slicemap-v1","room":"office_20260824","importedAt":"2026-09-06T07:39:59.085Z","category":"furniture","kind":"block","area_m2":0.0075}},{"type":"Feature","geometry":{"type":"Polygon","coordinates":[[[3.4000000000000004,8.200000000000001],[3.85,8.200000000000001],[3.85,8.25],[3.4000000000000004,8.25],[3.4000000000000004,8.200000000000001]]]},"properties":{"source":"slicemap-v1","room":"office_20260824","importedAt":"2026-09-06T07:39:59.085Z","category":"furniture","kind":"block","area_m2":0.0225}},{"type":"Feature","geometry":{"type":"Polygon","coordinates":[[[7.1000000000000005,8.200000000000001],[7.4,8.200000000000001],[7.4,8.25],[7.1000000000000005,8.25],[7.1000000000000005,8.200000000000001]]]},"properties":{"source":"slicemap-v1","room":"office_20260824","importedAt":"2026-09-06T07:39:59.085Z","category":"wall","kind":"block","area_m2":0.015}},{"type":"Feature","geometry":{"type":"Polygon","coordinates":[[[7.800000000000001,8.200000000000001],[7.95,8.200000000000001],[7.95,8.25],[7.800000000000001,8.25],[7.800000000000001,8.200000000000001]]]},"properties":{"source":"slicemap-v1","room":"office_20260824","importedAt":"2026-09-06T07:39:59.085Z","category":"furniture","kind":"block","area_m2":0.0075}},{"type":"Feature","geometry":{"type":"Polygon","coordinates":[[[11.5,8.200000000000001],[11.700000000000001,8.200000000000001],[11.700000000000001,8.25],[11.5,8.25],[11.5,8.200000000000001]]]},"properties":{"source":"slicemap-v1","room":"office_20260824","importedAt":"2026-09-06T07:39:59.085Z","category":"furniture","kind":"block","area_m2":0.01}},{"type":"Feature","geometry":{"type":"Polygon","coordinates":[[[11.75,8.200000000000001],[11.8,8.200000000000001],[11.8,8.3],[11.75,8.3],[11.75,8.200000000000001]]]},"properties":{"source":"slicemap-v1","room":"office_20260824","importedAt":"2026-09-06T07:39:59.085Z","category":"furniture","kind":"block","area_m2":0.005}},{"type":"Feature","geometry":{"type":"Polygon","coordinates":[[[3.35,8.25],[3.45,8.25],[3.45,8.35],[3.35,8.35],[3.35,8.25]]]},"properties":{"source":"slicemap-v1","room":"office_20260824","importedAt":"2026-09-06T07:39:59.085Z","category":"furniture","kind":"block","area_m2":0.01}},{"type":"Feature","geometry":{"type":"Polygon","coordinates":[[[3.6,8.25],[3.8000000000000003,8.25],[3.8000000000000003,8.3],[3.6,8.3],[3.6,8.25]]]},"properties":{"source":"slicemap-v1","room":"office_20260824","importedAt":"2026-09-06T07:39:59.085Z","category":"furniture","kind":"block","area_m2":0.01}},{"type":"Feature","geometry":{"type":"Polygon","coordinates":[[[7.050000000000001,8.25],[7.1000000000000005,8.25],[7.1000000000000005,8.3],[7.050000000000001,8.3],[7.050000000000001,8.25]]]},"properties":{"source":"slicemap-v1","room":"office_20260824","importedAt":"2026-09-06T07:39:59.085Z","category":"furniture","kind":"block","area_m2":0.0025}},{"type":"Feature","geometry":{"type":"Polygon","coordinates":[[[7.1000000000000005,8.25],[7.15,8.25],[7.15,8.3],[7.1000000000000005,8.3],[7.1000000000000005,8.25]]]},"properties":{"source":"slicemap-v1","room":"office_20260824","importedAt":"2026-09-06T07:39:59.085Z","category":"wall","kind":"block","area_m2":0.0025}},{"type":"Feature","geometry":{"type":"Polygon","coordinates":[[[7.8500000000000005,8.25],[7.95,8.25],[7.95,8.3],[7.8500000000000005,8.3],[7.8500000000000005,8.25]]]},"properties":{"source":"slicemap-v1","room":"office_20260824","importedAt":"2026-09-06T07:39:59.085Z","category":"furniture","kind":"block","area_m2":0.005}},{"type":"Feature","geometry":{"type":"Polygon","coordinates":[[[11,8.25],[11.100000000000001,8.25],[11.100000000000001,8.3],[11,8.3],[11,8.25]]]},"properties":{"source":"slicemap-v1","room":"office_20260824","importedAt":"2026-09-06T07:39:59.085Z","category":"furniture","kind":"block","area_m2":0.005}},{"type":"Feature","geometry":{"type":"Polygon","coordinates":[[[11.200000000000001,8.25],[11.55,8.25],[11.55,8.3],[11.200000000000001,8.3],[11.200000000000001,8.25]]]},"properties":{"source":"slicemap-v1","room":"office_20260824","importedAt":"2026-09-06T07:39:59.085Z","category":"furniture","kind":"block","area_m2":0.0175}},{"type":"Feature","geometry":{"type":"Polygon","coordinates":[[[3.5,8.3],[3.85,8.3],[3.85,8.35],[3.5,8.35],[3.5,8.3]]]},"properties":{"source":"slicemap-v1","room":"office_20260824","importedAt":"2026-09-06T07:39:59.085Z","category":"furniture","kind":"block","area_m2":0.0175}},{"type":"Feature","geometry":{"type":"Polygon","coordinates":[[[7.050000000000001,8.3],[7.15,8.3],[7.15,8.4],[7.050000000000001,8.4],[7.050000000000001,8.3]]]},"properties":{"source":"slicemap-v1","room":"office_20260824","importedAt":"2026-09-06T07:39:59.085Z","category":"furniture","kind":"block","area_m2":0.01}},{"type":"Feature","geometry":{"type":"Polygon","coordinates":[[[11.05,8.3],[11.25,8.3],[11.25,8.35],[11.05,8.35],[11.05,8.3]]]},"properties":{"source":"slicemap-v1","room":"office_20260824","importedAt":"2026-09-06T07:39:59.085Z","category":"furniture","kind":"block","area_m2":0.01}},{"type":"Feature","geometry":{"type":"Polygon","coordinates":[[[11.75,8.3],[11.850000000000001,8.3],[11.850000000000001,8.35],[11.75,8.35],[11.75,8.3]]]},"properties":{"source":"slicemap-v1","room":"office_20260824","importedAt":"2026-09-06T07:39:59.085Z","category":"furniture","kind":"block","area_m2":0.005}},{"type":"Feature","geometry":{"type":"Polygon","coordinates":[[[3.35,8.35],[3.85,8.35],[3.85,8.4],[3.35,8.4],[3.35,8.35]]]},"properties":{"source":"slicemap-v1","room":"office_20260824","importedAt":"2026-09-06T07:39:59.085Z","category":"furniture","kind":"block","area_m2":0.025}},{"type":"Feature","geometry":{"type":"Polygon","coordinates":[[[6.45,8.35],[6.5,8.35],[6.5,8.4],[6.45,8.4],[6.45,8.35]]]},"properties":{"source":"slicemap-v1","room":"office_20260824","importedAt":"2026-09-06T07:39:59.085Z","category":"furniture","kind":"block","area_m2":0.0025}},{"type":"Feature","geometry":{"type":"Polygon","coordinates":[[[10.600000000000001,8.35],[10.65,8.35],[10.65,8.4],[10.600000000000001,8.4],[10.600000000000001,8.35]]]},"properties":{"source":"slicemap-v1","room":"office_20260824","importedAt":"2026-09-06T07:39:59.085Z","category":"furniture","kind":"block","area_m2":0.0025}},{"type":"Feature","geometry":{"type":"Polygon","coordinates":[[[11.8,8.35],[11.850000000000001,8.35],[11.850000000000001,8.65],[11.8,8.65],[11.8,8.35]]]},"properties":{"source":"slicemap-v1","room":"office_20260824","importedAt":"2026-09-06T07:39:59.085Z","category":"furniture","kind":"block","area_m2":0.015}},{"type":"Feature","geometry":{"type":"Polygon","coordinates":[[[1.7000000000000002,8.4],[1.8,8.4],[1.8,8.450000000000001],[1.7000000000000002,8.450000000000001],[1.7000000000000002,8.4]]]},"properties":{"source":"slicemap-v1","room":"office_20260824","importedAt":"2026-09-06T07:39:59.085Z","category":"wall","kind":"block","area_m2":0.005}},{"type":"Feature","geometry":{"type":"Polygon","coordinates":[[[3.4000000000000004,8.4],[3.9000000000000004,8.4],[3.9000000000000004,8.450000000000001],[3.4000000000000004,8.450000000000001],[3.4000000000000004,8.4]]]},"properties":{"source":"slicemap-v1","room":"office_20260824","importedAt":"2026-09-06T07:39:59.085Z","category":"furniture","kind":"block","area_m2":0.025}},{"type":"Feature","geometry":{"type":"Polygon","coordinates":[[[6.3500000000000005,8.4],[6.5,8.4],[6.5,8.5],[6.3500000000000005,8.5],[6.3500000000000005,8.4]]]},"properties":{"source":"slicemap-v1","room":"office_20260824","importedAt":"2026-09-06T07:39:59.085Z","category":"furniture","kind":"block","area_m2":0.015}},{"type":"Feature","geometry":{"type":"Polygon","coordinates":[[[6.5,8.4],[6.550000000000001,8.4],[6.550000000000001,8.5],[6.5,8.5],[6.5,8.4]]]},"properties":{"source":"slicemap-v1","room":"office_20260824","importedAt":"2026-09-06T07:39:59.085Z","category":"wall","kind":"block","area_m2":0.005}},{"type":"Feature","geometry":{"type":"Polygon","coordinates":[[[7.1000000000000005,8.4],[7.15,8.4],[7.15,8.55],[7.1000000000000005,8.55],[7.1000000000000005,8.4]]]},"properties":{"source":"slicemap-v1","room":"office_20260824","importedAt":"2026-09-06T07:39:59.085Z","category":"furniture","kind":"block","area_m2":0.0075}},{"type":"Feature","geometry":{"type":"Polygon","coordinates":[[[10.55,8.4],[10.700000000000001,8.4],[10.700000000000001,8.450000000000001],[10.55,8.450000000000001],[10.55,8.4]]]},"properties":{"source":"slicemap-v1","room":"office_20260824","importedAt":"2026-09-06T07:39:59.085Z","category":"furniture","kind":"block","area_m2":0.0075}},{"type":"Feature","geometry":{"type":"Polygon","coordinates":[[[1.75,8.450000000000001],[1.8,8.450000000000001],[1.8,8.700000000000001],[1.75,8.700000000000001],[1.75,8.450000000000001]]]},"properties":{"source":"slicemap-v1","room":"office_20260824","importedAt":"2026-09-06T07:39:59.085Z","category":"wall","kind":"block","area_m2":0.0125}},{"type":"Feature","geometry":{"type":"Polygon","coordinates":[[[3.35,8.450000000000001],[3.4000000000000004,8.450000000000001],[3.4000000000000004,8.5],[3.35,8.5],[3.35,8.450000000000001]]]},"properties":{"source":"slicemap-v1","room":"office_20260824","importedAt":"2026-09-06T07:39:59.085Z","category":"furniture","kind":"block","area_m2":0.0025}},{"type":"Feature","geometry":{"type":"Polygon","coordinates":[[[3.45,8.450000000000001],[3.5,8.450000000000001],[3.5,8.5],[3.45,8.5],[3.45,8.450000000000001]]]},"properties":{"source":"slicemap-v1","room":"office_20260824","importedAt":"2026-09-06T07:39:59.085Z","category":"furniture","kind":"block","area_m2":0.0025}},{"type":"Feature","geometry":{"type":"Polygon","coordinates":[[[3.5500000000000003,8.450000000000001],[3.85,8.450000000000001],[3.85,8.5],[3.5500000000000003,8.5],[3.5500000000000003,8.450000000000001]]]},"properties":{"source":"slicemap-v1","room":"office_20260824","importedAt":"2026-09-06T07:39:59.085Z","category":"furniture","kind":"block","area_m2":0.015}},{"type":"Feature","geometry":{"type":"Polygon","coordinates":[[[10.600000000000001,8.450000000000001],[10.700000000000001,8.450000000000001],[10.700000000000001,8.5],[10.600000000000001,8.5],[10.600000000000001,8.450000000000001]]]},"properties":{"source":"slicemap-v1","room":"office_20260824","importedAt":"2026-09-06T07:39:59.085Z","category":"furniture","kind":"block","area_m2":0.005}},{"type":"Feature","geometry":{"type":"Polygon","coordinates":[[[3.3000000000000003,8.5],[3.5,8.5],[3.5,8.6],[3.3000000000000003,8.6],[3.3000000000000003,8.5]]]},"properties":{"source":"slicemap-v1","room":"office_20260824","importedAt":"2026-09-06T07:39:59.085Z","category":"furniture","kind":"block","area_m2":0.02}},{"type":"Feature","geometry":{"type":"Polygon","coordinates":[[[3.7,8.5],[3.85,8.5],[3.85,8.55],[3.7,8.55],[3.7,8.5]]]},"properties":{"source":"slicemap-v1","room":"office_20260824","importedAt":"2026-09-06T07:39:59.085Z","category":"furniture","kind":"block","area_m2":0.0075}},{"type":"Feature","geometry":{"type":"Polygon","coordinates":[[[6.45,8.5],[6.550000000000001,8.5],[6.550000000000001,8.55],[6.45,8.55],[6.45,8.5]]]},"properties":{"source":"slicemap-v1","room":"office_20260824","importedAt":"2026-09-06T07:39:59.085Z","category":"furniture","kind":"block","area_m2":0.005}},{"type":"Feature","geometry":{"type":"Polygon","coordinates":[[[8.3,8.5],[8.4,8.5],[8.4,8.55],[8.3,8.55],[8.3,8.5]]]},"properties":{"source":"slicemap-v1","room":"office_20260824","importedAt":"2026-09-06T07:39:59.085Z","category":"furniture","kind":"block","area_m2":0.005}},{"type":"Feature","geometry":{"type":"Polygon","coordinates":[[[6.45,8.55],[6.5,8.55],[6.5,8.6],[6.45,8.6],[6.45,8.55]]]},"properties":{"source":"slicemap-v1","room":"office_20260824","importedAt":"2026-09-06T07:39:59.085Z","category":"furniture","kind":"block","area_m2":0.0025}},{"type":"Feature","geometry":{"type":"Polygon","coordinates":[[[6.7,8.55],[7.15,8.55],[7.15,8.6],[6.7,8.6],[6.7,8.55]]]},"properties":{"source":"slicemap-v1","room":"office_20260824","importedAt":"2026-09-06T07:39:59.085Z","category":"furniture","kind":"block","area_m2":0.0225}},{"type":"Feature","geometry":{"type":"Polygon","coordinates":[[[8.35,8.55],[8.450000000000001,8.55],[8.450000000000001,8.6],[8.35,8.6],[8.35,8.55]]]},"properties":{"source":"slicemap-v1","room":"office_20260824","importedAt":"2026-09-06T07:39:59.085Z","category":"furniture","kind":"block","area_m2":0.005}},{"type":"Feature","geometry":{"type":"Polygon","coordinates":[[[9.25,8.55],[9.3,8.55],[9.3,8.6],[9.25,8.6],[9.25,8.55]]]},"properties":{"source":"slicemap-v1","room":"office_20260824","importedAt":"2026-09-06T07:39:59.085Z","category":"furniture","kind":"block","area_m2":0.0025}},{"type":"Feature","geometry":{"type":"Polygon","coordinates":[[[3.4000000000000004,8.6],[3.45,8.6],[3.45,8.65],[3.4000000000000004,8.65],[3.4000000000000004,8.6]]]},"properties":{"source":"slicemap-v1","room":"office_20260824","importedAt":"2026-09-06T07:39:59.085Z","category":"furniture","kind":"block","area_m2":0.0025}},{"type":"Feature","geometry":{"type":"Polygon","coordinates":[[[6.45,8.6],[6.550000000000001,8.6],[6.550000000000001,8.65],[6.45,8.65],[6.45,8.6]]]},"properties":{"source":"slicemap-v1","room":"office_20260824","importedAt":"2026-09-06T07:39:59.085Z","category":"furniture","kind":"block","area_m2":0.005}},{"type":"Feature","geometry":{"type":"Polygon","coordinates":[[[6.550000000000001,8.6],[6.6000000000000005,8.6],[6.6000000000000005,8.65],[6.550000000000001,8.65],[6.550000000000001,8.6]]]},"properties":{"source":"slicemap-v1","room":"office_20260824","importedAt":"2026-09-06T07:39:59.085Z","category":"wall","kind":"block","area_m2":0.0025}},{"type":"Feature","geometry":{"type":"Polygon","coordinates":[[[6.6000000000000005,8.6],[6.75,8.6],[6.75,8.65],[6.6000000000000005,8.65],[6.6000000000000005,8.6]]]},"properties":{"source":"slicemap-v1","room":"office_20260824","importedAt":"2026-09-06T07:39:59.085Z","category":"furniture","kind":"block","area_m2":0.0075}},{"type":"Feature","geometry":{"type":"Polygon","coordinates":[[[9.200000000000001,8.6],[9.35,8.6],[9.35,8.65],[9.200000000000001,8.65],[9.200000000000001,8.6]]]},"properties":{"source":"slicemap-v1","room":"office_20260824","importedAt":"2026-09-06T07:39:59.085Z","category":"furniture","kind":"block","area_m2":0.0075}},{"type":"Feature","geometry":{"type":"Polygon","coordinates":[[[6.5,8.65],[6.6000000000000005,8.65],[6.6000000000000005,8.700000000000001],[6.5,8.700000000000001],[6.5,8.65]]]},"properties":{"source":"slicemap-v1","room":"office_20260824","importedAt":"2026-09-06T07:39:59.085Z","category":"wall","kind":"block","area_m2":0.005}},{"type":"Feature","geometry":{"type":"Polygon","coordinates":[[[9.200000000000001,8.65],[9.3,8.65],[9.3,8.700000000000001],[9.200000000000001,8.700000000000001],[9.200000000000001,8.65]]]},"properties":{"source":"slicemap-v1","room":"office_20260824","importedAt":"2026-09-06T07:39:59.085Z","category":"furniture","kind":"block","area_m2":0.005}},{"type":"Feature","geometry":{"type":"Polygon","coordinates":[[[11.8,8.65],[11.9,8.65],[11.9,8.700000000000001],[11.8,8.700000000000001],[11.8,8.65]]]},"properties":{"source":"slicemap-v1","room":"office_20260824","importedAt":"2026-09-06T07:39:59.085Z","category":"furniture","kind":"block","area_m2":0.005}},{"type":"Feature","geometry":{"type":"Polygon","coordinates":[[[1.75,8.700000000000001],[1.85,8.700000000000001],[1.85,8.75],[1.75,8.75],[1.75,8.700000000000001]]]},"properties":{"source":"slicemap-v1","room":"office_20260824","importedAt":"2026-09-06T07:39:59.085Z","category":"wall","kind":"block","area_m2":0.005}},{"type":"Feature","geometry":{"type":"Polygon","coordinates":[[[11.850000000000001,8.700000000000001],[11.9,8.700000000000001],[11.9,9],[11.850000000000001,9],[11.850000000000001,8.700000000000001]]]},"properties":{"source":"slicemap-v1","room":"office_20260824","importedAt":"2026-09-06T07:39:59.085Z","category":"furniture","kind":"block","area_m2":0.015}},{"type":"Feature","geometry":{"type":"Polygon","coordinates":[[[1.8,8.75],[1.85,8.75],[1.85,9.05],[1.8,9.05],[1.8,8.75]]]},"properties":{"source":"slicemap-v1","room":"office_20260824","importedAt":"2026-09-06T07:39:59.085Z","category":"wall","kind":"block","area_m2":0.015}},{"type":"Feature","geometry":{"type":"Polygon","coordinates":[[[4.9,8.75],[5.050000000000001,8.75],[5.050000000000001,8.8],[4.9,8.8],[4.9,8.75]]]},"properties":{"source":"slicemap-v1","room":"office_20260824","importedAt":"2026-09-06T07:39:59.085Z","category":"furniture","kind":"block","area_m2":0.0075}},{"type":"Feature","geometry":{"type":"Polygon","coordinates":[[[7.95,8.75],[8,8.75],[8,8.85],[7.95,8.85],[7.95,8.75]]]},"properties":{"source":"slicemap-v1","room":"office_20260824","importedAt":"2026-09-06T07:39:59.085Z","category":"furniture","kind":"block","area_m2":0.005}},{"type":"Feature","geometry":{"type":"Polygon","coordinates":[[[8.35,8.75],[8.450000000000001,8.75],[8.450000000000001,8.8],[8.35,8.8],[8.35,8.75]]]},"properties":{"source":"slicemap-v1","room":"office_20260824","importedAt":"2026-09-06T07:39:59.085Z","category":"furniture","kind":"block","area_m2":0.005}},{"type":"Feature","geometry":{"type":"Polygon","coordinates":[[[9.65,8.75],[9.75,8.75],[9.75,8.8],[9.65,8.8],[9.65,8.75]]]},"properties":{"source":"slicemap-v1","room":"office_20260824","importedAt":"2026-09-06T07:39:59.085Z","category":"furniture","kind":"block","area_m2":0.005}},{"type":"Feature","geometry":{"type":"Polygon","coordinates":[[[4.95,8.8],[5.050000000000001,8.8],[5.050000000000001,8.85],[4.95,8.85],[4.95,8.8]]]},"properties":{"source":"slicemap-v1","room":"office_20260824","importedAt":"2026-09-06T07:39:59.085Z","category":"furniture","kind":"block","area_m2":0.005}},{"type":"Feature","geometry":{"type":"Polygon","coordinates":[[[8.4,8.8],[8.5,8.8],[8.5,8.85],[8.4,8.85],[8.4,8.8]]]},"properties":{"source":"slicemap-v1","room":"office_20260824","importedAt":"2026-09-06T07:39:59.085Z","category":"furniture","kind":"block","area_m2":0.005}},{"type":"Feature","geometry":{"type":"Polygon","coordinates":[[[9.600000000000001,8.8],[9.8,8.8],[9.8,8.9],[9.600000000000001,8.9],[9.600000000000001,8.8]]]},"properties":{"source":"slicemap-v1","room":"office_20260824","importedAt":"2026-09-06T07:39:59.085Z","category":"furniture","kind":"block","area_m2":0.02}},{"type":"Feature","geometry":{"type":"Polygon","coordinates":[[[4.8500000000000005,8.85],[5.1000000000000005,8.85],[5.1000000000000005,8.9],[4.8500000000000005,8.9],[4.8500000000000005,8.85]]]},"properties":{"source":"slicemap-v1","room":"office_20260824","importedAt":"2026-09-06T07:39:59.085Z","category":"furniture","kind":"block","area_m2":0.0125}},{"type":"Feature","geometry":{"type":"Polygon","coordinates":[[[7.95,8.85],[8.1,8.85],[8.1,8.9],[7.95,8.9],[7.95,8.85]]]},"properties":{"source":"slicemap-v1","room":"office_20260824","importedAt":"2026-09-06T07:39:59.085Z","category":"furniture","kind":"block","area_m2":0.0075}},{"type":"Feature","geometry":{"type":"Polygon","coordinates":[[[8.4,8.85],[8.55,8.85],[8.55,8.9],[8.4,8.9],[8.4,8.85]]]},"properties":{"source":"slicemap-v1","room":"office_20260824","importedAt":"2026-09-06T07:39:59.085Z","category":"furniture","kind":"block","area_m2":0.0075}},{"type":"Feature","geometry":{"type":"Polygon","coordinates":[[[4.9,8.9],[5.15,8.9],[5.15,9],[4.9,9],[4.9,8.9]]]},"properties":{"source":"slicemap-v1","room":"office_20260824","importedAt":"2026-09-06T07:39:59.085Z","category":"furniture","kind":"block","area_m2":0.025}},{"type":"Feature","geometry":{"type":"Polygon","coordinates":[[[8,8.9],[8.05,8.9],[8.05,8.950000000000001],[8,8.950000000000001],[8,8.9]]]},"properties":{"source":"slicemap-v1","room":"office_20260824","importedAt":"2026-09-06T07:39:59.085Z","category":"furniture","kind":"block","area_m2":0.0025}},{"type":"Feature","geometry":{"type":"Polygon","coordinates":[[[8.450000000000001,8.9],[8.55,8.9],[8.55,8.950000000000001],[8.450000000000001,8.950000000000001],[8.450000000000001,8.9]]]},"properties":{"source":"slicemap-v1","room":"office_20260824","importedAt":"2026-09-06T07:39:59.085Z","category":"furniture","kind":"block","area_m2":0.005}},{"type":"Feature","geometry":{"type":"Polygon","coordinates":[[[9.65,8.9],[9.8,8.9],[9.8,8.950000000000001],[9.65,8.950000000000001],[9.65,8.9]]]},"properties":{"source":"slicemap-v1","room":"office_20260824","importedAt":"2026-09-06T07:39:59.085Z","category":"furniture","kind":"block","area_m2":0.0075}},{"type":"Feature","geometry":{"type":"Polygon","coordinates":[[[3.25,8.950000000000001],[3.3000000000000003,8.950000000000001],[3.3000000000000003,9.1],[3.25,9.1],[3.25,8.950000000000001]]]},"properties":{"source":"slicemap-v1","room":"office_20260824","importedAt":"2026-09-06T07:39:59.085Z","category":"furniture","kind":"block","area_m2":0.0075}},{"type":"Feature","geometry":{"type":"Polygon","coordinates":[[[3.4000000000000004,8.950000000000001],[3.45,8.950000000000001],[3.45,9.05],[3.4000000000000004,9.05],[3.4000000000000004,8.950000000000001]]]},"properties":{"source":"slicemap-v1","room":"office_20260824","importedAt":"2026-09-06T07:39:59.085Z","category":"furniture","kind":"block","area_m2":0.005}},{"type":"Feature","geometry":{"type":"Polygon","coordinates":[[[9.700000000000001,8.950000000000001],[9.8,8.950000000000001],[9.8,9],[9.700000000000001,9],[9.700000000000001,8.950000000000001]]]},"properties":{"source":"slicemap-v1","room":"office_20260824","importedAt":"2026-09-06T07:39:59.085Z","category":"furniture","kind":"block","area_m2":0.005}},{"type":"Feature","geometry":{"type":"Polygon","coordinates":[[[4.95,9],[5.1000000000000005,9],[5.1000000000000005,9.05],[4.95,9.05],[4.95,9]]]},"properties":{"source":"slicemap-v1","room":"office_20260824","importedAt":"2026-09-06T07:39:59.085Z","category":"furniture","kind":"block","area_m2":0.0075}},{"type":"Feature","geometry":{"type":"Polygon","coordinates":[[[9.8,9],[9.850000000000001,9],[9.850000000000001,9.05],[9.8,9.05],[9.8,9]]]},"properties":{"source":"slicemap-v1","room":"office_20260824","importedAt":"2026-09-06T07:39:59.085Z","category":"furniture","kind":"block","area_m2":0.0025}},{"type":"Feature","geometry":{"type":"Polygon","coordinates":[[[11.850000000000001,9],[11.950000000000001,9],[11.950000000000001,9.05],[11.850000000000001,9.05],[11.850000000000001,9]]]},"properties":{"source":"slicemap-v1","room":"office_20260824","importedAt":"2026-09-06T07:39:59.085Z","category":"furniture","kind":"block","area_m2":0.005}},{"type":"Feature","geometry":{"type":"Polygon","coordinates":[[[1.8,9.05],[1.9000000000000001,9.05],[1.9000000000000001,9.1],[1.8,9.1],[1.8,9.05]]]},"properties":{"source":"slicemap-v1","room":"office_20260824","importedAt":"2026-09-06T07:39:59.085Z","category":"wall","kind":"block","area_m2":0.005}},{"type":"Feature","geometry":{"type":"Polygon","coordinates":[[[3.35,9.05],[3.5,9.05],[3.5,9.1],[3.35,9.1],[3.35,9.05]]]},"properties":{"source":"slicemap-v1","room":"office_20260824","importedAt":"2026-09-06T07:39:59.085Z","category":"furniture","kind":"block","area_m2":0.0075}},{"type":"Feature","geometry":{"type":"Polygon","coordinates":[[[11.9,9.05],[11.950000000000001,9.05],[11.950000000000001,9.4],[11.9,9.4],[11.9,9.05]]]},"properties":{"source":"slicemap-v1","room":"office_20260824","importedAt":"2026-09-06T07:39:59.085Z","category":"furniture","kind":"block","area_m2":0.0175}},{"type":"Feature","geometry":{"type":"Polygon","coordinates":[[[1.85,9.1],[1.9000000000000001,9.1],[1.9000000000000001,9.35],[1.85,9.35],[1.85,9.1]]]},"properties":{"source":"slicemap-v1","room":"office_20260824","importedAt":"2026-09-06T07:39:59.085Z","category":"wall","kind":"block","area_m2":0.0125}},{"type":"Feature","geometry":{"type":"Polygon","coordinates":[[[3.25,9.1],[3.45,9.1],[3.45,9.200000000000001],[3.25,9.200000000000001],[3.25,9.1]]]},"properties":{"source":"slicemap-v1","room":"office_20260824","importedAt":"2026-09-06T07:39:59.085Z","category":"furniture","kind":"block","area_m2":0.02}},{"type":"Feature","geometry":{"type":"Polygon","coordinates":[[[3.25,9.200000000000001],[3.4000000000000004,9.200000000000001],[3.4000000000000004,9.25],[3.25,9.25],[3.25,9.200000000000001]]]},"properties":{"source":"slicemap-v1","room":"office_20260824","importedAt":"2026-09-06T07:39:59.085Z","category":"furniture","kind":"block","area_m2":0.0075}},{"type":"Feature","geometry":{"type":"Polygon","coordinates":[[[1.85,9.35],[1.9500000000000002,9.35],[1.9500000000000002,9.4],[1.85,9.4],[1.85,9.35]]]},"properties":{"source":"slicemap-v1","room":"office_20260824","importedAt":"2026-09-06T07:39:59.085Z","category":"wall","kind":"block","area_m2":0.005}},{"type":"Feature","geometry":{"type":"Polygon","coordinates":[[[1.9000000000000001,9.4],[1.9500000000000002,9.4],[1.9500000000000002,9.75],[1.9000000000000001,9.75],[1.9000000000000001,9.4]]]},"properties":{"source":"slicemap-v1","room":"office_20260824","importedAt":"2026-09-06T07:39:59.085Z","category":"wall","kind":"block","area_m2":0.0175}},{"type":"Feature","geometry":{"type":"Polygon","coordinates":[[[11.600000000000001,9.4],[11.700000000000001,9.4],[11.700000000000001,9.450000000000001],[11.600000000000001,9.450000000000001],[11.600000000000001,9.4]]]},"properties":{"source":"slicemap-v1","room":"office_20260824","importedAt":"2026-09-06T07:39:59.085Z","category":"furniture","kind":"block","area_m2":0.005}},{"type":"Feature","geometry":{"type":"Polygon","coordinates":[[[3.6500000000000004,9.450000000000001],[3.75,9.450000000000001],[3.75,9.55],[3.6500000000000004,9.55],[3.6500000000000004,9.450000000000001]]]},"properties":{"source":"slicemap-v1","room":"office_20260824","importedAt":"2026-09-06T07:39:59.085Z","category":"furniture","kind":"block","area_m2":0.01}},{"type":"Feature","geometry":{"type":"Polygon","coordinates":[[[5.1000000000000005,9.450000000000001],[5.15,9.450000000000001],[5.15,9.5],[5.1000000000000005,9.5],[5.1000000000000005,9.450000000000001]]]},"properties":{"source":"slicemap-v1","room":"office_20260824","importedAt":"2026-09-06T07:39:59.085Z","category":"furniture","kind":"block","area_m2":0.0025}},{"type":"Feature","geometry":{"type":"Polygon","coordinates":[[[11.5,9.450000000000001],[11.700000000000001,9.450000000000001],[11.700000000000001,9.5],[11.5,9.5],[11.5,9.450000000000001]]]},"properties":{"source":"slicemap-v1","room":"office_20260824","importedAt":"2026-09-06T07:39:59.085Z","category":"furniture","kind":"block","area_m2":0.01}},{"type":"Feature","geometry":{"type":"Polygon","coordinates":[[[11.5,9.5],[11.600000000000001,9.5],[11.600000000000001,9.55],[11.5,9.55],[11.5,9.5]]]},"properties":{"source":"slicemap-v1","room":"office_20260824","importedAt":"2026-09-06T07:39:59.085Z","category":"furniture","kind":"block","area_m2":0.005}},{"type":"Feature","geometry":{"type":"Polygon","coordinates":[[[3.6,9.55],[3.75,9.55],[3.75,9.65],[3.6,9.65],[3.6,9.55]]]},"properties":{"source":"slicemap-v1","room":"office_20260824","importedAt":"2026-09-06T07:39:59.085Z","category":"furniture","kind":"block","area_m2":0.015}},{"type":"Feature","geometry":{"type":"Polygon","coordinates":[[[11.5,9.55],[11.65,9.55],[11.65,9.600000000000001],[11.5,9.600000000000001],[11.5,9.55]]]},"properties":{"source":"slicemap-v1","room":"office_20260824","importedAt":"2026-09-06T07:39:59.085Z","category":"furniture","kind":"block","area_m2":0.0075}},{"type":"Feature","geometry":{"type":"Polygon","coordinates":[[[11.350000000000001,9.600000000000001],[11.5,9.600000000000001],[11.5,9.65],[11.350000000000001,9.65],[11.350000000000001,9.600000000000001]]]},"properties":{"source":"slicemap-v1","room":"office_20260824","importedAt":"2026-09-06T07:39:59.085Z","category":"furniture","kind":"block","area_m2":0.0075}},{"type":"Feature","geometry":{"type":"Polygon","coordinates":[[[3.6,9.65],[3.7,9.65],[3.7,9.700000000000001],[3.6,9.700000000000001],[3.6,9.65]]]},"properties":{"source":"slicemap-v1","room":"office_20260824","importedAt":"2026-09-06T07:39:59.085Z","category":"furniture","kind":"block","area_m2":0.005}},{"type":"Feature","geometry":{"type":"Polygon","coordinates":[[[3.95,9.65],[4,9.65],[4,9.75],[3.95,9.75],[3.95,9.65]]]},"properties":{"source":"slicemap-v1","room":"office_20260824","importedAt":"2026-09-06T07:39:59.085Z","category":"furniture","kind":"block","area_m2":0.005}},{"type":"Feature","geometry":{"type":"Polygon","coordinates":[[[11.25,9.65],[11.350000000000001,9.65],[11.350000000000001,9.700000000000001],[11.25,9.700000000000001],[11.25,9.65]]]},"properties":{"source":"slicemap-v1","room":"office_20260824","importedAt":"2026-09-06T07:39:59.085Z","category":"furniture","kind":"block","area_m2":0.005}},{"type":"Feature","geometry":{"type":"Polygon","coordinates":[[[3.6,9.700000000000001],[3.6500000000000004,9.700000000000001],[3.6500000000000004,9.75],[3.6,9.75],[3.6,9.700000000000001]]]},"properties":{"source":"slicemap-v1","room":"office_20260824","importedAt":"2026-09-06T07:39:59.085Z","category":"furniture","kind":"block","area_m2":0.0025}},{"type":"Feature","geometry":{"type":"Polygon","coordinates":[[[11.25,9.700000000000001],[11.3,9.700000000000001],[11.3,9.75],[11.25,9.75],[11.25,9.700000000000001]]]},"properties":{"source":"slicemap-v1","room":"office_20260824","importedAt":"2026-09-06T07:39:59.085Z","category":"furniture","kind":"block","area_m2":0.0025}},{"type":"Feature","geometry":{"type":"Polygon","coordinates":[[[1.9500000000000002,9.75],[2,9.75],[2,10.05],[1.9500000000000002,10.05],[1.9500000000000002,9.75]]]},"properties":{"source":"slicemap-v1","room":"office_20260824","importedAt":"2026-09-06T07:39:59.085Z","category":"wall","kind":"block","area_m2":0.015}},{"type":"Feature","geometry":{"type":"Polygon","coordinates":[[[3.5500000000000003,9.75],[3.6500000000000004,9.75],[3.6500000000000004,9.8],[3.5500000000000003,9.8],[3.5500000000000003,9.75]]]},"properties":{"source":"slicemap-v1","room":"office_20260824","importedAt":"2026-09-06T07:39:59.085Z","category":"furniture","kind":"block","area_m2":0.005}},{"type":"Feature","geometry":{"type":"Polygon","coordinates":[[[3.95,9.75],[4.05,9.75],[4.05,9.8],[3.95,9.8],[3.95,9.75]]]},"properties":{"source":"slicemap-v1","room":"office_20260824","importedAt":"2026-09-06T07:39:59.085Z","category":"furniture","kind":"block","area_m2":0.005}},{"type":"Feature","geometry":{"type":"Polygon","coordinates":[[[10.5,9.75],[10.55,9.75],[10.55,9.8],[10.5,9.8],[10.5,9.75]]]},"properties":{"source":"slicemap-v1","room":"office_20260824","importedAt":"2026-09-06T07:39:59.085Z","category":"furniture","kind":"block","area_m2":0.0025}},{"type":"Feature","geometry":{"type":"Polygon","coordinates":[[[11.25,9.75],[11.350000000000001,9.75],[11.350000000000001,9.8],[11.25,9.8],[11.25,9.75]]]},"properties":{"source":"slicemap-v1","room":"office_20260824","importedAt":"2026-09-06T07:39:59.085Z","category":"furniture","kind":"block","area_m2":0.005}},{"type":"Feature","geometry":{"type":"Polygon","coordinates":[[[3.5500000000000003,9.8],[3.7,9.8],[3.7,9.850000000000001],[3.5500000000000003,9.850000000000001],[3.5500000000000003,9.8]]]},"properties":{"source":"slicemap-v1","room":"office_20260824","importedAt":"2026-09-06T07:39:59.085Z","category":"furniture","kind":"block","area_m2":0.0075}},{"type":"Feature","geometry":{"type":"Polygon","coordinates":[[[4,9.8],[4.1000000000000005,9.8],[4.1000000000000005,9.850000000000001],[4,9.850000000000001],[4,9.8]]]},"properties":{"source":"slicemap-v1","room":"office_20260824","importedAt":"2026-09-06T07:39:59.085Z","category":"furniture","kind":"block","area_m2":0.005}},{"type":"Feature","geometry":{"type":"Polygon","coordinates":[[[4.65,9.8],[4.7,9.8],[4.7,9.850000000000001],[4.65,9.850000000000001],[4.65,9.8]]]},"properties":{"source":"slicemap-v1","room":"office_20260824","importedAt":"2026-09-06T07:39:59.085Z","category":"furniture","kind":"block","area_m2":0.0025}},{"type":"Feature","geometry":{"type":"Polygon","coordinates":[[[10.450000000000001,9.8],[10.55,9.8],[10.55,9.850000000000001],[10.450000000000001,9.850000000000001],[10.450000000000001,9.8]]]},"properties":{"source":"slicemap-v1","room":"office_20260824","importedAt":"2026-09-06T07:39:59.085Z","category":"furniture","kind":"block","area_m2":0.005}},{"type":"Feature","geometry":{"type":"Polygon","coordinates":[[[11.3,9.8],[11.350000000000001,9.8],[11.350000000000001,10],[11.3,10],[11.3,9.8]]]},"properties":{"source":"slicemap-v1","room":"office_20260824","importedAt":"2026-09-06T07:39:59.085Z","category":"furniture","kind":"block","area_m2":0.01}},{"type":"Feature","geometry":{"type":"Polygon","coordinates":[[[3.5,9.850000000000001],[3.5500000000000003,9.850000000000001],[3.5500000000000003,9.9],[3.5,9.9],[3.5,9.850000000000001]]]},"properties":{"source":"slicemap-v1","room":"office_20260824","importedAt":"2026-09-06T07:39:59.085Z","category":"furniture","kind":"block","area_m2":0.0025}},{"type":"Feature","geometry":{"type":"Polygon","coordinates":[[[3.6,9.850000000000001],[3.7,9.850000000000001],[3.7,9.9],[3.6,9.9],[3.6,9.850000000000001]]]},"properties":{"source":"slicemap-v1","room":"office_20260824","importedAt":"2026-09-06T07:39:59.085Z","category":"furniture","kind":"block","area_m2":0.005}},{"type":"Feature","geometry":{"type":"Polygon","coordinates":[[[3.95,9.850000000000001],[4.1000000000000005,9.850000000000001],[4.1000000000000005,9.9],[3.95,9.9],[3.95,9.850000000000001]]]},"properties":{"source":"slicemap-v1","room":"office_20260824","importedAt":"2026-09-06T07:39:59.085Z","category":"furniture","kind":"block","area_m2":0.0075}},{"type":"Feature","geometry":{"type":"Polygon","coordinates":[[[4.65,9.850000000000001],[4.75,9.850000000000001],[4.75,9.9],[4.65,9.9],[4.65,9.850000000000001]]]},"properties":{"source":"slicemap-v1","room":"office_20260824","importedAt":"2026-09-06T07:39:59.085Z","category":"furniture","kind":"block","area_m2":0.005}},{"type":"Feature","geometry":{"type":"Polygon","coordinates":[[[10.450000000000001,9.850000000000001],[10.5,9.850000000000001],[10.5,9.950000000000001],[10.450000000000001,9.950000000000001],[10.450000000000001,9.850000000000001]]]},"properties":{"source":"slicemap-v1","room":"office_20260824","importedAt":"2026-09-06T07:39:59.085Z","category":"furniture","kind":"block","area_m2":0.005}},{"type":"Feature","geometry":{"type":"Polygon","coordinates":[[[3.5500000000000003,9.9],[4.05,9.9],[4.05,9.950000000000001],[3.5500000000000003,9.950000000000001],[3.5500000000000003,9.9]]]},"properties":{"source":"slicemap-v1","room":"office_20260824","importedAt":"2026-09-06T07:39:59.085Z","category":"furniture","kind":"block","area_m2":0.025}},{"type":"Feature","geometry":{"type":"Polygon","coordinates":[[[4.65,9.9],[4.7,9.9],[4.7,9.950000000000001],[4.65,9.950000000000001],[4.65,9.9]]]},"properties":{"source":"slicemap-v1","room":"office_20260824","importedAt":"2026-09-06T07:39:59.085Z","category":"furniture","kind":"block","area_m2":0.0025}},{"type":"Feature","geometry":{"type":"Polygon","coordinates":[[[11.5,9.9],[11.75,9.9],[11.75,9.950000000000001],[11.5,9.950000000000001],[11.5,9.9]]]},"properties":{"source":"slicemap-v1","room":"office_20260824","importedAt":"2026-09-06T07:39:59.085Z","category":"furniture","kind":"block","area_m2":0.0125}},{"type":"Feature","geometry":{"type":"Polygon","coordinates":[[[3.8000000000000003,9.950000000000001],[3.95,9.950000000000001],[3.95,10],[3.8000000000000003,10],[3.8000000000000003,9.950000000000001]]]},"properties":{"source":"slicemap-v1","room":"office_20260824","importedAt":"2026-09-06T07:39:59.085Z","category":"furniture","kind":"block","area_m2":0.0075}},{"type":"Feature","geometry":{"type":"Polygon","coordinates":[[[5.1000000000000005,9.950000000000001],[5.15,9.950000000000001],[5.15,10.05],[5.1000000000000005,10.05],[5.1000000000000005,9.950000000000001]]]},"properties":{"source":"slicemap-v1","room":"office_20260824","importedAt":"2026-09-06T07:39:59.085Z","category":"furniture","kind":"block","area_m2":0.005}},{"type":"Feature","geometry":{"type":"Polygon","coordinates":[[[10.4,9.950000000000001],[10.5,9.950000000000001],[10.5,10],[10.4,10],[10.4,9.950000000000001]]]},"properties":{"source":"slicemap-v1","room":"office_20260824","importedAt":"2026-09-06T07:39:59.085Z","category":"furniture","kind":"block","area_m2":0.005}},{"type":"Feature","geometry":{"type":"Polygon","coordinates":[[[11.450000000000001,9.950000000000001],[11.75,9.950000000000001],[11.75,10],[11.450000000000001,10],[11.450000000000001,9.950000000000001]]]},"properties":{"source":"slicemap-v1","room":"office_20260824","importedAt":"2026-09-06T07:39:59.085Z","category":"furniture","kind":"block","area_m2":0.015}},{"type":"Feature","geometry":{"type":"Polygon","coordinates":[[[5.2,10],[5.25,10],[5.25,10.100000000000001],[5.2,10.100000000000001],[5.2,10]]]},"properties":{"source":"slicemap-v1","room":"office_20260824","importedAt":"2026-09-06T07:39:59.085Z","category":"furniture","kind":"block","area_m2":0.005}},{"type":"Feature","geometry":{"type":"Polygon","coordinates":[[[10.4,10],[10.450000000000001,10],[10.450000000000001,10.100000000000001],[10.4,10.100000000000001],[10.4,10]]]},"properties":{"source":"slicemap-v1","room":"office_20260824","importedAt":"2026-09-06T07:39:59.085Z","category":"furniture","kind":"block","area_m2":0.005}},{"type":"Feature","geometry":{"type":"Polygon","coordinates":[[[10.75,10],[10.8,10],[10.8,10.05],[10.75,10.05],[10.75,10]]]},"properties":{"source":"slicemap-v1","room":"office_20260824","importedAt":"2026-09-06T07:39:59.085Z","category":"furniture","kind":"block","area_m2":0.0025}},{"type":"Feature","geometry":{"type":"Polygon","coordinates":[[[11.350000000000001,10],[11.5,10],[11.5,10.05],[11.350000000000001,10.05],[11.350000000000001,10]]]},"properties":{"source":"slicemap-v1","room":"office_20260824","importedAt":"2026-09-06T07:39:59.085Z","category":"furniture","kind":"block","area_m2":0.0075}},{"type":"Feature","geometry":{"type":"Polygon","coordinates":[[[11.600000000000001,10],[11.75,10],[11.75,10.05],[11.600000000000001,10.05],[11.600000000000001,10]]]},"properties":{"source":"slicemap-v1","room":"office_20260824","importedAt":"2026-09-06T07:39:59.085Z","category":"furniture","kind":"block","area_m2":0.0075}},{"type":"Feature","geometry":{"type":"Polygon","coordinates":[[[1.9500000000000002,10.05],[2.0500000000000003,10.05],[2.0500000000000003,10.100000000000001],[1.9500000000000002,10.100000000000001],[1.9500000000000002,10.05]]]},"properties":{"source":"slicemap-v1","room":"office_20260824","importedAt":"2026-09-06T07:39:59.085Z","category":"wall","kind":"block","area_m2":0.005}},{"type":"Feature","geometry":{"type":"Polygon","coordinates":[[[10.75,10.05],[10.850000000000001,10.05],[10.850000000000001,10.15],[10.75,10.15],[10.75,10.05]]]},"properties":{"source":"slicemap-v1","room":"office_20260824","importedAt":"2026-09-06T07:39:59.085Z","category":"furniture","kind":"block","area_m2":0.01}},{"type":"Feature","geometry":{"type":"Polygon","coordinates":[[[11.65,10.05],[11.75,10.05],[11.75,10.200000000000001],[11.65,10.200000000000001],[11.65,10.05]]]},"properties":{"source":"slicemap-v1","room":"office_20260824","importedAt":"2026-09-06T07:39:59.085Z","category":"furniture","kind":"block","area_m2":0.015}},{"type":"Feature","geometry":{"type":"Polygon","coordinates":[[[2,10.100000000000001],[2.0500000000000003,10.100000000000001],[2.0500000000000003,10.4],[2,10.4],[2,10.100000000000001]]]},"properties":{"source":"slicemap-v1","room":"office_20260824","importedAt":"2026-09-06T07:39:59.085Z","category":"wall","kind":"block","area_m2":0.015}},{"type":"Feature","geometry":{"type":"Polygon","coordinates":[[[10.450000000000001,10.100000000000001],[10.65,10.100000000000001],[10.65,10.15],[10.450000000000001,10.15],[10.450000000000001,10.100000000000001]]]},"properties":{"source":"slicemap-v1","room":"office_20260824","importedAt":"2026-09-06T07:39:59.085Z","category":"furniture","kind":"block","area_m2":0.01}},{"type":"Feature","geometry":{"type":"Polygon","coordinates":[[[10.600000000000001,10.15],[10.8,10.15],[10.8,10.200000000000001],[10.600000000000001,10.200000000000001],[10.600000000000001,10.15]]]},"properties":{"source":"slicemap-v1","room":"office_20260824","importedAt":"2026-09-06T07:39:59.085Z","category":"furniture","kind":"block","area_m2":0.01}},{"type":"Feature","geometry":{"type":"Polygon","coordinates":[[[11.55,10.200000000000001],[11.75,10.200000000000001],[11.75,10.25],[11.55,10.25],[11.55,10.200000000000001]]]},"properties":{"source":"slicemap-v1","room":"office_20260824","importedAt":"2026-09-06T07:39:59.085Z","category":"furniture","kind":"block","area_m2":0.01}},{"type":"Feature","geometry":{"type":"Polygon","coordinates":[[[11.350000000000001,10.25],[11.700000000000001,10.25],[11.700000000000001,10.3],[11.350000000000001,10.3],[11.350000000000001,10.25]]]},"properties":{"source":"slicemap-v1","room":"office_20260824","importedAt":"2026-09-06T07:39:59.085Z","category":"furniture","kind":"block","area_m2":0.0175}},{"type":"Feature","geometry":{"type":"Polygon","coordinates":[[[11.3,10.3],[11.4,10.3],[11.4,10.4],[11.3,10.4],[11.3,10.3]]]},"properties":{"source":"slicemap-v1","room":"office_20260824","importedAt":"2026-09-06T07:39:59.085Z","category":"furniture","kind":"block","area_m2":0.01}},{"type":"Feature","geometry":{"type":"Polygon","coordinates":[[[3.4000000000000004,10.350000000000001],[3.5500000000000003,10.350000000000001],[3.5500000000000003,10.4],[3.4000000000000004,10.4],[3.4000000000000004,10.350000000000001]]]},"properties":{"source":"slicemap-v1","room":"office_20260824","importedAt":"2026-09-06T07:39:59.085Z","category":"furniture","kind":"block","area_m2":0.0075}},{"type":"Feature","geometry":{"type":"Polygon","coordinates":[[[2,10.4],[2.1,10.4],[2.1,10.450000000000001],[2,10.450000000000001],[2,10.4]]]},"properties":{"source":"slicemap-v1","room":"office_20260824","importedAt":"2026-09-06T07:39:59.085Z","category":"wall","kind":"block","area_m2":0.005}},{"type":"Feature","geometry":{"type":"Polygon","coordinates":[[[3.1,10.4],[3.2,10.4],[3.2,10.5],[3.1,10.5],[3.1,10.4]]]},"properties":{"source":"slicemap-v1","room":"office_20260824","importedAt":"2026-09-06T07:39:59.085Z","category":"furniture","kind":"block","area_m2":0.01}},{"type":"Feature","geometry":{"type":"Polygon","coordinates":[[[3.45,10.4],[3.6,10.4],[3.6,10.450000000000001],[3.45,10.450000000000001],[3.45,10.4]]]},"properties":{"source":"slicemap-v1","room":"office_20260824","importedAt":"2026-09-06T07:39:59.085Z","category":"furniture","kind":"block","area_m2":0.0075}},{"type":"Feature","geometry":{"type":"Polygon","coordinates":[[[11.350000000000001,10.4],[11.4,10.4],[11.4,10.65],[11.350000000000001,10.65],[11.350000000000001,10.4]]]},"properties":{"source":"slicemap-v1","room":"office_20260824","importedAt":"2026-09-06T07:39:59.085Z","category":"furniture","kind":"block","area_m2":0.0125}},{"type":"Feature","geometry":{"type":"Polygon","coordinates":[[[2,10.450000000000001],[2.0500000000000003,10.450000000000001],[2.0500000000000003,10.5],[2,10.5],[2,10.450000000000001]]]},"properties":{"source":"slicemap-v1","room":"office_20260824","importedAt":"2026-09-06T07:39:59.085Z","category":"wall","kind":"block","area_m2":0.0025}},{"type":"Feature","geometry":{"type":"Polygon","coordinates":[[[3.25,10.450000000000001],[3.35,10.450000000000001],[3.35,10.5],[3.25,10.5],[3.25,10.450000000000001]]]},"properties":{"source":"slicemap-v1","room":"office_20260824","importedAt":"2026-09-06T07:39:59.085Z","category":"furniture","kind":"block","area_m2":0.005}},{"type":"Feature","geometry":{"type":"Polygon","coordinates":[[[3.4000000000000004,10.450000000000001],[3.5500000000000003,10.450000000000001],[3.5500000000000003,10.5],[3.4000000000000004,10.5],[3.4000000000000004,10.450000000000001]]]},"properties":{"source":"slicemap-v1","room":"office_20260824","importedAt":"2026-09-06T07:39:59.085Z","category":"furniture","kind":"block","area_m2":0.0075}},{"type":"Feature","geometry":{"type":"Polygon","coordinates":[[[2,10.5],[2.1,10.5],[2.1,10.600000000000001],[2,10.600000000000001],[2,10.5]]]},"properties":{"source":"slicemap-v1","room":"office_20260824","importedAt":"2026-09-06T07:39:59.085Z","category":"wall","kind":"block","area_m2":0.01}},{"type":"Feature","geometry":{"type":"Polygon","coordinates":[[[3.3000000000000003,10.5],[3.4000000000000004,10.5],[3.4000000000000004,10.55],[3.3000000000000003,10.55],[3.3000000000000003,10.5]]]},"properties":{"source":"slicemap-v1","room":"office_20260824","importedAt":"2026-09-06T07:39:59.085Z","category":"furniture","kind":"block","area_m2":0.005}},{"type":"Feature","geometry":{"type":"Polygon","coordinates":[[[3.45,10.5],[3.6,10.5],[3.6,10.55],[3.45,10.55],[3.45,10.5]]]},"properties":{"source":"slicemap-v1","room":"office_20260824","importedAt":"2026-09-06T07:39:59.085Z","category":"furniture","kind":"block","area_m2":0.0075}},{"type":"Feature","geometry":{"type":"Polygon","coordinates":[[[3.3000000000000003,10.55],[3.6,10.55],[3.6,10.600000000000001],[3.3000000000000003,10.600000000000001],[3.3000000000000003,10.55]]]},"properties":{"source":"slicemap-v1","room":"office_20260824","importedAt":"2026-09-06T07:39:59.085Z","category":"furniture","kind":"block","area_m2":0.015}},{"type":"Feature","geometry":{"type":"Polygon","coordinates":[[[2.0500000000000003,10.600000000000001],[2.1,10.600000000000001],[2.1,10.950000000000001],[2.0500000000000003,10.950000000000001],[2.0500000000000003,10.600000000000001]]]},"properties":{"source":"slicemap-v1","room":"office_20260824","importedAt":"2026-09-06T07:39:59.085Z","category":"wall","kind":"block","area_m2":0.0175}},{"type":"Feature","geometry":{"type":"Polygon","coordinates":[[[3.35,10.600000000000001],[3.6,10.600000000000001],[3.6,10.65],[3.35,10.65],[3.35,10.600000000000001]]]},"properties":{"source":"slicemap-v1","room":"office_20260824","importedAt":"2026-09-06T07:39:59.085Z","category":"furniture","kind":"block","area_m2":0.0125}},{"type":"Feature","geometry":{"type":"Polygon","coordinates":[[[3.4000000000000004,10.65],[3.45,10.65],[3.45,10.700000000000001],[3.4000000000000004,10.700000000000001],[3.4000000000000004,10.65]]]},"properties":{"source":"slicemap-v1","room":"office_20260824","importedAt":"2026-09-06T07:39:59.085Z","category":"furniture","kind":"block","area_m2":0.0025}},{"type":"Feature","geometry":{"type":"Polygon","coordinates":[[[3.5500000000000003,10.65],[3.6500000000000004,10.65],[3.6500000000000004,10.700000000000001],[3.5500000000000003,10.700000000000001],[3.5500000000000003,10.65]]]},"properties":{"source":"slicemap-v1","room":"office_20260824","importedAt":"2026-09-06T07:39:59.085Z","category":"furniture","kind":"block","area_m2":0.005}},{"type":"Feature","geometry":{"type":"Polygon","coordinates":[[[11.350000000000001,10.65],[11.450000000000001,10.65],[11.450000000000001,10.700000000000001],[11.350000000000001,10.700000000000001],[11.350000000000001,10.65]]]},"properties":{"source":"slicemap-v1","room":"office_20260824","importedAt":"2026-09-06T07:39:59.085Z","category":"furniture","kind":"block","area_m2":0.005}},{"type":"Feature","geometry":{"type":"Polygon","coordinates":[[[11.4,10.700000000000001],[11.450000000000001,10.700000000000001],[11.450000000000001,10.950000000000001],[11.4,10.950000000000001],[11.4,10.700000000000001]]]},"properties":{"source":"slicemap-v1","room":"office_20260824","importedAt":"2026-09-06T07:39:59.085Z","category":"furniture","kind":"block","area_m2":0.0125}},{"type":"Feature","geometry":{"type":"Polygon","coordinates":[[[6.75,10.8],[6.8500000000000005,10.8],[6.8500000000000005,10.850000000000001],[6.75,10.850000000000001],[6.75,10.8]]]},"properties":{"source":"slicemap-v1","room":"office_20260824","importedAt":"2026-09-06T07:39:59.085Z","category":"furniture","kind":"block","area_m2":0.005}},{"type":"Feature","geometry":{"type":"Polygon","coordinates":[[[6.65,10.850000000000001],[6.800000000000001,10.850000000000001],[6.800000000000001,10.9],[6.65,10.9],[6.65,10.850000000000001]]]},"properties":{"source":"slicemap-v1","room":"office_20260824","importedAt":"2026-09-06T07:39:59.085Z","category":"furniture","kind":"block","area_m2":0.0075}},{"type":"Feature","geometry":{"type":"Polygon","coordinates":[[[6.800000000000001,10.850000000000001],[6.9,10.850000000000001],[6.9,10.9],[6.800000000000001,10.9],[6.800000000000001,10.850000000000001]]]},"properties":{"source":"slicemap-v1","room":"office_20260824","importedAt":"2026-09-06T07:39:59.085Z","category":"wall","kind":"block","area_m2":0.005}},{"type":"Feature","geometry":{"type":"Polygon","coordinates":[[[11.75,10.850000000000001],[11.9,10.850000000000001],[11.9,10.9],[11.75,10.9],[11.75,10.850000000000001]]]},"properties":{"source":"slicemap-v1","room":"office_20260824","importedAt":"2026-09-06T07:39:59.085Z","category":"furniture","kind":"block","area_m2":0.0075}},{"type":"Feature","geometry":{"type":"Polygon","coordinates":[[[6.6000000000000005,10.9],[6.7,10.9],[6.7,10.950000000000001],[6.6000000000000005,10.950000000000001],[6.6000000000000005,10.9]]]},"properties":{"source":"slicemap-v1","room":"office_20260824","importedAt":"2026-09-06T07:39:59.085Z","category":"furniture","kind":"block","area_m2":0.005}},{"type":"Feature","geometry":{"type":"Polygon","coordinates":[[[6.8500000000000005,10.9],[6.95,10.9],[6.95,11],[6.8500000000000005,11],[6.8500000000000005,10.9]]]},"properties":{"source":"slicemap-v1","room":"office_20260824","importedAt":"2026-09-06T07:39:59.085Z","category":"wall","kind":"block","area_m2":0.01}},{"type":"Feature","geometry":{"type":"Polygon","coordinates":[[[11.5,10.9],[11.8,10.9],[11.8,10.950000000000001],[11.5,10.950000000000001],[11.5,10.9]]]},"properties":{"source":"slicemap-v1","room":"office_20260824","importedAt":"2026-09-06T07:39:59.085Z","category":"furniture","kind":"block","area_m2":0.015}},{"type":"Feature","geometry":{"type":"Polygon","coordinates":[[[11.850000000000001,10.9],[11.950000000000001,10.9],[11.950000000000001,10.950000000000001],[11.850000000000001,10.950000000000001],[11.850000000000001,10.9]]]},"properties":{"source":"slicemap-v1","room":"office_20260824","importedAt":"2026-09-06T07:39:59.085Z","category":"furniture","kind":"block","area_m2":0.005}},{"type":"Feature","geometry":{"type":"Polygon","coordinates":[[[2.1,10.950000000000001],[2.15,10.950000000000001],[2.15,11.200000000000001],[2.1,11.200000000000001],[2.1,10.950000000000001]]]},"properties":{"source":"slicemap-v1","room":"office_20260824","importedAt":"2026-09-06T07:39:59.085Z","category":"wall","kind":"block","area_m2":0.0125}},{"type":"Feature","geometry":{"type":"Polygon","coordinates":[[[6.25,10.950000000000001],[6.6000000000000005,10.950000000000001],[6.6000000000000005,11],[6.25,11],[6.25,10.950000000000001]]]},"properties":{"source":"slicemap-v1","room":"office_20260824","importedAt":"2026-09-06T07:39:59.085Z","category":"furniture","kind":"block","area_m2":0.0175}},{"type":"Feature","geometry":{"type":"Polygon","coordinates":[[[11.4,10.950000000000001],[11.55,10.950000000000001],[11.55,11],[11.4,11],[11.4,10.950000000000001]]]},"properties":{"source":"slicemap-v1","room":"office_20260824","importedAt":"2026-09-06T07:39:59.085Z","category":"furniture","kind":"block","area_m2":0.0075}},{"type":"Feature","geometry":{"type":"Polygon","coordinates":[[[11.9,10.950000000000001],[11.950000000000001,10.950000000000001],[11.950000000000001,11.05],[11.9,11.05],[11.9,10.950000000000001]]]},"properties":{"source":"slicemap-v1","room":"office_20260824","importedAt":"2026-09-06T07:39:59.085Z","category":"furniture","kind":"block","area_m2":0.005}},{"type":"Feature","geometry":{"type":"Polygon","coordinates":[[[6.050000000000001,11],[6.15,11],[6.15,11.05],[6.050000000000001,11.05],[6.050000000000001,11]]]},"properties":{"source":"slicemap-v1","room":"office_20260824","importedAt":"2026-09-06T07:39:59.085Z","category":"furniture","kind":"block","area_m2":0.005}},{"type":"Feature","geometry":{"type":"Polygon","coordinates":[[[6.15,11],[6.2,11],[6.2,11.05],[6.15,11.05],[6.15,11]]]},"properties":{"source":"slicemap-v1","room":"office_20260824","importedAt":"2026-09-06T07:39:59.085Z","category":"wall","kind":"block","area_m2":0.0025}},{"type":"Feature","geometry":{"type":"Polygon","coordinates":[[[6.2,11],[6.300000000000001,11],[6.300000000000001,11.05],[6.2,11.05],[6.2,11]]]},"properties":{"source":"slicemap-v1","room":"office_20260824","importedAt":"2026-09-06T07:39:59.085Z","category":"furniture","kind":"block","area_m2":0.005}},{"type":"Feature","geometry":{"type":"Polygon","coordinates":[[[6.8500000000000005,11],[6.9,11],[6.9,11.05],[6.8500000000000005,11.05],[6.8500000000000005,11]]]},"properties":{"source":"slicemap-v1","room":"office_20260824","importedAt":"2026-09-06T07:39:59.085Z","category":"wall","kind":"block","area_m2":0.0025}},{"type":"Feature","geometry":{"type":"Polygon","coordinates":[[[6.050000000000001,11.05],[6.1000000000000005,11.05],[6.1000000000000005,11.100000000000001],[6.050000000000001,11.100000000000001],[6.050000000000001,11.05]]]},"properties":{"source":"slicemap-v1","room":"office_20260824","importedAt":"2026-09-06T07:39:59.085Z","category":"furniture","kind":"block","area_m2":0.0025}},{"type":"Feature","geometry":{"type":"Polygon","coordinates":[[[6.9,11.05],[6.95,11.05],[6.95,11.4],[6.9,11.4],[6.9,11.05]]]},"properties":{"source":"slicemap-v1","room":"office_20260824","importedAt":"2026-09-06T07:39:59.085Z","category":"wall","kind":"block","area_m2":0.0175}},{"type":"Feature","geometry":{"type":"Polygon","coordinates":[[[11.5,11.05],[11.75,11.05],[11.75,11.3],[11.5,11.3],[11.5,11.05]]]},"properties":{"source":"slicemap-v1","room":"office_20260824","importedAt":"2026-09-06T07:39:59.085Z","category":"furniture","kind":"block","area_m2":0.0625}},{"type":"Feature","geometry":{"type":"Polygon","coordinates":[[[11.9,11.05],[12,11.05],[12,11.100000000000001],[11.9,11.100000000000001],[11.9,11.05]]]},"properties":{"source":"slicemap-v1","room":"office_20260824","importedAt":"2026-09-06T07:39:59.085Z","category":"furniture","kind":"block","area_m2":0.005}},{"type":"Feature","geometry":{"type":"Polygon","coordinates":[[[11.950000000000001,11.100000000000001],[12,11.100000000000001],[12,11.350000000000001],[11.950000000000001,11.350000000000001],[11.950000000000001,11.100000000000001]]]},"properties":{"source":"slicemap-v1","room":"office_20260824","importedAt":"2026-09-06T07:39:59.085Z","category":"furniture","kind":"block","area_m2":0.0125}},{"type":"Feature","geometry":{"type":"Polygon","coordinates":[[[4.800000000000001,11.15],[4.9,11.15],[4.9,11.200000000000001],[4.800000000000001,11.200000000000001],[4.800000000000001,11.15]]]},"properties":{"source":"slicemap-v1","room":"office_20260824","importedAt":"2026-09-06T07:39:59.085Z","category":"furniture","kind":"block","area_m2":0.005}},{"type":"Feature","geometry":{"type":"Polygon","coordinates":[[[2.1,11.200000000000001],[2.2,11.200000000000001],[2.2,11.25],[2.1,11.25],[2.1,11.200000000000001]]]},"properties":{"source":"slicemap-v1","room":"office_20260824","importedAt":"2026-09-06T07:39:59.085Z","category":"wall","kind":"block","area_m2":0.005}},{"type":"Feature","geometry":{"type":"Polygon","coordinates":[[[4.800000000000001,11.200000000000001],[4.95,11.200000000000001],[4.95,11.25],[4.800000000000001,11.25],[4.800000000000001,11.200000000000001]]]},"properties":{"source":"slicemap-v1","room":"office_20260824","importedAt":"2026-09-06T07:39:59.085Z","category":"furniture","kind":"block","area_m2":0.0075}},{"type":"Feature","geometry":{"type":"Polygon","coordinates":[[[2.15,11.25],[2.2,11.25],[2.2,11.600000000000001],[2.15,11.600000000000001],[2.15,11.25]]]},"properties":{"source":"slicemap-v1","room":"office_20260824","importedAt":"2026-09-06T07:39:59.085Z","category":"wall","kind":"block","area_m2":0.0175}},{"type":"Feature","geometry":{"type":"Polygon","coordinates":[[[4.05,11.25],[4.1000000000000005,11.25],[4.1000000000000005,11.3],[4.05,11.3],[4.05,11.25]]]},"properties":{"source":"slicemap-v1","room":"office_20260824","importedAt":"2026-09-06T07:39:59.085Z","category":"furniture","kind":"block","area_m2":0.0025}},{"type":"Feature","geometry":{"type":"Polygon","coordinates":[[[4.8500000000000005,11.25],[4.95,11.25],[4.95,11.3],[4.8500000000000005,11.3],[4.8500000000000005,11.25]]]},"properties":{"source":"slicemap-v1","room":"office_20260824","importedAt":"2026-09-06T07:39:59.085Z","category":"furniture","kind":"block","area_m2":0.005}},{"type":"Feature","geometry":{"type":"Polygon","coordinates":[[[4,11.3],[4.2,11.3],[4.2,11.350000000000001],[4,11.350000000000001],[4,11.3]]]},"properties":{"source":"slicemap-v1","room":"office_20260824","importedAt":"2026-09-06T07:39:59.085Z","category":"furniture","kind":"block","area_m2":0.01}},{"type":"Feature","geometry":{"type":"Polygon","coordinates":[[[11.55,11.3],[11.75,11.3],[11.75,11.4],[11.55,11.4],[11.55,11.3]]]},"properties":{"source":"slicemap-v1","room":"office_20260824","importedAt":"2026-09-06T07:39:59.085Z","category":"furniture","kind":"block","area_m2":0.02}},{"type":"Feature","geometry":{"type":"Polygon","coordinates":[[[4.05,11.350000000000001],[4.2,11.350000000000001],[4.2,11.4],[4.05,11.4],[4.05,11.350000000000001]]]},"properties":{"source":"slicemap-v1","room":"office_20260824","importedAt":"2026-09-06T07:39:59.085Z","category":"furniture","kind":"block","area_m2":0.0075}},{"type":"Feature","geometry":{"type":"Polygon","coordinates":[[[11.950000000000001,11.350000000000001],[12.05,11.350000000000001],[12.05,11.4],[11.950000000000001,11.4],[11.950000000000001,11.350000000000001]]]},"properties":{"source":"slicemap-v1","room":"office_20260824","importedAt":"2026-09-06T07:39:59.085Z","category":"furniture","kind":"block","area_m2":0.005}},{"type":"Feature","geometry":{"type":"Polygon","coordinates":[[[6.9,11.4],[7,11.4],[7,11.450000000000001],[6.9,11.450000000000001],[6.9,11.4]]]},"properties":{"source":"slicemap-v1","room":"office_20260824","importedAt":"2026-09-06T07:39:59.085Z","category":"wall","kind":"block","area_m2":0.005}},{"type":"Feature","geometry":{"type":"Polygon","coordinates":[[[12,11.4],[12.05,11.4],[12.05,11.75],[12,11.75],[12,11.4]]]},"properties":{"source":"slicemap-v1","room":"office_20260824","importedAt":"2026-09-06T07:39:59.085Z","category":"furniture","kind":"block","area_m2":0.0175}},{"type":"Feature","geometry":{"type":"Polygon","coordinates":[[[6.95,11.450000000000001],[7,11.450000000000001],[7,11.65],[6.95,11.65],[6.95,11.450000000000001]]]},"properties":{"source":"slicemap-v1","room":"office_20260824","importedAt":"2026-09-06T07:39:59.085Z","category":"wall","kind":"block","area_m2":0.01}},{"type":"Feature","geometry":{"type":"Polygon","coordinates":[[[2.15,11.600000000000001],[2.25,11.600000000000001],[2.25,11.65],[2.15,11.65],[2.15,11.600000000000001]]]},"properties":{"source":"slicemap-v1","room":"office_20260824","importedAt":"2026-09-06T07:39:59.085Z","category":"wall","kind":"block","area_m2":0.005}},{"type":"Feature","geometry":{"type":"Polygon","coordinates":[[[2.2,11.65],[2.25,11.65],[2.25,11.850000000000001],[2.2,11.850000000000001],[2.2,11.65]]]},"properties":{"source":"slicemap-v1","room":"office_20260824","importedAt":"2026-09-06T07:39:59.085Z","category":"wall","kind":"block","area_m2":0.01}},{"type":"Feature","geometry":{"type":"Polygon","coordinates":[[[6.800000000000001,11.65],[7,11.65],[7,11.700000000000001],[6.800000000000001,11.700000000000001],[6.800000000000001,11.65]]]},"properties":{"source":"slicemap-v1","room":"office_20260824","importedAt":"2026-09-06T07:39:59.085Z","category":"furniture","kind":"block","area_m2":0.01}},{"type":"Feature","geometry":{"type":"Polygon","coordinates":[[[12.05,11.75],[12.100000000000001,11.75],[12.100000000000001,12.100000000000001],[12.05,12.100000000000001],[12.05,11.75]]]},"properties":{"source":"slicemap-v1","room":"office_20260824","importedAt":"2026-09-06T07:39:59.085Z","category":"furniture","kind":"block","area_m2":0.0175}},{"type":"Feature","geometry":{"type":"Polygon","coordinates":[[[6.2,11.8],[6.300000000000001,11.8],[6.300000000000001,11.850000000000001],[6.2,11.850000000000001],[6.2,11.8]]]},"properties":{"source":"slicemap-v1","room":"office_20260824","importedAt":"2026-09-06T07:39:59.085Z","category":"wall","kind":"block","area_m2":0.005}},{"type":"Feature","geometry":{"type":"Polygon","coordinates":[[[2.2,11.850000000000001],[2.3000000000000003,11.850000000000001],[2.3000000000000003,11.9],[2.2,11.9],[2.2,11.850000000000001]]]},"properties":{"source":"slicemap-v1","room":"office_20260824","importedAt":"2026-09-06T07:39:59.085Z","category":"wall","kind":"block","area_m2":0.005}},{"type":"Feature","geometry":{"type":"Polygon","coordinates":[[[6.050000000000001,11.850000000000001],[6.15,11.850000000000001],[6.15,11.950000000000001],[6.050000000000001,11.950000000000001],[6.050000000000001,11.850000000000001]]]},"properties":{"source":"slicemap-v1","room":"office_20260824","importedAt":"2026-09-06T07:39:59.085Z","category":"furniture","kind":"block","area_m2":0.01}},{"type":"Feature","geometry":{"type":"Polygon","coordinates":[[[6.2,11.850000000000001],[6.25,11.850000000000001],[6.25,12],[6.2,12],[6.2,11.850000000000001]]]},"properties":{"source":"slicemap-v1","room":"office_20260824","importedAt":"2026-09-06T07:39:59.085Z","category":"wall","kind":"block","area_m2":0.0075}},{"type":"Feature","geometry":{"type":"Polygon","coordinates":[[[2.25,11.9],[2.3000000000000003,11.9],[2.3000000000000003,12.350000000000001],[2.25,12.350000000000001],[2.25,11.9]]]},"properties":{"source":"slicemap-v1","room":"office_20260824","importedAt":"2026-09-06T07:39:59.085Z","category":"wall","kind":"block","area_m2":0.0225}},{"type":"Feature","geometry":{"type":"Polygon","coordinates":[[[2.3000000000000003,11.9],[2.35,11.9],[2.35,11.950000000000001],[2.3000000000000003,11.950000000000001],[2.3000000000000003,11.9]]]},"properties":{"source":"slicemap-v1","room":"office_20260824","importedAt":"2026-09-06T07:39:59.085Z","category":"furniture","kind":"block","area_m2":0.0025}},{"type":"Feature","geometry":{"type":"Polygon","coordinates":[[[10.950000000000001,11.9],[11,11.9],[11,11.950000000000001],[10.950000000000001,11.950000000000001],[10.950000000000001,11.9]]]},"properties":{"source":"slicemap-v1","room":"office_20260824","importedAt":"2026-09-06T07:39:59.085Z","category":"furniture","kind":"block","area_m2":0.0025}},{"type":"Feature","geometry":{"type":"Polygon","coordinates":[[[6.050000000000001,11.950000000000001],[6.1000000000000005,11.950000000000001],[6.1000000000000005,12],[6.050000000000001,12],[6.050000000000001,11.950000000000001]]]},"properties":{"source":"slicemap-v1","room":"office_20260824","importedAt":"2026-09-06T07:39:59.085Z","category":"furniture","kind":"block","area_m2":0.0025}},{"type":"Feature","geometry":{"type":"Polygon","coordinates":[[[10.350000000000001,11.950000000000001],[10.4,11.950000000000001],[10.4,12],[10.350000000000001,12],[10.350000000000001,11.950000000000001]]]},"properties":{"source":"slicemap-v1","room":"office_20260824","importedAt":"2026-09-06T07:39:59.085Z","category":"furniture","kind":"block","area_m2":0.0025}},{"type":"Feature","geometry":{"type":"Polygon","coordinates":[[[10.9,11.950000000000001],[11.15,11.950000000000001],[11.15,12],[10.9,12],[10.9,11.950000000000001]]]},"properties":{"source":"slicemap-v1","room":"office_20260824","importedAt":"2026-09-06T07:39:59.085Z","category":"furniture","kind":"block","area_m2":0.0125}},{"type":"Feature","geometry":{"type":"Polygon","coordinates":[[[11.3,11.950000000000001],[11.4,11.950000000000001],[11.4,12],[11.3,12],[11.3,11.950000000000001]]]},"properties":{"source":"slicemap-v1","room":"office_20260824","importedAt":"2026-09-06T07:39:59.085Z","category":"furniture","kind":"block","area_m2":0.005}},{"type":"Feature","geometry":{"type":"Polygon","coordinates":[[[6.050000000000001,12],[6.15,12],[6.15,12.05],[6.050000000000001,12.05],[6.050000000000001,12]]]},"properties":{"source":"slicemap-v1","room":"office_20260824","importedAt":"2026-09-06T07:39:59.085Z","category":"furniture","kind":"block","area_m2":0.005}},{"type":"Feature","geometry":{"type":"Polygon","coordinates":[[[6.2,12],[6.300000000000001,12],[6.300000000000001,12.05],[6.2,12.05],[6.2,12]]]},"properties":{"source":"slicemap-v1","room":"office_20260824","importedAt":"2026-09-06T07:39:59.085Z","category":"wall","kind":"block","area_m2":0.005}},{"type":"Feature","geometry":{"type":"Polygon","coordinates":[[[10.3,12],[10.5,12],[10.5,12.05],[10.3,12.05],[10.3,12]]]},"properties":{"source":"slicemap-v1","room":"office_20260824","importedAt":"2026-09-06T07:39:59.085Z","category":"furniture","kind":"block","area_m2":0.01}},{"type":"Feature","geometry":{"type":"Polygon","coordinates":[[[10.600000000000001,12],[10.950000000000001,12],[10.950000000000001,12.05],[10.600000000000001,12.05],[10.600000000000001,12]]]},"properties":{"source":"slicemap-v1","room":"office_20260824","importedAt":"2026-09-06T07:39:59.085Z","category":"furniture","kind":"block","area_m2":0.0175}},{"type":"Feature","geometry":{"type":"Polygon","coordinates":[[[11.05,12],[11.5,12],[11.5,12.05],[11.05,12.05],[11.05,12]]]},"properties":{"source":"slicemap-v1","room":"office_20260824","importedAt":"2026-09-06T07:39:59.085Z","category":"furniture","kind":"block","area_m2":0.0225}},{"type":"Feature","geometry":{"type":"Polygon","coordinates":[[[6.050000000000001,12.05],[6.1000000000000005,12.05],[6.1000000000000005,12.100000000000001],[6.050000000000001,12.100000000000001],[6.050000000000001,12.05]]]},"properties":{"source":"slicemap-v1","room":"office_20260824","importedAt":"2026-09-06T07:39:59.085Z","category":"wall","kind":"block","area_m2":0.0025}},{"type":"Feature","geometry":{"type":"Polygon","coordinates":[[[6.1000000000000005,12.05],[6.15,12.05],[6.15,12.3],[6.1000000000000005,12.3],[6.1000000000000005,12.05]]]},"properties":{"source":"slicemap-v1","room":"office_20260824","importedAt":"2026-09-06T07:39:59.085Z","category":"furniture","kind":"block","area_m2":0.0125}},{"type":"Feature","geometry":{"type":"Polygon","coordinates":[[[6.25,12.05],[6.300000000000001,12.05],[6.300000000000001,12.25],[6.25,12.25],[6.25,12.05]]]},"properties":{"source":"slicemap-v1","room":"office_20260824","importedAt":"2026-09-06T07:39:59.085Z","category":"wall","kind":"block","area_m2":0.01}},{"type":"Feature","geometry":{"type":"Polygon","coordinates":[[[10.3,12.05],[10.9,12.05],[10.9,12.100000000000001],[10.3,12.100000000000001],[10.3,12.05]]]},"properties":{"source":"slicemap-v1","room":"office_20260824","importedAt":"2026-09-06T07:39:59.085Z","category":"furniture","kind":"block","area_m2":0.03}},{"type":"Feature","geometry":{"type":"Polygon","coordinates":[[[11.05,12.05],[11.350000000000001,12.05],[11.350000000000001,12.100000000000001],[11.05,12.100000000000001],[11.05,12.05]]]},"properties":{"source":"slicemap-v1","room":"office_20260824","importedAt":"2026-09-06T07:39:59.085Z","category":"furniture","kind":"block","area_m2":0.015}},{"type":"Feature","geometry":{"type":"Polygon","coordinates":[[[11.4,12.05],[11.55,12.05],[11.55,12.100000000000001],[11.4,12.100000000000001],[11.4,12.05]]]},"properties":{"source":"slicemap-v1","room":"office_20260824","importedAt":"2026-09-06T07:39:59.085Z","category":"furniture","kind":"block","area_m2":0.0075}},{"type":"Feature","geometry":{"type":"Polygon","coordinates":[[[10.200000000000001,12.100000000000001],[10.25,12.100000000000001],[10.25,12.15],[10.200000000000001,12.15],[10.200000000000001,12.100000000000001]]]},"properties":{"source":"slicemap-v1","room":"office_20260824","importedAt":"2026-09-06T07:39:59.085Z","category":"wall","kind":"block","area_m2":0.0025}},{"type":"Feature","geometry":{"type":"Polygon","coordinates":[[[10.25,12.100000000000001],[10.350000000000001,12.100000000000001],[10.350000000000001,12.15],[10.25,12.15],[10.25,12.100000000000001]]]},"properties":{"source":"slicemap-v1","room":"office_20260824","importedAt":"2026-09-06T07:39:59.085Z","category":"furniture","kind":"block","area_m2":0.005}},{"type":"Feature","geometry":{"type":"Polygon","coordinates":[[[10.55,12.100000000000001],[10.65,12.100000000000001],[10.65,12.15],[10.55,12.15],[10.55,12.100000000000001]]]},"properties":{"source":"slicemap-v1","room":"office_20260824","importedAt":"2026-09-06T07:39:59.085Z","category":"furniture","kind":"block","area_m2":0.005}},{"type":"Feature","geometry":{"type":"Polygon","coordinates":[[[10.75,12.100000000000001],[10.8,12.100000000000001],[10.8,12.15],[10.75,12.15],[10.75,12.100000000000001]]]},"properties":{"source":"slicemap-v1","room":"office_20260824","importedAt":"2026-09-06T07:39:59.085Z","category":"furniture","kind":"block","area_m2":0.0025}},{"type":"Feature","geometry":{"type":"Polygon","coordinates":[[[11.100000000000001,12.100000000000001],[11.350000000000001,12.100000000000001],[11.350000000000001,12.15],[11.100000000000001,12.15],[11.100000000000001,12.100000000000001]]]},"properties":{"source":"slicemap-v1","room":"office_20260824","importedAt":"2026-09-06T07:39:59.085Z","category":"furniture","kind":"block","area_m2":0.0125}},{"type":"Feature","geometry":{"type":"Polygon","coordinates":[[[11.4,12.100000000000001],[11.5,12.100000000000001],[11.5,12.15],[11.4,12.15],[11.4,12.100000000000001]]]},"properties":{"source":"slicemap-v1","room":"office_20260824","importedAt":"2026-09-06T07:39:59.085Z","category":"furniture","kind":"block","area_m2":0.005}},{"type":"Feature","geometry":{"type":"Polygon","coordinates":[[[12.100000000000001,12.100000000000001],[12.15,12.100000000000001],[12.15,12.4],[12.100000000000001,12.4],[12.100000000000001,12.100000000000001]]]},"properties":{"source":"slicemap-v1","room":"office_20260824","importedAt":"2026-09-06T07:39:59.085Z","category":"furniture","kind":"block","area_m2":0.015}},{"type":"Feature","geometry":{"type":"Polygon","coordinates":[[[10.200000000000001,12.15],[10.3,12.15],[10.3,12.25],[10.200000000000001,12.25],[10.200000000000001,12.15]]]},"properties":{"source":"slicemap-v1","room":"office_20260824","importedAt":"2026-09-06T07:39:59.085Z","category":"wall","kind":"block","area_m2":0.01}},{"type":"Feature","geometry":{"type":"Polygon","coordinates":[[[11.05,12.15],[11.450000000000001,12.15],[11.450000000000001,12.200000000000001],[11.05,12.200000000000001],[11.05,12.15]]]},"properties":{"source":"slicemap-v1","room":"office_20260824","importedAt":"2026-09-06T07:39:59.085Z","category":"furniture","kind":"block","area_m2":0.02}},{"type":"Feature","geometry":{"type":"Polygon","coordinates":[[[10.65,12.200000000000001],[11.15,12.200000000000001],[11.15,12.25],[10.65,12.25],[10.65,12.200000000000001]]]},"properties":{"source":"slicemap-v1","room":"office_20260824","importedAt":"2026-09-06T07:39:59.085Z","category":"furniture","kind":"block","area_m2":0.025}},{"type":"Feature","geometry":{"type":"Polygon","coordinates":[[[6.25,12.25],[6.3500000000000005,12.25],[6.3500000000000005,12.3],[6.25,12.3],[6.25,12.25]]]},"properties":{"source":"slicemap-v1","room":"office_20260824","importedAt":"2026-09-06T07:39:59.085Z","category":"wall","kind":"block","area_m2":0.005}},{"type":"Feature","geometry":{"type":"Polygon","coordinates":[[[10.25,12.25],[10.3,12.25],[10.3,12.3],[10.25,12.3],[10.25,12.25]]]},"properties":{"source":"slicemap-v1","room":"office_20260824","importedAt":"2026-09-06T07:39:59.085Z","category":"wall","kind":"block","area_m2":0.0025}},{"type":"Feature","geometry":{"type":"Polygon","coordinates":[[[10.3,12.25],[10.350000000000001,12.25],[10.350000000000001,12.3],[10.3,12.3],[10.3,12.25]]]},"properties":{"source":"slicemap-v1","room":"office_20260824","importedAt":"2026-09-06T07:39:59.085Z","category":"furniture","kind":"block","area_m2":0.0025}},{"type":"Feature","geometry":{"type":"Polygon","coordinates":[[[10.5,12.25],[11.15,12.25],[11.15,12.3],[10.5,12.3],[10.5,12.25]]]},"properties":{"source":"slicemap-v1","room":"office_20260824","importedAt":"2026-09-06T07:39:59.085Z","category":"furniture","kind":"block","area_m2":0.0325}},{"type":"Feature","geometry":{"type":"Polygon","coordinates":[[[6.1000000000000005,12.3],[6.15,12.3],[6.15,12.350000000000001],[6.1000000000000005,12.350000000000001],[6.1000000000000005,12.3]]]},"properties":{"source":"slicemap-v1","room":"office_20260824","importedAt":"2026-09-06T07:39:59.085Z","category":"wall","kind":"block","area_m2":0.0025}},{"type":"Feature","geometry":{"type":"Polygon","coordinates":[[[6.300000000000001,12.3],[6.3500000000000005,12.3],[6.3500000000000005,12.8],[6.300000000000001,12.8],[6.300000000000001,12.3]]]},"properties":{"source":"slicemap-v1","room":"office_20260824","importedAt":"2026-09-06T07:39:59.085Z","category":"wall","kind":"block","area_m2":0.025}},{"type":"Feature","geometry":{"type":"Polygon","coordinates":[[[10.3,12.3],[10.55,12.3],[10.55,12.350000000000001],[10.3,12.350000000000001],[10.3,12.3]]]},"properties":{"source":"slicemap-v1","room":"office_20260824","importedAt":"2026-09-06T07:39:59.085Z","category":"furniture","kind":"block","area_m2":0.0125}},{"type":"Feature","geometry":{"type":"Polygon","coordinates":[[[10.950000000000001,12.3],[11.05,12.3],[11.05,12.350000000000001],[10.950000000000001,12.350000000000001],[10.950000000000001,12.3]]]},"properties":{"source":"slicemap-v1","room":"office_20260824","importedAt":"2026-09-06T07:39:59.085Z","category":"furniture","kind":"block","area_m2":0.005}},{"type":"Feature","geometry":{"type":"Polygon","coordinates":[[[2.3000000000000003,12.350000000000001],[2.35,12.350000000000001],[2.35,12.55],[2.3000000000000003,12.55],[2.3000000000000003,12.350000000000001]]]},"properties":{"source":"slicemap-v1","room":"office_20260824","importedAt":"2026-09-06T07:39:59.085Z","category":"wall","kind":"block","area_m2":0.01}},{"type":"Feature","geometry":{"type":"Polygon","coordinates":[[[5.300000000000001,12.350000000000001],[5.3500000000000005,12.350000000000001],[5.3500000000000005,12.450000000000001],[5.300000000000001,12.450000000000001],[5.300000000000001,12.350000000000001]]]},"properties":{"source":"slicemap-v1","room":"office_20260824","importedAt":"2026-09-06T07:39:59.085Z","category":"furniture","kind":"block","area_m2":0.005}},{"type":"Feature","geometry":{"type":"Polygon","coordinates":[[[6.050000000000001,12.350000000000001],[6.15,12.350000000000001],[6.15,12.450000000000001],[6.050000000000001,12.450000000000001],[6.050000000000001,12.350000000000001]]]},"properties":{"source":"slicemap-v1","room":"office_20260824","importedAt":"2026-09-06T07:39:59.085Z","category":"wall","kind":"block","area_m2":0.01}},{"type":"Feature","geometry":{"type":"Polygon","coordinates":[[[10.3,12.350000000000001],[10.5,12.350000000000001],[10.5,12.4],[10.3,12.4],[10.3,12.350000000000001]]]},"properties":{"source":"slicemap-v1","room":"office_20260824","importedAt":"2026-09-06T07:39:59.085Z","category":"furniture","kind":"block","area_m2":0.01}},{"type":"Feature","geometry":{"type":"Polygon","coordinates":[[[10.4,12.4],[10.450000000000001,12.4],[10.450000000000001,12.450000000000001],[10.4,12.450000000000001],[10.4,12.4]]]},"properties":{"source":"slicemap-v1","room":"office_20260824","importedAt":"2026-09-06T07:39:59.085Z","category":"furniture","kind":"block","area_m2":0.0025}},{"type":"Feature","geometry":{"type":"Polygon","coordinates":[[[12.100000000000001,12.4],[12.200000000000001,12.4],[12.200000000000001,12.450000000000001],[12.100000000000001,12.450000000000001],[12.100000000000001,12.4]]]},"properties":{"source":"slicemap-v1","room":"office_20260824","importedAt":"2026-09-06T07:39:59.085Z","category":"furniture","kind":"block","area_m2":0.005}},{"type":"Feature","geometry":{"type":"Polygon","coordinates":[[[6,12.450000000000001],[6.1000000000000005,12.450000000000001],[6.1000000000000005,12.5],[6,12.5],[6,12.450000000000001]]]},"properties":{"source":"slicemap-v1","room":"office_20260824","importedAt":"2026-09-06T07:39:59.085Z","category":"furniture","kind":"block","area_m2":0.005}},{"type":"Feature","geometry":{"type":"Polygon","coordinates":[[[12.15,12.450000000000001],[12.200000000000001,12.450000000000001],[12.200000000000001,12.75],[12.15,12.75],[12.15,12.450000000000001]]]},"properties":{"source":"slicemap-v1","room":"office_20260824","importedAt":"2026-09-06T07:39:59.085Z","category":"furniture","kind":"block","area_m2":0.015}},{"type":"Feature","geometry":{"type":"Polygon","coordinates":[[[3.45,12.5],[3.5500000000000003,12.5],[3.5500000000000003,12.55],[3.45,12.55],[3.45,12.5]]]},"properties":{"source":"slicemap-v1","room":"office_20260824","importedAt":"2026-09-06T07:39:59.085Z","category":"furniture","kind":"block","area_m2":0.005}},{"type":"Feature","geometry":{"type":"Polygon","coordinates":[[[5.25,12.5],[5.300000000000001,12.5],[5.300000000000001,12.55],[5.25,12.55],[5.25,12.5]]]},"properties":{"source":"slicemap-v1","room":"office_20260824","importedAt":"2026-09-06T07:39:59.085Z","category":"furniture","kind":"block","area_m2":0.0025}},{"type":"Feature","geometry":{"type":"Polygon","coordinates":[[[2.3000000000000003,12.55],[2.4000000000000004,12.55],[2.4000000000000004,12.600000000000001],[2.3000000000000003,12.600000000000001],[2.3000000000000003,12.55]]]},"properties":{"source":"slicemap-v1","room":"office_20260824","importedAt":"2026-09-06T07:39:59.085Z","category":"wall","kind":"block","area_m2":0.005}},{"type":"Feature","geometry":{"type":"Polygon","coordinates":[[[3.35,12.55],[3.6,12.55],[3.6,12.600000000000001],[3.35,12.600000000000001],[3.35,12.55]]]},"properties":{"source":"slicemap-v1","room":"office_20260824","importedAt":"2026-09-06T07:39:59.085Z","category":"furniture","kind":"block","area_m2":0.0125}},{"type":"Feature","geometry":{"type":"Polygon","coordinates":[[[4.3,12.55],[4.3500000000000005,12.55],[4.3500000000000005,12.65],[4.3,12.65],[4.3,12.55]]]},"properties":{"source":"slicemap-v1","room":"office_20260824","importedAt":"2026-09-06T07:39:59.085Z","category":"furniture","kind":"block","area_m2":0.005}},{"type":"Feature","geometry":{"type":"Polygon","coordinates":[[[2.35,12.600000000000001],[2.4000000000000004,12.600000000000001],[2.4000000000000004,12.700000000000001],[2.35,12.700000000000001],[2.35,12.600000000000001]]]},"properties":{"source":"slicemap-v1","room":"office_20260824","importedAt":"2026-09-06T07:39:59.085Z","category":"wall","kind":"block","area_m2":0.005}},{"type":"Feature","geometry":{"type":"Polygon","coordinates":[[[3.3000000000000003,12.600000000000001],[3.35,12.600000000000001],[3.35,12.65],[3.3000000000000003,12.65],[3.3000000000000003,12.600000000000001]]]},"properties":{"source":"slicemap-v1","room":"office_20260824","importedAt":"2026-09-06T07:39:59.085Z","category":"furniture","kind":"block","area_m2":0.0025}},{"type":"Feature","geometry":{"type":"Polygon","coordinates":[[[3.45,12.600000000000001],[3.6,12.600000000000001],[3.6,12.65],[3.45,12.65],[3.45,12.600000000000001]]]},"properties":{"source":"slicemap-v1","room":"office_20260824","importedAt":"2026-09-06T07:39:59.085Z","category":"furniture","kind":"block","area_m2":0.0075}},{"type":"Feature","geometry":{"type":"Polygon","coordinates":[[[5.2,12.600000000000001],[5.25,12.600000000000001],[5.25,12.65],[5.2,12.65],[5.2,12.600000000000001]]]},"properties":{"source":"slicemap-v1","room":"office_20260824","importedAt":"2026-09-06T07:39:59.085Z","category":"furniture","kind":"block","area_m2":0.0025}},{"type":"Feature","geometry":{"type":"Polygon","coordinates":[[[3.25,12.65],[3.3000000000000003,12.65],[3.3000000000000003,12.700000000000001],[3.25,12.700000000000001],[3.25,12.65]]]},"properties":{"source":"slicemap-v1","room":"office_20260824","importedAt":"2026-09-06T07:39:59.085Z","category":"furniture","kind":"block","area_m2":0.0025}},{"type":"Feature","geometry":{"type":"Polygon","coordinates":[[[3.4000000000000004,12.65],[3.5,12.65],[3.5,12.700000000000001],[3.4000000000000004,12.700000000000001],[3.4000000000000004,12.65]]]},"properties":{"source":"slicemap-v1","room":"office_20260824","importedAt":"2026-09-06T07:39:59.085Z","category":"furniture","kind":"block","area_m2":0.005}},{"type":"Feature","geometry":{"type":"Polygon","coordinates":[[[2.4000000000000004,12.700000000000001],[2.45,12.700000000000001],[2.45,12.8],[2.4000000000000004,12.8],[2.4000000000000004,12.700000000000001]]]},"properties":{"source":"slicemap-v1","room":"office_20260824","importedAt":"2026-09-06T07:39:59.085Z","category":"furniture","kind":"block","area_m2":0.005}},{"type":"Feature","geometry":{"type":"Polygon","coordinates":[[[12.05,12.75],[12.200000000000001,12.75],[12.200000000000001,12.8],[12.05,12.8],[12.05,12.75]]]},"properties":{"source":"slicemap-v1","room":"office_20260824","importedAt":"2026-09-06T07:39:59.085Z","category":"furniture","kind":"block","area_m2":0.0075}},{"type":"Feature","geometry":{"type":"Polygon","coordinates":[[[2.35,12.8],[2.45,12.8],[2.45,12.850000000000001],[2.35,12.850000000000001],[2.35,12.8]]]},"properties":{"source":"slicemap-v1","room":"office_20260824","importedAt":"2026-09-06T07:39:59.085Z","category":"wall","kind":"block","area_m2":0.005}},{"type":"Feature","geometry":{"type":"Polygon","coordinates":[[[6.300000000000001,12.8],[6.3500000000000005,12.8],[6.3500000000000005,12.950000000000001],[6.300000000000001,12.950000000000001],[6.300000000000001,12.8]]]},"properties":{"source":"slicemap-v1","room":"office_20260824","importedAt":"2026-09-06T07:39:59.085Z","category":"furniture","kind":"block","area_m2":0.0075}},{"type":"Feature","geometry":{"type":"Polygon","coordinates":[[[11.700000000000001,12.8],[12.100000000000001,12.8],[12.100000000000001,12.850000000000001],[11.700000000000001,12.850000000000001],[11.700000000000001,12.8]]]},"properties":{"source":"slicemap-v1","room":"office_20260824","importedAt":"2026-09-06T07:39:59.085Z","category":"furniture","kind":"block","area_m2":0.02}},{"type":"Feature","geometry":{"type":"Polygon","coordinates":[[[2.3000000000000003,12.850000000000001],[2.35,12.850000000000001],[2.35,12.9],[2.3000000000000003,12.9],[2.3000000000000003,12.850000000000001]]]},"properties":{"source":"slicemap-v1","room":"office_20260824","importedAt":"2026-09-06T07:39:59.085Z","category":"furniture","kind":"block","area_m2":0.0025}},{"type":"Feature","geometry":{"type":"Polygon","coordinates":[[[2.35,12.850000000000001],[2.4000000000000004,12.850000000000001],[2.4000000000000004,12.9],[2.35,12.9],[2.35,12.850000000000001]]]},"properties":{"source":"slicemap-v1","room":"office_20260824","importedAt":"2026-09-06T07:39:59.085Z","category":"wall","kind":"block","area_m2":0.0025}},{"type":"Feature","geometry":{"type":"Polygon","coordinates":[[[11.600000000000001,12.850000000000001],[11.75,12.850000000000001],[11.75,12.9],[11.600000000000001,12.9],[11.600000000000001,12.850000000000001]]]},"properties":{"source":"slicemap-v1","room":"office_20260824","importedAt":"2026-09-06T07:39:59.085Z","category":"furniture","kind":"block","area_m2":0.0075}},{"type":"Feature","geometry":{"type":"Polygon","coordinates":[[[2.25,12.9],[2.35,12.9],[2.35,12.950000000000001],[2.25,12.950000000000001],[2.25,12.9]]]},"properties":{"source":"slicemap-v1","room":"office_20260824","importedAt":"2026-09-06T07:39:59.085Z","category":"furniture","kind":"block","area_m2":0.005}},{"type":"Feature","geometry":{"type":"Polygon","coordinates":[[[11.600000000000001,12.9],[11.65,12.9],[11.65,13.100000000000001],[11.600000000000001,13.100000000000001],[11.600000000000001,12.9]]]},"properties":{"source":"slicemap-v1","room":"office_20260824","importedAt":"2026-09-06T07:39:59.085Z","category":"furniture","kind":"block","area_m2":0.01}},{"type":"Feature","geometry":{"type":"Polygon","coordinates":[[[11.700000000000001,12.9],[11.75,12.9],[11.75,13],[11.700000000000001,13],[11.700000000000001,12.9]]]},"properties":{"source":"slicemap-v1","room":"office_20260824","importedAt":"2026-09-06T07:39:59.085Z","category":"furniture","kind":"block","area_m2":0.005}},{"type":"Feature","geometry":{"type":"Polygon","coordinates":[[[6.300000000000001,12.950000000000001],[6.3500000000000005,12.950000000000001],[6.3500000000000005,13.100000000000001],[6.300000000000001,13.100000000000001],[6.300000000000001,12.950000000000001]]]},"properties":{"source":"slicemap-v1","room":"office_20260824","importedAt":"2026-09-06T07:39:59.085Z","category":"wall","kind":"block","area_m2":0.0075}},{"type":"Feature","geometry":{"type":"Polygon","coordinates":[[[2.85,13],[2.9000000000000004,13],[2.9000000000000004,13.05],[2.85,13.05],[2.85,13]]]},"properties":{"source":"slicemap-v1","room":"office_20260824","importedAt":"2026-09-06T07:39:59.085Z","category":"furniture","kind":"block","area_m2":0.0025}},{"type":"Feature","geometry":{"type":"Polygon","coordinates":[[[2.0500000000000003,13.100000000000001],[2.1,13.100000000000001],[2.1,13.15],[2.0500000000000003,13.15],[2.0500000000000003,13.100000000000001]]]},"properties":{"source":"slicemap-v1","room":"office_20260824","importedAt":"2026-09-06T07:39:59.085Z","category":"furniture","kind":"block","area_m2":0.0025}},{"type":"Feature","geometry":{"type":"Polygon","coordinates":[[[6.300000000000001,13.100000000000001],[6.4,13.100000000000001],[6.4,13.15],[6.300000000000001,13.15],[6.300000000000001,13.100000000000001]]]},"properties":{"source":"slicemap-v1","room":"office_20260824","importedAt":"2026-09-06T07:39:59.085Z","category":"wall","kind":"block","area_m2":0.005}},{"type":"Feature","geometry":{"type":"Polygon","coordinates":[[[11.600000000000001,13.100000000000001],[11.700000000000001,13.100000000000001],[11.700000000000001,13.15],[11.600000000000001,13.15],[11.600000000000001,13.100000000000001]]]},"properties":{"source":"slicemap-v1","room":"office_20260824","importedAt":"2026-09-06T07:39:59.085Z","category":"furniture","kind":"block","area_m2":0.005}},{"type":"Feature","geometry":{"type":"Polygon","coordinates":[[[1.8,13.15],[2.1,13.15],[2.1,13.200000000000001],[1.8,13.200000000000001],[1.8,13.15]]]},"properties":{"source":"slicemap-v1","room":"office_20260824","importedAt":"2026-09-06T07:39:59.085Z","category":"furniture","kind":"block","area_m2":0.015}},{"type":"Feature","geometry":{"type":"Polygon","coordinates":[[[6.3500000000000005,13.15],[6.4,13.15],[6.4,13.4],[6.3500000000000005,13.4],[6.3500000000000005,13.15]]]},"properties":{"source":"slicemap-v1","room":"office_20260824","importedAt":"2026-09-06T07:39:59.085Z","category":"wall","kind":"block","area_m2":0.0125}},{"type":"Feature","geometry":{"type":"Polygon","coordinates":[[[11.65,13.15],[11.700000000000001,13.15],[11.700000000000001,13.3],[11.65,13.3],[11.65,13.15]]]},"properties":{"source":"slicemap-v1","room":"office_20260824","importedAt":"2026-09-06T07:39:59.085Z","category":"furniture","kind":"block","area_m2":0.0075}},{"type":"Feature","geometry":{"type":"Polygon","coordinates":[[[1.8,13.200000000000001],[1.85,13.200000000000001],[1.85,13.25],[1.8,13.25],[1.8,13.200000000000001]]]},"properties":{"source":"slicemap-v1","room":"office_20260824","importedAt":"2026-09-06T07:39:59.085Z","category":"furniture","kind":"block","area_m2":0.0025}},{"type":"Feature","geometry":{"type":"Polygon","coordinates":[[[1.9000000000000001,13.200000000000001],[1.9500000000000002,13.200000000000001],[1.9500000000000002,13.25],[1.9000000000000001,13.25],[1.9000000000000001,13.200000000000001]]]},"properties":{"source":"slicemap-v1","room":"office_20260824","importedAt":"2026-09-06T07:39:59.085Z","category":"furniture","kind":"block","area_m2":0.0025}},{"type":"Feature","geometry":{"type":"Polygon","coordinates":[[[2.4000000000000004,13.25],[2.45,13.25],[2.45,13.3],[2.4000000000000004,13.3],[2.4000000000000004,13.25]]]},"properties":{"source":"slicemap-v1","room":"office_20260824","importedAt":"2026-09-06T07:39:59.085Z","category":"wall","kind":"block","area_m2":0.0025}},{"type":"Feature","geometry":{"type":"Polygon","coordinates":[[[2.25,13.3],[2.4000000000000004,13.3],[2.4000000000000004,13.4],[2.25,13.4],[2.25,13.3]]]},"properties":{"source":"slicemap-v1","room":"office_20260824","importedAt":"2026-09-06T07:39:59.085Z","category":"furniture","kind":"block","area_m2":0.015}},{"type":"Feature","geometry":{"type":"Polygon","coordinates":[[[2.4000000000000004,13.3],[2.5,13.3],[2.5,13.350000000000001],[2.4000000000000004,13.350000000000001],[2.4000000000000004,13.3]]]},"properties":{"source":"slicemap-v1","room":"office_20260824","importedAt":"2026-09-06T07:39:59.085Z","category":"wall","kind":"block","area_m2":0.005}},{"type":"Feature","geometry":{"type":"Polygon","coordinates":[[[11.55,13.3],[11.700000000000001,13.3],[11.700000000000001,13.350000000000001],[11.55,13.350000000000001],[11.55,13.3]]]},"properties":{"source":"slicemap-v1","room":"office_20260824","importedAt":"2026-09-06T07:39:59.085Z","category":"furniture","kind":"block","area_m2":0.0075}},{"type":"Feature","geometry":{"type":"Polygon","coordinates":[[[2.45,13.350000000000001],[2.5,13.350000000000001],[2.5,13.450000000000001],[2.45,13.450000000000001],[2.45,13.350000000000001]]]},"properties":{"source":"slicemap-v1","room":"office_20260824","importedAt":"2026-09-06T07:39:59.085Z","category":"wall","kind":"block","area_m2":0.005}},{"type":"Feature","geometry":{"type":"Polygon","coordinates":[[[2.5,13.350000000000001],[2.5500000000000003,13.350000000000001],[2.5500000000000003,13.5],[2.5,13.5],[2.5,13.350000000000001]]]},"properties":{"source":"slicemap-v1","room":"office_20260824","importedAt":"2026-09-06T07:39:59.085Z","category":"furniture","kind":"block","area_m2":0.0075}},{"type":"Feature","geometry":{"type":"Polygon","coordinates":[[[11.25,13.350000000000001],[11.600000000000001,13.350000000000001],[11.600000000000001,13.4],[11.25,13.4],[11.25,13.350000000000001]]]},"properties":{"source":"slicemap-v1","room":"office_20260824","importedAt":"2026-09-06T07:39:59.085Z","category":"furniture","kind":"block","area_m2":0.0175}},{"type":"Feature","geometry":{"type":"Polygon","coordinates":[[[6.3500000000000005,13.4],[6.45,13.4],[6.45,13.450000000000001],[6.3500000000000005,13.450000000000001],[6.3500000000000005,13.4]]]},"properties":{"source":"slicemap-v1","room":"office_20260824","importedAt":"2026-09-06T07:39:59.085Z","category":"wall","kind":"block","area_m2":0.005}},{"type":"Feature","geometry":{"type":"Polygon","coordinates":[[[10.9,13.4],[11.3,13.4],[11.3,13.450000000000001],[10.9,13.450000000000001],[10.9,13.4]]]},"properties":{"source":"slicemap-v1","room":"office_20260824","importedAt":"2026-09-06T07:39:59.085Z","category":"furniture","kind":"block","area_m2":0.02}},{"type":"Feature","geometry":{"type":"Polygon","coordinates":[[[6.4,13.450000000000001],[6.45,13.450000000000001],[6.45,13.5],[6.4,13.5],[6.4,13.450000000000001]]]},"properties":{"source":"slicemap-v1","room":"office_20260824","importedAt":"2026-09-06T07:39:59.085Z","category":"wall","kind":"block","area_m2":0.0025}},{"type":"Feature","geometry":{"type":"Polygon","coordinates":[[[10.450000000000001,13.450000000000001],[10.5,13.450000000000001],[10.5,13.5],[10.450000000000001,13.5],[10.450000000000001,13.450000000000001]]]},"properties":{"source":"slicemap-v1","room":"office_20260824","importedAt":"2026-09-06T07:39:59.085Z","category":"furniture","kind":"block","area_m2":0.0025}},{"type":"Feature","geometry":{"type":"Polygon","coordinates":[[[10.600000000000001,13.450000000000001],[10.950000000000001,13.450000000000001],[10.950000000000001,13.5],[10.600000000000001,13.5],[10.600000000000001,13.450000000000001]]]},"properties":{"source":"slicemap-v1","room":"office_20260824","importedAt":"2026-09-06T07:39:59.085Z","category":"furniture","kind":"block","area_m2":0.0175}},{"type":"Feature","geometry":{"type":"Polygon","coordinates":[[[2.5,13.5],[2.6,13.5],[2.6,13.600000000000001],[2.5,13.600000000000001],[2.5,13.5]]]},"properties":{"source":"slicemap-v1","room":"office_20260824","importedAt":"2026-09-06T07:39:59.085Z","category":"furniture","kind":"block","area_m2":0.01}},{"type":"Feature","geometry":{"type":"Polygon","coordinates":[[[6.4,13.5],[6.5,13.5],[6.5,13.55],[6.4,13.55],[6.4,13.5]]]},"properties":{"source":"slicemap-v1","room":"office_20260824","importedAt":"2026-09-06T07:39:59.085Z","category":"furniture","kind":"block","area_m2":0.005}},{"type":"Feature","geometry":{"type":"Polygon","coordinates":[[[10.350000000000001,13.5],[10.4,13.5],[10.4,13.65],[10.350000000000001,13.65],[10.350000000000001,13.5]]]},"properties":{"source":"slicemap-v1","room":"office_20260824","importedAt":"2026-09-06T07:39:59.085Z","category":"wall","kind":"block","area_m2":0.0075}},{"type":"Feature","geometry":{"type":"Polygon","coordinates":[[[10.4,13.5],[10.65,13.5],[10.65,13.55],[10.4,13.55],[10.4,13.5]]]},"properties":{"source":"slicemap-v1","room":"office_20260824","importedAt":"2026-09-06T07:39:59.085Z","category":"furniture","kind":"block","area_m2":0.0125}},{"type":"Feature","geometry":{"type":"Polygon","coordinates":[[[6.45,13.55],[6.5,13.55],[6.5,13.600000000000001],[6.45,13.600000000000001],[6.45,13.55]]]},"properties":{"source":"slicemap-v1","room":"office_20260824","importedAt":"2026-09-06T07:39:59.085Z","category":"furniture","kind":"block","area_m2":0.0025}},{"type":"Feature","geometry":{"type":"Polygon","coordinates":[[[2.45,13.600000000000001],[2.5500000000000003,13.600000000000001],[2.5500000000000003,13.700000000000001],[2.45,13.700000000000001],[2.45,13.600000000000001]]]},"properties":{"source":"slicemap-v1","room":"office_20260824","importedAt":"2026-09-06T07:39:59.085Z","category":"wall","kind":"block","area_m2":0.01}},{"type":"Feature","geometry":{"type":"Polygon","coordinates":[[[6.45,13.600000000000001],[6.550000000000001,13.600000000000001],[6.550000000000001,13.65],[6.45,13.65],[6.45,13.600000000000001]]]},"properties":{"source":"slicemap-v1","room":"office_20260824","importedAt":"2026-09-06T07:39:59.085Z","category":"furniture","kind":"block","area_m2":0.005}},{"type":"Feature","geometry":{"type":"Polygon","coordinates":[[[2.4000000000000004,13.65],[2.45,13.65],[2.45,13.700000000000001],[2.4000000000000004,13.700000000000001],[2.4000000000000004,13.65]]]},"properties":{"source":"slicemap-v1","room":"office_20260824","importedAt":"2026-09-06T07:39:59.085Z","category":"furniture","kind":"block","area_m2":0.0025}},{"type":"Feature","geometry":{"type":"Polygon","coordinates":[[[10.350000000000001,13.65],[10.450000000000001,13.65],[10.450000000000001,13.700000000000001],[10.350000000000001,13.700000000000001],[10.350000000000001,13.65]]]},"properties":{"source":"slicemap-v1","room":"office_20260824","importedAt":"2026-09-06T07:39:59.085Z","category":"wall","kind":"block","area_m2":0.005}},{"type":"Feature","geometry":{"type":"Polygon","coordinates":[[[2.4000000000000004,13.700000000000001],[2.5,13.700000000000001],[2.5,13.75],[2.4000000000000004,13.75],[2.4000000000000004,13.700000000000001]]]},"properties":{"source":"slicemap-v1","room":"office_20260824","importedAt":"2026-09-06T07:39:59.085Z","category":"furniture","kind":"block","area_m2":0.005}},{"type":"Feature","geometry":{"type":"Polygon","coordinates":[[[2.5,13.700000000000001],[2.5500000000000003,13.700000000000001],[2.5500000000000003,13.8],[2.5,13.8],[2.5,13.700000000000001]]]},"properties":{"source":"slicemap-v1","room":"office_20260824","importedAt":"2026-09-06T07:39:59.085Z","category":"wall","kind":"block","area_m2":0.005}},{"type":"Feature","geometry":{"type":"Polygon","coordinates":[[[10.4,13.700000000000001],[10.450000000000001,13.700000000000001],[10.450000000000001,13.950000000000001],[10.4,13.950000000000001],[10.4,13.700000000000001]]]},"properties":{"source":"slicemap-v1","room":"office_20260824","importedAt":"2026-09-06T07:39:59.085Z","category":"wall","kind":"block","area_m2":0.0125}},{"type":"Feature","geometry":{"type":"Polygon","coordinates":[[[2.45,13.75],[2.5,13.75],[2.5,13.8],[2.45,13.8],[2.45,13.75]]]},"properties":{"source":"slicemap-v1","room":"office_20260824","importedAt":"2026-09-06T07:39:59.085Z","category":"furniture","kind":"block","area_m2":0.0025}},{"type":"Feature","geometry":{"type":"Polygon","coordinates":[[[4.9,13.75],[5.2,13.75],[5.2,13.8],[4.9,13.8],[4.9,13.75]]]},"properties":{"source":"slicemap-v1","room":"office_20260824","importedAt":"2026-09-06T07:39:59.085Z","category":"furniture","kind":"block","area_m2":0.015}},{"type":"Feature","geometry":{"type":"Polygon","coordinates":[[[5.25,13.75],[5.300000000000001,13.75],[5.300000000000001,13.8],[5.25,13.8],[5.25,13.75]]]},"properties":{"source":"slicemap-v1","room":"office_20260824","importedAt":"2026-09-06T07:39:59.085Z","category":"furniture","kind":"block","area_m2":0.0025}},{"type":"Feature","geometry":{"type":"Polygon","coordinates":[[[5.050000000000001,13.8],[5.300000000000001,13.8],[5.300000000000001,13.850000000000001],[5.050000000000001,13.850000000000001],[5.050000000000001,13.8]]]},"properties":{"source":"slicemap-v1","room":"office_20260824","importedAt":"2026-09-06T07:39:59.085Z","category":"furniture","kind":"block","area_m2":0.0125}},{"type":"Feature","geometry":{"type":"Polygon","coordinates":[[[6.7,13.8],[6.8500000000000005,13.8],[6.8500000000000005,13.850000000000001],[6.7,13.850000000000001],[6.7,13.8]]]},"properties":{"source":"slicemap-v1","room":"office_20260824","importedAt":"2026-09-06T07:39:59.085Z","category":"furniture","kind":"block","area_m2":0.0075}},{"type":"Feature","geometry":{"type":"Polygon","coordinates":[[[4.2,13.850000000000001],[4.3500000000000005,13.850000000000001],[4.3500000000000005,13.9],[4.2,13.9],[4.2,13.850000000000001]]]},"properties":{"source":"slicemap-v1","room":"office_20260824","importedAt":"2026-09-06T07:39:59.085Z","category":"furniture","kind":"block","area_m2":0.0075}},{"type":"Feature","geometry":{"type":"Polygon","coordinates":[[[6.65,13.850000000000001],[6.75,13.850000000000001],[6.75,13.9],[6.65,13.9],[6.65,13.850000000000001]]]},"properties":{"source":"slicemap-v1","room":"office_20260824","importedAt":"2026-09-06T07:39:59.085Z","category":"furniture","kind":"block","area_m2":0.005}},{"type":"Feature","geometry":{"type":"Polygon","coordinates":[[[10.450000000000001,13.850000000000001],[10.5,13.850000000000001],[10.5,13.950000000000001],[10.450000000000001,13.950000000000001],[10.450000000000001,13.850000000000001]]]},"properties":{"source":"slicemap-v1","room":"office_20260824","importedAt":"2026-09-06T07:39:59.085Z","category":"furniture","kind":"block","area_m2":0.005}},{"type":"Feature","geometry":{"type":"Polygon","coordinates":[[[4.15,13.9],[4.3500000000000005,13.9],[4.3500000000000005,13.950000000000001],[4.15,13.950000000000001],[4.15,13.9]]]},"properties":{"source":"slicemap-v1","room":"office_20260824","importedAt":"2026-09-06T07:39:59.085Z","category":"furniture","kind":"block","area_m2":0.01}},{"type":"Feature","geometry":{"type":"Polygon","coordinates":[[[6.6000000000000005,13.9],[6.7,13.9],[6.7,13.950000000000001],[6.6000000000000005,13.950000000000001],[6.6000000000000005,13.9]]]},"properties":{"source":"slicemap-v1","room":"office_20260824","importedAt":"2026-09-06T07:39:59.085Z","category":"furniture","kind":"block","area_m2":0.005}},{"type":"Feature","geometry":{"type":"Polygon","coordinates":[[[4.1000000000000005,13.950000000000001],[4.2,13.950000000000001],[4.2,14],[4.1000000000000005,14],[4.1000000000000005,13.950000000000001]]]},"properties":{"source":"slicemap-v1","room":"office_20260824","importedAt":"2026-09-06T07:39:59.085Z","category":"furniture","kind":"block","area_m2":0.005}},{"type":"Feature","geometry":{"type":"Polygon","coordinates":[[[6.5,13.950000000000001],[6.65,13.950000000000001],[6.65,14],[6.5,14],[6.5,13.950000000000001]]]},"properties":{"source":"slicemap-v1","room":"office_20260824","importedAt":"2026-09-06T07:39:59.085Z","category":"furniture","kind":"block","area_m2":0.0075}},{"type":"Feature","geometry":{"type":"Polygon","coordinates":[[[10.4,13.950000000000001],[10.5,13.950000000000001],[10.5,14],[10.4,14],[10.4,13.950000000000001]]]},"properties":{"source":"slicemap-v1","room":"office_20260824","importedAt":"2026-09-06T07:39:59.085Z","category":"wall","kind":"block","area_m2":0.005}},{"type":"Feature","geometry":{"type":"Polygon","coordinates":[[[10.450000000000001,14],[10.5,14],[10.5,14.4],[10.450000000000001,14.4],[10.450000000000001,14]]]},"properties":{"source":"slicemap-v1","room":"office_20260824","importedAt":"2026-09-06T07:39:59.085Z","category":"wall","kind":"block","area_m2":0.02}},{"type":"Feature","geometry":{"type":"Polygon","coordinates":[[[6.45,14.05],[6.5,14.05],[6.5,14.15],[6.45,14.15],[6.45,14.05]]]},"properties":{"source":"slicemap-v1","room":"office_20260824","importedAt":"2026-09-06T07:39:59.085Z","category":"wall","kind":"block","area_m2":0.005}},{"type":"Feature","geometry":{"type":"Polygon","coordinates":[[[10.5,14.05],[10.55,14.05],[10.55,14.25],[10.5,14.25],[10.5,14.05]]]},"properties":{"source":"slicemap-v1","room":"office_20260824","importedAt":"2026-09-06T07:39:59.085Z","category":"furniture","kind":"block","area_m2":0.01}},{"type":"Feature","geometry":{"type":"Polygon","coordinates":[[[6.25,14.15],[6.3500000000000005,14.15],[6.3500000000000005,14.200000000000001],[6.25,14.200000000000001],[6.25,14.15]]]},"properties":{"source":"slicemap-v1","room":"office_20260824","importedAt":"2026-09-06T07:39:59.085Z","category":"furniture","kind":"block","area_m2":0.005}},{"type":"Feature","geometry":{"type":"Polygon","coordinates":[[[6.300000000000001,14.200000000000001],[6.3500000000000005,14.200000000000001],[6.3500000000000005,14.25],[6.300000000000001,14.25],[6.300000000000001,14.200000000000001]]]},"properties":{"source":"slicemap-v1","room":"office_20260824","importedAt":"2026-09-06T07:39:59.085Z","category":"furniture","kind":"block","area_m2":0.0025}},{"type":"Feature","geometry":{"type":"Polygon","coordinates":[[[6.3500000000000005,14.200000000000001],[6.4,14.200000000000001],[6.4,14.25],[6.3500000000000005,14.25],[6.3500000000000005,14.200000000000001]]]},"properties":{"source":"slicemap-v1","room":"office_20260824","importedAt":"2026-09-06T07:39:59.085Z","category":"wall","kind":"block","area_m2":0.0025}},{"type":"Feature","geometry":{"type":"Polygon","coordinates":[[[6.300000000000001,14.25],[6.4,14.25],[6.4,14.3],[6.300000000000001,14.3],[6.300000000000001,14.25]]]},"properties":{"source":"slicemap-v1","room":"office_20260824","importedAt":"2026-09-06T07:39:59.085Z","category":"wall","kind":"block","area_m2":0.005}},{"type":"Feature","geometry":{"type":"Polygon","coordinates":[[[6.300000000000001,14.3],[6.3500000000000005,14.3],[6.3500000000000005,14.350000000000001],[6.300000000000001,14.350000000000001],[6.300000000000001,14.3]]]},"properties":{"source":"slicemap-v1","room":"office_20260824","importedAt":"2026-09-06T07:39:59.085Z","category":"wall","kind":"block","area_m2":0.0025}},{"type":"Feature","geometry":{"type":"Polygon","coordinates":[[[8.200000000000001,14.3],[8.25,14.3],[8.25,14.350000000000001],[8.200000000000001,14.350000000000001],[8.200000000000001,14.3]]]},"properties":{"source":"slicemap-v1","room":"office_20260824","importedAt":"2026-09-06T07:39:59.085Z","category":"furniture","kind":"block","area_m2":0.0025}},{"type":"Feature","geometry":{"type":"Polygon","coordinates":[[[6.300000000000001,14.350000000000001],[6.3500000000000005,14.350000000000001],[6.3500000000000005,14.5],[6.300000000000001,14.5],[6.300000000000001,14.350000000000001]]]},"properties":{"source":"slicemap-v1","room":"office_20260824","importedAt":"2026-09-06T07:39:59.085Z","category":"furniture","kind":"block","area_m2":0.0075}},{"type":"Feature","geometry":{"type":"Polygon","coordinates":[[[6.3500000000000005,14.350000000000001],[6.4,14.350000000000001],[6.4,14.55],[6.3500000000000005,14.55],[6.3500000000000005,14.350000000000001]]]},"properties":{"source":"slicemap-v1","room":"office_20260824","importedAt":"2026-09-06T07:39:59.085Z","category":"wall","kind":"block","area_m2":0.01}},{"type":"Feature","geometry":{"type":"Polygon","coordinates":[[[8.55,14.350000000000001],[8.65,14.350000000000001],[8.65,14.4],[8.55,14.4],[8.55,14.350000000000001]]]},"properties":{"source":"slicemap-v1","room":"office_20260824","importedAt":"2026-09-06T07:39:59.085Z","category":"furniture","kind":"block","area_m2":0.005}},{"type":"Feature","geometry":{"type":"Polygon","coordinates":[[[6.15,14.4],[6.25,14.4],[6.25,14.450000000000001],[6.15,14.450000000000001],[6.15,14.4]]]},"properties":{"source":"slicemap-v1","room":"office_20260824","importedAt":"2026-09-06T07:39:59.085Z","category":"furniture","kind":"block","area_m2":0.005}},{"type":"Feature","geometry":{"type":"Polygon","coordinates":[[[8.450000000000001,14.4],[8.6,14.4],[8.6,14.450000000000001],[8.450000000000001,14.450000000000001],[8.450000000000001,14.4]]]},"properties":{"source":"slicemap-v1","room":"office_20260824","importedAt":"2026-09-06T07:39:59.085Z","category":"furniture","kind":"block","area_m2":0.0075}},{"type":"Feature","geometry":{"type":"Polygon","coordinates":[[[10.450000000000001,14.4],[10.55,14.4],[10.55,14.450000000000001],[10.450000000000001,14.450000000000001],[10.450000000000001,14.4]]]},"properties":{"source":"slicemap-v1","room":"office_20260824","importedAt":"2026-09-06T07:39:59.085Z","category":"wall","kind":"block","area_m2":0.005}},{"type":"Feature","geometry":{"type":"Polygon","coordinates":[[[6.1000000000000005,14.450000000000001],[6.25,14.450000000000001],[6.25,14.5],[6.1000000000000005,14.5],[6.1000000000000005,14.450000000000001]]]},"properties":{"source":"slicemap-v1","room":"office_20260824","importedAt":"2026-09-06T07:39:59.085Z","category":"furniture","kind":"block","area_m2":0.0075}},{"type":"Feature","geometry":{"type":"Polygon","coordinates":[[[8.450000000000001,14.450000000000001],[8.55,14.450000000000001],[8.55,14.5],[8.450000000000001,14.5],[8.450000000000001,14.450000000000001]]]},"properties":{"source":"slicemap-v1","room":"office_20260824","importedAt":"2026-09-06T07:39:59.085Z","category":"furniture","kind":"block","area_m2":0.005}},{"type":"Feature","geometry":{"type":"Polygon","coordinates":[[[10.5,14.450000000000001],[10.55,14.450000000000001],[10.55,14.8],[10.5,14.8],[10.5,14.450000000000001]]]},"properties":{"source":"slicemap-v1","room":"office_20260824","importedAt":"2026-09-06T07:39:59.085Z","category":"wall","kind":"block","area_m2":0.0175}},{"type":"Feature","geometry":{"type":"Polygon","coordinates":[[[6.050000000000001,14.5],[6.25,14.5],[6.25,14.55],[6.050000000000001,14.55],[6.050000000000001,14.5]]]},"properties":{"source":"slicemap-v1","room":"office_20260824","importedAt":"2026-09-06T07:39:59.085Z","category":"furniture","kind":"block","area_m2":0.01}},{"type":"Feature","geometry":{"type":"Polygon","coordinates":[[[6.1000000000000005,14.55],[6.25,14.55],[6.25,14.600000000000001],[6.1000000000000005,14.600000000000001],[6.1000000000000005,14.55]]]},"properties":{"source":"slicemap-v1","room":"office_20260824","importedAt":"2026-09-06T07:39:59.085Z","category":"furniture","kind":"block","area_m2":0.0075}},{"type":"Feature","geometry":{"type":"Polygon","coordinates":[[[6.3500000000000005,14.55],[6.4,14.55],[6.4,14.65],[6.3500000000000005,14.65],[6.3500000000000005,14.55]]]},"properties":{"source":"slicemap-v1","room":"office_20260824","importedAt":"2026-09-06T07:39:59.085Z","category":"furniture","kind":"block","area_m2":0.005}},{"type":"Feature","geometry":{"type":"Polygon","coordinates":[[[6.15,14.600000000000001],[6.25,14.600000000000001],[6.25,14.65],[6.15,14.65],[6.15,14.600000000000001]]]},"properties":{"source":"slicemap-v1","room":"office_20260824","importedAt":"2026-09-06T07:39:59.085Z","category":"furniture","kind":"block","area_m2":0.005}},{"type":"Feature","geometry":{"type":"Polygon","coordinates":[[[6.3500000000000005,14.65],[6.4,14.65],[6.4,14.75],[6.3500000000000005,14.75],[6.3500000000000005,14.65]]]},"properties":{"source":"slicemap-v1","room":"office_20260824","importedAt":"2026-09-06T07:39:59.085Z","category":"wall","kind":"block","area_m2":0.005}},{"type":"Feature","geometry":{"type":"Polygon","coordinates":[[[6.4,14.75],[6.45,14.75],[6.45,14.950000000000001],[6.4,14.950000000000001],[6.4,14.75]]]},"properties":{"source":"slicemap-v1","room":"office_20260824","importedAt":"2026-09-06T07:39:59.085Z","category":"wall","kind":"block","area_m2":0.01}},{"type":"Feature","geometry":{"type":"Polygon","coordinates":[[[10.5,14.8],[10.600000000000001,14.8],[10.600000000000001,14.850000000000001],[10.5,14.850000000000001],[10.5,14.8]]]},"properties":{"source":"slicemap-v1","room":"office_20260824","importedAt":"2026-09-06T07:39:59.085Z","category":"wall","kind":"block","area_m2":0.005}},{"type":"Feature","geometry":{"type":"Polygon","coordinates":[[[10.55,14.850000000000001],[10.600000000000001,14.850000000000001],[10.600000000000001,15.200000000000001],[10.55,15.200000000000001],[10.55,14.850000000000001]]]},"properties":{"source":"slicemap-v1","room":"office_20260824","importedAt":"2026-09-06T07:39:59.085Z","category":"wall","kind":"block","area_m2":0.0175}},{"type":"Feature","geometry":{"type":"Polygon","coordinates":[[[6.4,14.950000000000001],[6.5,14.950000000000001],[6.5,15],[6.4,15],[6.4,14.950000000000001]]]},"properties":{"source":"slicemap-v1","room":"office_20260824","importedAt":"2026-09-06T07:39:59.085Z","category":"wall","kind":"block","area_m2":0.005}},{"type":"Feature","geometry":{"type":"Polygon","coordinates":[[[7,14.950000000000001],[7.1000000000000005,14.950000000000001],[7.1000000000000005,15],[7,15],[7,14.950000000000001]]]},"properties":{"source":"slicemap-v1","room":"office_20260824","importedAt":"2026-09-06T07:39:59.085Z","category":"furniture","kind":"block","area_m2":0.005}},{"type":"Feature","geometry":{"type":"Polygon","coordinates":[[[6.45,15],[6.5,15],[6.5,15.15],[6.45,15.15],[6.45,15]]]},"properties":{"source":"slicemap-v1","room":"office_20260824","importedAt":"2026-09-06T07:39:59.085Z","category":"wall","kind":"block","area_m2":0.0075}},{"type":"Feature","geometry":{"type":"Polygon","coordinates":[[[7,15],[7.050000000000001,15],[7.050000000000001,15.05],[7,15.05],[7,15]]]},"properties":{"source":"slicemap-v1","room":"office_20260824","importedAt":"2026-09-06T07:39:59.085Z","category":"furniture","kind":"block","area_m2":0.0025}},{"type":"Feature","geometry":{"type":"Polygon","coordinates":[[[10.4,15],[10.5,15],[10.5,15.100000000000001],[10.4,15.100000000000001],[10.4,15]]]},"properties":{"source":"slicemap-v1","room":"office_20260824","importedAt":"2026-09-06T07:39:59.085Z","category":"furniture","kind":"block","area_m2":0.01}},{"type":"Feature","geometry":{"type":"Polygon","coordinates":[[[6.9,15.05],[7.050000000000001,15.05],[7.050000000000001,15.100000000000001],[6.9,15.100000000000001],[6.9,15.05]]]},"properties":{"source":"slicemap-v1","room":"office_20260824","importedAt":"2026-09-06T07:39:59.085Z","category":"furniture","kind":"block","area_m2":0.0075}},{"type":"Feature","geometry":{"type":"Polygon","coordinates":[[[6.65,15.100000000000001],[6.95,15.100000000000001],[6.95,15.15],[6.65,15.15],[6.65,15.100000000000001]]]},"properties":{"source":"slicemap-v1","room":"office_20260824","importedAt":"2026-09-06T07:39:59.085Z","category":"furniture","kind":"block","area_m2":0.015}},{"type":"Feature","geometry":{"type":"Polygon","coordinates":[[[7,15.100000000000001],[7.050000000000001,15.100000000000001],[7.050000000000001,15.15],[7,15.15],[7,15.100000000000001]]]},"properties":{"source":"slicemap-v1","room":"office_20260824","importedAt":"2026-09-06T07:39:59.085Z","category":"furniture","kind":"block","area_m2":0.0025}},{"type":"Feature","geometry":{"type":"Polygon","coordinates":[[[6.45,15.15],[6.6000000000000005,15.15],[6.6000000000000005,15.200000000000001],[6.45,15.200000000000001],[6.45,15.15]]]},"properties":{"source":"slicemap-v1","room":"office_20260824","importedAt":"2026-09-06T07:39:59.085Z","category":"wall","kind":"block","area_m2":0.0075}},{"type":"Feature","geometry":{"type":"Polygon","coordinates":[[[6.6000000000000005,15.15],[6.7,15.15],[6.7,15.200000000000001],[6.6000000000000005,15.200000000000001],[6.6000000000000005,15.15]]]},"properties":{"source":"slicemap-v1","room":"office_20260824","importedAt":"2026-09-06T07:39:59.085Z","category":"furniture","kind":"block","area_m2":0.005}},{"type":"Feature","geometry":{"type":"Polygon","coordinates":[[[6.75,15.15],[7.1000000000000005,15.15],[7.1000000000000005,15.200000000000001],[6.75,15.200000000000001],[6.75,15.15]]]},"properties":{"source":"slicemap-v1","room":"office_20260824","importedAt":"2026-09-06T07:39:59.085Z","category":"furniture","kind":"block","area_m2":0.0175}},{"type":"Feature","geometry":{"type":"Polygon","coordinates":[[[6.45,15.200000000000001],[6.550000000000001,15.200000000000001],[6.550000000000001,15.25],[6.45,15.25],[6.45,15.200000000000001]]]},"properties":{"source":"slicemap-v1","room":"office_20260824","importedAt":"2026-09-06T07:39:59.085Z","category":"wall","kind":"block","area_m2":0.005}},{"type":"Feature","geometry":{"type":"Polygon","coordinates":[[[6.7,15.200000000000001],[7,15.200000000000001],[7,15.25],[6.7,15.25],[6.7,15.200000000000001]]]},"properties":{"source":"slicemap-v1","room":"office_20260824","importedAt":"2026-09-06T07:39:59.085Z","category":"furniture","kind":"block","area_m2":0.015}},{"type":"Feature","geometry":{"type":"Polygon","coordinates":[[[7.050000000000001,15.200000000000001],[7.1000000000000005,15.200000000000001],[7.1000000000000005,15.3],[7.050000000000001,15.3],[7.050000000000001,15.200000000000001]]]},"properties":{"source":"slicemap-v1","room":"office_20260824","importedAt":"2026-09-06T07:39:59.085Z","category":"furniture","kind":"block","area_m2":0.005}},{"type":"Feature","geometry":{"type":"Polygon","coordinates":[[[10.55,15.200000000000001],[10.65,15.200000000000001],[10.65,15.25],[10.55,15.25],[10.55,15.200000000000001]]]},"properties":{"source":"slicemap-v1","room":"office_20260824","importedAt":"2026-09-06T07:39:59.085Z","category":"wall","kind":"block","area_m2":0.005}},{"type":"Feature","geometry":{"type":"Polygon","coordinates":[[[6.65,15.25],[6.8500000000000005,15.25],[6.8500000000000005,15.3],[6.65,15.3],[6.65,15.25]]]},"properties":{"source":"slicemap-v1","room":"office_20260824","importedAt":"2026-09-06T07:39:59.085Z","category":"furniture","kind":"block","area_m2":0.01}},{"type":"Feature","geometry":{"type":"Polygon","coordinates":[[[6.9,15.25],[6.95,15.25],[6.95,15.3],[6.9,15.3],[6.9,15.25]]]},"properties":{"source":"slicemap-v1","room":"office_20260824","importedAt":"2026-09-06T07:39:59.085Z","category":"furniture","kind":"block","area_m2":0.0025}},{"type":"Feature","geometry":{"type":"Polygon","coordinates":[[[10.600000000000001,15.25],[10.65,15.25],[10.65,15.55],[10.600000000000001,15.55],[10.600000000000001,15.25]]]},"properties":{"source":"slicemap-v1","room":"office_20260824","importedAt":"2026-09-06T07:39:59.085Z","category":"wall","kind":"block","area_m2":0.015}},{"type":"Feature","geometry":{"type":"Polygon","coordinates":[[[6.5,15.3],[6.550000000000001,15.3],[6.550000000000001,15.350000000000001],[6.5,15.350000000000001],[6.5,15.3]]]},"properties":{"source":"slicemap-v1","room":"office_20260824","importedAt":"2026-09-06T07:39:59.085Z","category":"furniture","kind":"block","area_m2":0.0025}},{"type":"Feature","geometry":{"type":"Polygon","coordinates":[[[6.550000000000001,15.3],[6.6000000000000005,15.3],[6.6000000000000005,15.350000000000001],[6.550000000000001,15.350000000000001],[6.550000000000001,15.3]]]},"properties":{"source":"slicemap-v1","room":"office_20260824","importedAt":"2026-09-06T07:39:59.085Z","category":"wall","kind":"block","area_m2":0.0025}},{"type":"Feature","geometry":{"type":"Polygon","coordinates":[[[6.6000000000000005,15.3],[6.8500000000000005,15.3],[6.8500000000000005,15.350000000000001],[6.6000000000000005,15.350000000000001],[6.6000000000000005,15.3]]]},"properties":{"source":"slicemap-v1","room":"office_20260824","importedAt":"2026-09-06T07:39:59.085Z","category":"furniture","kind":"block","area_m2":0.0125}},{"type":"Feature","geometry":{"type":"Polygon","coordinates":[[[6.95,15.3],[7.050000000000001,15.3],[7.050000000000001,15.4],[6.95,15.4],[6.95,15.3]]]},"properties":{"source":"slicemap-v1","room":"office_20260824","importedAt":"2026-09-06T07:39:59.085Z","category":"furniture","kind":"block","area_m2":0.01}},{"type":"Feature","geometry":{"type":"Polygon","coordinates":[[[6.5,15.350000000000001],[6.550000000000001,15.350000000000001],[6.550000000000001,15.5],[6.5,15.5],[6.5,15.350000000000001]]]},"properties":{"source":"slicemap-v1","room":"office_20260824","importedAt":"2026-09-06T07:39:59.085Z","category":"wall","kind":"block","area_m2":0.0075}},{"type":"Feature","geometry":{"type":"Polygon","coordinates":[[[6.5,15.5],[6.6000000000000005,15.5],[6.6000000000000005,15.55],[6.5,15.55],[6.5,15.5]]]},"properties":{"source":"slicemap-v1","room":"office_20260824","importedAt":"2026-09-06T07:39:59.085Z","category":"wall","kind":"block","area_m2":0.005}},{"type":"Feature","geometry":{"type":"Polygon","coordinates":[[[6.9,15.5],[7.1000000000000005,15.5],[7.1000000000000005,15.55],[6.9,15.55],[6.9,15.5]]]},"properties":{"source":"slicemap-v1","room":"office_20260824","importedAt":"2026-09-06T07:39:59.085Z","category":"furniture","kind":"block","area_m2":0.01}},{"type":"Feature","geometry":{"type":"Polygon","coordinates":[[[6.5,15.55],[6.550000000000001,15.55],[6.550000000000001,15.600000000000001],[6.5,15.600000000000001],[6.5,15.55]]]},"properties":{"source":"slicemap-v1","room":"office_20260824","importedAt":"2026-09-06T07:39:59.085Z","category":"wall","kind":"block","area_m2":0.0025}},{"type":"Feature","geometry":{"type":"Polygon","coordinates":[[[6.7,15.55],[6.95,15.55],[6.95,15.600000000000001],[6.7,15.600000000000001],[6.7,15.55]]]},"properties":{"source":"slicemap-v1","room":"office_20260824","importedAt":"2026-09-06T07:39:59.085Z","category":"furniture","kind":"block","area_m2":0.0125}},{"type":"Feature","geometry":{"type":"Polygon","coordinates":[[[7.050000000000001,15.55],[7.1000000000000005,15.55],[7.1000000000000005,15.700000000000001],[7.050000000000001,15.700000000000001],[7.050000000000001,15.55]]]},"properties":{"source":"slicemap-v1","room":"office_20260824","importedAt":"2026-09-06T07:39:59.085Z","category":"furniture","kind":"block","area_m2":0.0075}},{"type":"Feature","geometry":{"type":"Polygon","coordinates":[[[7.9,15.55],[8,15.55],[8,15.600000000000001],[7.9,15.600000000000001],[7.9,15.55]]]},"properties":{"source":"slicemap-v1","room":"office_20260824","importedAt":"2026-09-06T07:39:59.085Z","category":"furniture","kind":"block","area_m2":0.005}},{"type":"Feature","geometry":{"type":"Polygon","coordinates":[[[10.65,15.55],[10.700000000000001,15.55],[10.700000000000001,15.8],[10.65,15.8],[10.65,15.55]]]},"properties":{"source":"slicemap-v1","room":"office_20260824","importedAt":"2026-09-06T07:39:59.085Z","category":"wall","kind":"block","area_m2":0.0125}},{"type":"Feature","geometry":{"type":"Polygon","coordinates":[[[6.65,15.600000000000001],[6.9,15.600000000000001],[6.9,15.65],[6.65,15.65],[6.65,15.600000000000001]]]},"properties":{"source":"slicemap-v1","room":"office_20260824","importedAt":"2026-09-06T07:39:59.085Z","category":"furniture","kind":"block","area_m2":0.0125}},{"type":"Feature","geometry":{"type":"Polygon","coordinates":[[[7.9,15.600000000000001],[8.05,15.600000000000001],[8.05,15.65],[7.9,15.65],[7.9,15.600000000000001]]]},"properties":{"source":"slicemap-v1","room":"office_20260824","importedAt":"2026-09-06T07:39:59.085Z","category":"furniture","kind":"block","area_m2":0.0075}},{"type":"Feature","geometry":{"type":"Polygon","coordinates":[[[7.050000000000001,15.700000000000001],[7.15,15.700000000000001],[7.15,15.75],[7.050000000000001,15.75],[7.050000000000001,15.700000000000001]]]},"properties":{"source":"slicemap-v1","room":"office_20260824","importedAt":"2026-09-06T07:39:59.085Z","category":"furniture","kind":"block","area_m2":0.005}},{"type":"Feature","geometry":{"type":"Polygon","coordinates":[[[8.75,15.700000000000001],[8.8,15.700000000000001],[8.8,15.75],[8.75,15.75],[8.75,15.700000000000001]]]},"properties":{"source":"slicemap-v1","room":"office_20260824","importedAt":"2026-09-06T07:39:59.085Z","category":"furniture","kind":"block","area_m2":0.0025}},{"type":"Feature","geometry":{"type":"Polygon","coordinates":[[[6.95,15.75],[7.1000000000000005,15.75],[7.1000000000000005,15.8],[6.95,15.8],[6.95,15.75]]]},"properties":{"source":"slicemap-v1","room":"office_20260824","importedAt":"2026-09-06T07:39:59.085Z","category":"furniture","kind":"block","area_m2":0.0075}},{"type":"Feature","geometry":{"type":"Polygon","coordinates":[[[8.75,15.75],[8.9,15.75],[8.9,15.8],[8.75,15.8],[8.75,15.75]]]},"properties":{"source":"slicemap-v1","room":"office_20260824","importedAt":"2026-09-06T07:39:59.085Z","category":"furniture","kind":"block","area_m2":0.0075}},{"type":"Feature","geometry":{"type":"Polygon","coordinates":[[[10.5,15.75],[10.55,15.75],[10.55,15.8],[10.5,15.8],[10.5,15.75]]]},"properties":{"source":"slicemap-v1","room":"office_20260824","importedAt":"2026-09-06T07:39:59.085Z","category":"wall","kind":"block","area_m2":0.0025}},{"type":"Feature","geometry":{"type":"Polygon","coordinates":[[[10.55,15.75],[10.600000000000001,15.75],[10.600000000000001,15.8],[10.55,15.8],[10.55,15.75]]]},"properties":{"source":"slicemap-v1","room":"office_20260824","importedAt":"2026-09-06T07:39:59.085Z","category":"furniture","kind":"block","area_m2":0.0025}},{"type":"Feature","geometry":{"type":"Polygon","coordinates":[[[6.95,15.8],[7.050000000000001,15.8],[7.050000000000001,15.850000000000001],[6.95,15.850000000000001],[6.95,15.8]]]},"properties":{"source":"slicemap-v1","room":"office_20260824","importedAt":"2026-09-06T07:39:59.085Z","category":"furniture","kind":"block","area_m2":0.005}},{"type":"Feature","geometry":{"type":"Polygon","coordinates":[[[8.8,15.8],[8.85,15.8],[8.85,15.9],[8.8,15.9],[8.8,15.8]]]},"properties":{"source":"slicemap-v1","room":"office_20260824","importedAt":"2026-09-06T07:39:59.085Z","category":"furniture","kind":"block","area_m2":0.005}},{"type":"Feature","geometry":{"type":"Polygon","coordinates":[[[10.15,15.8],[10.25,15.8],[10.25,15.850000000000001],[10.15,15.850000000000001],[10.15,15.8]]]},"properties":{"source":"slicemap-v1","room":"office_20260824","importedAt":"2026-09-06T07:39:59.085Z","category":"wall","kind":"block","area_m2":0.005}},{"type":"Feature","geometry":{"type":"Polygon","coordinates":[[[10.25,15.8],[10.600000000000001,15.8],[10.600000000000001,15.850000000000001],[10.25,15.850000000000001],[10.25,15.8]]]},"properties":{"source":"slicemap-v1","room":"office_20260824","importedAt":"2026-09-06T07:39:59.085Z","category":"furniture","kind":"block","area_m2":0.0175}},{"type":"Feature","geometry":{"type":"Polygon","coordinates":[[[10.600000000000001,15.8],[10.65,15.8],[10.65,15.850000000000001],[10.600000000000001,15.850000000000001],[10.600000000000001,15.8]]]},"properties":{"source":"slicemap-v1","room":"office_20260824","importedAt":"2026-09-06T07:39:59.085Z","category":"wall","kind":"block","area_m2":0.0025}},{"type":"Feature","geometry":{"type":"Polygon","coordinates":[[[9.600000000000001,15.850000000000001],[9.850000000000001,15.850000000000001],[9.850000000000001,15.9],[9.600000000000001,15.9],[9.600000000000001,15.850000000000001]]]},"properties":{"source":"slicemap-v1","room":"office_20260824","importedAt":"2026-09-06T07:39:59.085Z","category":"wall","kind":"block","area_m2":0.0125}},{"type":"Feature","geometry":{"type":"Polygon","coordinates":[[[9.950000000000001,15.850000000000001],[10.350000000000001,15.850000000000001],[10.350000000000001,15.9],[9.950000000000001,15.9],[9.950000000000001,15.850000000000001]]]},"properties":{"source":"slicemap-v1","room":"office_20260824","importedAt":"2026-09-06T07:39:59.085Z","category":"furniture","kind":"block","area_m2":0.02}},{"type":"Feature","geometry":{"type":"Polygon","coordinates":[[[9.25,15.9],[9.700000000000001,15.9],[9.700000000000001,15.950000000000001],[9.25,15.950000000000001],[9.25,15.9]]]},"properties":{"source":"slicemap-v1","room":"office_20260824","importedAt":"2026-09-06T07:39:59.085Z","category":"wall","kind":"block","area_m2":0.0225}},{"type":"Feature","geometry":{"type":"Polygon","coordinates":[[[9.8,15.9],[10.05,15.9],[10.05,15.950000000000001],[9.8,15.950000000000001],[9.8,15.9]]]},"properties":{"source":"slicemap-v1","room":"office_20260824","importedAt":"2026-09-06T07:39:59.085Z","category":"furniture","kind":"block","area_m2":0.0125}},{"type":"Feature","geometry":{"type":"Polygon","coordinates":[[[9.1,15.950000000000001],[9.15,15.950000000000001],[9.15,16],[9.1,16],[9.1,15.950000000000001]]]},"properties":{"source":"slicemap-v1","room":"office_20260824","importedAt":"2026-09-06T07:39:59.085Z","category":"wall","kind":"block","area_m2":0.0025}},{"type":"Feature","geometry":{"type":"Polygon","coordinates":[[[9.15,15.950000000000001],[9.25,15.950000000000001],[9.25,16.05],[9.15,16.05],[9.15,15.950000000000001]]]},"properties":{"source":"slicemap-v1","room":"office_20260824","importedAt":"2026-09-06T07:39:59.085Z","category":"furniture","kind":"block","area_m2":0.01}},{"type":"Feature","geometry":{"type":"Polygon","coordinates":[[[9.25,15.950000000000001],[9.35,15.950000000000001],[9.35,16],[9.25,16],[9.25,15.950000000000001]]]},"properties":{"source":"slicemap-v1","room":"office_20260824","importedAt":"2026-09-06T07:39:59.085Z","category":"wall","kind":"block","area_m2":0.005}},{"type":"Feature","geometry":{"type":"Polygon","coordinates":[[[9.35,15.950000000000001],[9.450000000000001,15.950000000000001],[9.450000000000001,16],[9.35,16],[9.35,15.950000000000001]]]},"properties":{"source":"slicemap-v1","room":"office_20260824","importedAt":"2026-09-06T07:39:59.085Z","category":"furniture","kind":"block","area_m2":0.005}},{"type":"Feature","geometry":{"type":"Polygon","coordinates":[[[8.8,16],[8.9,16],[8.9,16.05],[8.8,16.05],[8.8,16]]]},"properties":{"source":"slicemap-v1","room":"office_20260824","importedAt":"2026-09-06T07:39:59.085Z","category":"wall","kind":"block","area_m2":0.005}},{"type":"Feature","geometry":{"type":"Polygon","coordinates":[[[8.9,16],[9.1,16],[9.1,16.05],[8.9,16.05],[8.9,16]]]},"properties":{"source":"slicemap-v1","room":"office_20260824","importedAt":"2026-09-06T07:39:59.085Z","category":"furniture","kind":"block","area_m2":0.01}},{"type":"Feature","geometry":{"type":"Polygon","coordinates":[[[9.3,16],[9.5,16],[9.5,16.1],[9.3,16.1],[9.3,16]]]},"properties":{"source":"slicemap-v1","room":"office_20260824","importedAt":"2026-09-06T07:39:59.085Z","category":"furniture","kind":"block","area_m2":0.02}},{"type":"Feature","geometry":{"type":"Polygon","coordinates":[[[8.5,16.05],[8.85,16.05],[8.85,16.1],[8.5,16.1],[8.5,16.05]]]},"properties":{"source":"slicemap-v1","room":"office_20260824","importedAt":"2026-09-06T07:39:59.085Z","category":"furniture","kind":"block","area_m2":0.0175}},{"type":"Feature","geometry":{"type":"Polygon","coordinates":[[[8.200000000000001,16.1],[8.55,16.1],[8.55,16.150000000000002],[8.200000000000001,16.150000000000002],[8.200000000000001,16.1]]]},"properties":{"source":"slicemap-v1","room":"office_20260824","importedAt":"2026-09-06T07:39:59.085Z","category":"furniture","kind":"block","area_m2":0.0175}},{"type":"Feature","geometry":{"type":"Polygon","coordinates":[[[7.9,16.150000000000002],[8.3,16.150000000000002],[8.3,16.2],[7.9,16.2],[7.9,16.150000000000002]]]},"properties":{"source":"slicemap-v1","room":"office_20260824","importedAt":"2026-09-06T07:39:59.085Z","category":"furniture","kind":"block","area_m2":0.02}},{"type":"Feature","geometry":{"type":"Polygon","coordinates":[[[7.65,16.2],[7.7,16.2],[7.7,16.25],[7.65,16.25],[7.65,16.2]]]},"properties":{"source":"slicemap-v1","room":"office_20260824","importedAt":"2026-09-06T07:39:59.085Z","category":"wall","kind":"block","area_m2":0.0025}},{"type":"Feature","geometry":{"type":"Polygon","coordinates":[[[7.7,16.2],[7.75,16.2],[7.75,16.25],[7.7,16.25],[7.7,16.2]]]},"properties":{"source":"slicemap-v1","room":"office_20260824","importedAt":"2026-09-06T07:39:59.085Z","category":"furniture","kind":"block","area_m2":0.0025}},{"type":"Feature","geometry":{"type":"Polygon","coordinates":[[[7.800000000000001,16.2],[8.200000000000001,16.2],[8.200000000000001,16.25],[7.800000000000001,16.25],[7.800000000000001,16.2]]]},"properties":{"source":"slicemap-v1","room":"office_20260824","importedAt":"2026-09-06T07:39:59.085Z","category":"furniture","kind":"block","area_m2":0.02}},{"type":"Feature","geometry":{"type":"Polygon","coordinates":[[[8.4,16.2],[8.5,16.2],[8.5,16.25],[8.4,16.25],[8.4,16.2]]]},"properties":{"source":"slicemap-v1","room":"office_20260824","importedAt":"2026-09-06T07:39:59.085Z","category":"furniture","kind":"block","area_m2":0.005}},{"type":"Feature","geometry":{"type":"Polygon","coordinates":[[[7.2,16.25],[7.6000000000000005,16.25],[7.6000000000000005,16.3],[7.2,16.3],[7.2,16.25]]]},"properties":{"source":"slicemap-v1","room":"office_20260824","importedAt":"2026-09-06T07:39:59.085Z","category":"furniture","kind":"block","area_m2":0.02}},{"type":"Feature","geometry":{"type":"Polygon","coordinates":[[[7.6000000000000005,16.25],[7.65,16.25],[7.65,16.3],[7.6000000000000005,16.3],[7.6000000000000005,16.25]]]},"properties":{"source":"slicemap-v1","room":"office_20260824","importedAt":"2026-09-06T07:39:59.085Z","category":"wall","kind":"block","area_m2":0.0025}},{"type":"Feature","geometry":{"type":"Polygon","coordinates":[[[7.65,16.25],[7.800000000000001,16.25],[7.800000000000001,16.3],[7.65,16.3],[7.65,16.25]]]},"properties":{"source":"slicemap-v1","room":"office_20260824","importedAt":"2026-09-06T07:39:59.085Z","category":"furniture","kind":"block","area_m2":0.0075}},{"type":"Feature","geometry":{"type":"Polygon","coordinates":[[[7.8500000000000005,16.25],[7.95,16.25],[7.95,16.3],[7.8500000000000005,16.3],[7.8500000000000005,16.25]]]},"properties":{"source":"slicemap-v1","room":"office_20260824","importedAt":"2026-09-06T07:39:59.085Z","category":"furniture","kind":"block","area_m2":0.005}},{"type":"Feature","geometry":{"type":"Polygon","coordinates":[[[8.1,16.25],[8.15,16.25],[8.15,16.3],[8.1,16.3],[8.1,16.25]]]},"properties":{"source":"slicemap-v1","room":"office_20260824","importedAt":"2026-09-06T07:39:59.085Z","category":"furniture","kind":"block","area_m2":0.0025}},{"type":"Feature","geometry":{"type":"Polygon","coordinates":[[[8.200000000000001,16.25],[8.55,16.25],[8.55,16.3],[8.200000000000001,16.3],[8.200000000000001,16.25]]]},"properties":{"source":"slicemap-v1","room":"office_20260824","importedAt":"2026-09-06T07:39:59.085Z","category":"furniture","kind":"block","area_m2":0.0175}},{"type":"Feature","geometry":{"type":"Polygon","coordinates":[[[6.6000000000000005,16.3],[6.7,16.3],[6.7,16.35],[6.6000000000000005,16.35],[6.6000000000000005,16.3]]]},"properties":{"source":"slicemap-v1","room":"office_20260824","importedAt":"2026-09-06T07:39:59.085Z","category":"wall","kind":"block","area_m2":0.005}},{"type":"Feature","geometry":{"type":"Polygon","coordinates":[[[6.800000000000001,16.3],[7.25,16.3],[7.25,16.35],[6.800000000000001,16.35],[6.800000000000001,16.3]]]},"properties":{"source":"slicemap-v1","room":"office_20260824","importedAt":"2026-09-06T07:39:59.085Z","category":"furniture","kind":"block","area_m2":0.0225}},{"type":"Feature","geometry":{"type":"Polygon","coordinates":[[[7.7,16.3],[7.800000000000001,16.3],[7.800000000000001,16.35],[7.7,16.35],[7.7,16.3]]]},"properties":{"source":"slicemap-v1","room":"office_20260824","importedAt":"2026-09-06T07:39:59.085Z","category":"furniture","kind":"block","area_m2":0.005}},{"type":"Feature","geometry":{"type":"Polygon","coordinates":[[[7.8500000000000005,16.3],[8,16.3],[8,16.35],[7.8500000000000005,16.35],[7.8500000000000005,16.3]]]},"properties":{"source":"slicemap-v1","room":"office_20260824","importedAt":"2026-09-06T07:39:59.085Z","category":"furniture","kind":"block","area_m2":0.0075}},{"type":"Feature","geometry":{"type":"Polygon","coordinates":[[[8.1,16.3],[8.450000000000001,16.3],[8.450000000000001,16.35],[8.1,16.35],[8.1,16.3]]]},"properties":{"source":"slicemap-v1","room":"office_20260824","importedAt":"2026-09-06T07:39:59.085Z","category":"furniture","kind":"block","area_m2":0.0175}},{"type":"Feature","geometry":{"type":"Polygon","coordinates":[[[6.65,16.35],[6.7,16.35],[6.7,16.400000000000002],[6.65,16.400000000000002],[6.65,16.35]]]},"properties":{"source":"slicemap-v1","room":"office_20260824","importedAt":"2026-09-06T07:39:59.085Z","category":"wall","kind":"block","area_m2":0.0025}},{"type":"Feature","geometry":{"type":"Polygon","coordinates":[[[6.7,16.35],[6.9,16.35],[6.9,16.400000000000002],[6.7,16.400000000000002],[6.7,16.35]]]},"properties":{"source":"slicemap-v1","room":"office_20260824","importedAt":"2026-09-06T07:39:59.085Z","category":"furniture","kind":"block","area_m2":0.01}},{"type":"Feature","geometry":{"type":"Polygon","coordinates":[[[7.65,16.35],[7.7,16.35],[7.7,16.400000000000002],[7.65,16.400000000000002],[7.65,16.35]]]},"properties":{"source":"slicemap-v1","room":"office_20260824","importedAt":"2026-09-06T07:39:59.085Z","category":"wall","kind":"block","area_m2":0.0025}},{"type":"Feature","geometry":{"type":"Polygon","coordinates":[[[7.7,16.35],[7.95,16.35],[7.95,16.400000000000002],[7.7,16.400000000000002],[7.7,16.35]]]},"properties":{"source":"slicemap-v1","room":"office_20260824","importedAt":"2026-09-06T07:39:59.085Z","category":"furniture","kind":"block","area_m2":0.0125}},{"type":"Feature","geometry":{"type":"Polygon","coordinates":[[[8.05,16.35],[8.450000000000001,16.35],[8.450000000000001,16.400000000000002],[8.05,16.400000000000002],[8.05,16.35]]]},"properties":{"source":"slicemap-v1","room":"office_20260824","importedAt":"2026-09-06T07:39:59.085Z","category":"furniture","kind":"block","area_m2":0.02}},{"type":"Feature","geometry":{"type":"Polygon","coordinates":[[[6.9,16.45],[7.1000000000000005,16.45],[7.1000000000000005,16.5],[6.9,16.5],[6.9,16.45]]]},"properties":{"source":"slicemap-v1","room":"office_20260824","importedAt":"2026-09-06T07:39:59.085Z","category":"furniture","kind":"block","area_m2":0.01}},{"type":"Feature","geometry":{"type":"Polygon","coordinates":[[[6.9,16.5],[7,16.5],[7,16.55],[6.9,16.55],[6.9,16.5]]]},"properties":{"source":"slicemap-v1","room":"office_20260824","importedAt":"2026-09-06T07:39:59.085Z","category":"furniture","kind":"block","area_m2":0.005}}],"slicemap":{"resolution":0.05,"cols":267,"rows":346,"origin":[-8.249166011810303,-12.560574531555176],"z":0.18,"sources":[{"scan":"scan_20260824_084607_office","offsetX":0,"offsetZ":0,"yawRadians":0,"method":"reference","cells":31319}]}}