{"type":"FeatureCollection","features":[{"type":"Feature","geometry":{"type":"Polygon","coordinates":[[[9,3.85],[9.05,3.85],[9.05,3.9000000000000004],[9,3.9000000000000004],[9,3.85]]]},"properties":{"source":"slicemap-v1","room":"project_20260905","importedAt":"2026-09-06T00:37:34.491Z","category":"furniture","kind":"block","area_m2":0.0025}},{"type":"Feature","geometry":{"type":"Polygon","coordinates":[[[9.15,3.85],[9.200000000000001,3.85],[9.200000000000001,3.95],[9.15,3.95],[9.15,3.85]]]},"properties":{"source":"slicemap-v1","room":"project_20260905","importedAt":"2026-09-06T00:37:34.491Z","category":"furniture","kind":"block","area_m2":0.005}},{"type":"Feature","geometry":{"type":"Polygon","coordinates":[[[8.9,3.9000000000000004],[8.950000000000001,3.9000000000000004],[8.950000000000001,3.95],[8.9,3.95],[8.9,3.9000000000000004]]]},"properties":{"source":"slicemap-v1","room":"project_20260905","importedAt":"2026-09-06T00:37:34.491Z","category":"wall","kind":"block","area_m2":0.0025}},{"type":"Feature","geometry":{"type":"Polygon","coordinates":[[[8.950000000000001,3.9000000000000004],[9.1,3.9000000000000004],[9.1,3.95],[8.950000000000001,3.95],[8.950000000000001,3.9000000000000004]]]},"properties":{"source":"slicemap-v1","room":"project_20260905","importedAt":"2026-09-06T00:37:34.491Z","category":"furniture","kind":"block","area_m2":0.0075}},{"type":"Feature","geometry":{"type":"Polygon","coordinates":[[[9.1,3.9000000000000004],[9.15,3.9000000000000004],[9.15,3.95],[9.1,3.95],[9.1,3.9000000000000004]]]},"properties":{"source":"slicemap-v1","room":"project_20260905","importedAt":"2026-09-06T00:37:34.491Z","category":"wall","kind":"block","area_m2":0.0025}},{"type":"Feature","geometry":{"type":"Polygon","coordinates":[[[9.200000000000001,3.9000000000000004],[9.35,3.9000000000000004],[9.35,3.95],[9.200000000000001,3.95],[9.200000000000001,3.9000000000000004]]]},"properties":{"source":"slicemap-v1","room":"project_20260905","importedAt":"2026-09-06T00:37:34.491Z","category":"wall","kind":"block","area_m2":0.0075}},{"type":"Feature","geometry":{"type":"Polygon","coordinates":[[[8.55,3.95],[8.6,3.95],[8.6,4],[8.55,4],[8.55,3.95]]]},"properties":{"source":"slicemap-v1","room":"project_20260905","importedAt":"2026-09-06T00:37:34.491Z","category":"wall","kind":"block","area_m2":0.0025}},{"type":"Feature","geometry":{"type":"Polygon","coordinates":[[[8.700000000000001,3.95],[8.9,3.95],[8.9,4],[8.700000000000001,4],[8.700000000000001,3.95]]]},"properties":{"source":"slicemap-v1","room":"project_20260905","importedAt":"2026-09-06T00:37:34.491Z","category":"wall","kind":"block","area_m2":0.01}},{"type":"Feature","geometry":{"type":"Polygon","coordinates":[[[8.950000000000001,3.95],[9,3.95],[9,4],[8.950000000000001,4],[8.950000000000001,3.95]]]},"properties":{"source":"slicemap-v1","room":"project_20260905","importedAt":"2026-09-06T00:37:34.491Z","category":"wall","kind":"block","area_m2":0.0025}},{"type":"Feature","geometry":{"type":"Polygon","coordinates":[[[9.200000000000001,3.95],[9.4,3.95],[9.4,4],[9.200000000000001,4],[9.200000000000001,3.95]]]},"properties":{"source":"slicemap-v1","room":"project_20260905","importedAt":"2026-09-06T00:37:34.491Z","category":"furniture","kind":"block","area_m2":0.01}},{"type":"Feature","geometry":{"type":"Polygon","coordinates":[[[8.450000000000001,4],[8.8,4],[8.8,4.05],[8.450000000000001,4.05],[8.450000000000001,4]]]},"properties":{"source":"slicemap-v1","room":"project_20260905","importedAt":"2026-09-06T00:37:34.491Z","category":"wall","kind":"block","area_m2":0.0175}},{"type":"Feature","geometry":{"type":"Polygon","coordinates":[[[9.200000000000001,4],[9.450000000000001,4],[9.450000000000001,4.1000000000000005],[9.200000000000001,4.1000000000000005],[9.200000000000001,4]]]},"properties":{"source":"slicemap-v1","room":"project_20260905","importedAt":"2026-09-06T00:37:34.491Z","category":"furniture","kind":"block","area_m2":0.025}},{"type":"Feature","geometry":{"type":"Polygon","coordinates":[[[8.25,4.05],[8.55,4.05],[8.55,4.1000000000000005],[8.25,4.1000000000000005],[8.25,4.05]]]},"properties":{"source":"slicemap-v1","room":"project_20260905","importedAt":"2026-09-06T00:37:34.491Z","category":"wall","kind":"block","area_m2":0.015}},{"type":"Feature","geometry":{"type":"Polygon","coordinates":[[[8.05,4.1000000000000005],[8.1,4.1000000000000005],[8.1,4.15],[8.05,4.15],[8.05,4.1000000000000005]]]},"properties":{"source":"slicemap-v1","room":"project_20260905","importedAt":"2026-09-06T00:37:34.491Z","category":"wall","kind":"block","area_m2":0.0025}},{"type":"Feature","geometry":{"type":"Polygon","coordinates":[[[8.1,4.1000000000000005],[8.25,4.1000000000000005],[8.25,4.15],[8.1,4.15],[8.1,4.1000000000000005]]]},"properties":{"source":"slicemap-v1","room":"project_20260905","importedAt":"2026-09-06T00:37:34.491Z","category":"furniture","kind":"block","area_m2":0.0075}},{"type":"Feature","geometry":{"type":"Polygon","coordinates":[[[8.3,4.1000000000000005],[8.35,4.1000000000000005],[8.35,4.15],[8.3,4.15],[8.3,4.1000000000000005]]]},"properties":{"source":"slicemap-v1","room":"project_20260905","importedAt":"2026-09-06T00:37:34.491Z","category":"wall","kind":"block","area_m2":0.0025}},{"type":"Feature","geometry":{"type":"Polygon","coordinates":[[[9.200000000000001,4.1000000000000005],[9.55,4.1000000000000005],[9.55,4.15],[9.200000000000001,4.15],[9.200000000000001,4.1000000000000005]]]},"properties":{"source":"slicemap-v1","room":"project_20260905","importedAt":"2026-09-06T00:37:34.491Z","category":"furniture","kind":"block","area_m2":0.0175}},{"type":"Feature","geometry":{"type":"Polygon","coordinates":[[[7.95,4.15],[8.05,4.15],[8.05,4.2],[7.95,4.2],[7.95,4.15]]]},"properties":{"source":"slicemap-v1","room":"project_20260905","importedAt":"2026-09-06T00:37:34.491Z","category":"furniture","kind":"block","area_m2":0.005}},{"type":"Feature","geometry":{"type":"Polygon","coordinates":[[[9.25,4.15],[9.600000000000001,4.15],[9.600000000000001,4.2],[9.25,4.2],[9.25,4.15]]]},"properties":{"source":"slicemap-v1","room":"project_20260905","importedAt":"2026-09-06T00:37:34.491Z","category":"furniture","kind":"block","area_m2":0.0175}},{"type":"Feature","geometry":{"type":"Polygon","coordinates":[[[9.65,4.15],[9.75,4.15],[9.75,4.2],[9.65,4.2],[9.65,4.15]]]},"properties":{"source":"slicemap-v1","room":"project_20260905","importedAt":"2026-09-06T00:37:34.491Z","category":"furniture","kind":"block","area_m2":0.005}},{"type":"Feature","geometry":{"type":"Polygon","coordinates":[[[9.850000000000001,4.15],[9.9,4.15],[9.9,4.2],[9.850000000000001,4.2],[9.850000000000001,4.15]]]},"properties":{"source":"slicemap-v1","room":"project_20260905","importedAt":"2026-09-06T00:37:34.491Z","category":"furniture","kind":"block","area_m2":0.0025}},{"type":"Feature","geometry":{"type":"Polygon","coordinates":[[[9.3,4.2],[9.65,4.2],[9.65,4.25],[9.3,4.25],[9.3,4.2]]]},"properties":{"source":"slicemap-v1","room":"project_20260905","importedAt":"2026-09-06T00:37:34.491Z","category":"furniture","kind":"block","area_m2":0.0175}},{"type":"Feature","geometry":{"type":"Polygon","coordinates":[[[9.75,4.2],[9.950000000000001,4.2],[9.950000000000001,4.25],[9.75,4.25],[9.75,4.2]]]},"properties":{"source":"slicemap-v1","room":"project_20260905","importedAt":"2026-09-06T00:37:34.491Z","category":"furniture","kind":"block","area_m2":0.01}},{"type":"Feature","geometry":{"type":"Polygon","coordinates":[[[9.75,4.25],[9.850000000000001,4.25],[9.850000000000001,4.3500000000000005],[9.75,4.3500000000000005],[9.75,4.25]]]},"properties":{"source":"slicemap-v1","room":"project_20260905","importedAt":"2026-09-06T00:37:34.491Z","category":"furniture","kind":"block","area_m2":0.01}},{"type":"Feature","geometry":{"type":"Polygon","coordinates":[[[9.75,4.3500000000000005],[9.8,4.3500000000000005],[9.8,4.4],[9.75,4.4],[9.75,4.3500000000000005]]]},"properties":{"source":"slicemap-v1","room":"project_20260905","importedAt":"2026-09-06T00:37:34.491Z","category":"furniture","kind":"block","area_m2":0.0025}},{"type":"Feature","geometry":{"type":"Polygon","coordinates":[[[9.700000000000001,4.4],[9.8,4.4],[9.8,4.45],[9.700000000000001,4.45],[9.700000000000001,4.4]]]},"properties":{"source":"slicemap-v1","room":"project_20260905","importedAt":"2026-09-06T00:37:34.491Z","category":"furniture","kind":"block","area_m2":0.005}},{"type":"Feature","geometry":{"type":"Polygon","coordinates":[[[9.9,4.4],[9.950000000000001,4.4],[9.950000000000001,4.45],[9.9,4.45],[9.9,4.4]]]},"properties":{"source":"slicemap-v1","room":"project_20260905","importedAt":"2026-09-06T00:37:34.491Z","category":"furniture","kind":"block","area_m2":0.0025}},{"type":"Feature","geometry":{"type":"Polygon","coordinates":[[[7.8500000000000005,4.45],[8,4.45],[8,4.5],[7.8500000000000005,4.5],[7.8500000000000005,4.45]]]},"properties":{"source":"slicemap-v1","room":"project_20260905","importedAt":"2026-09-06T00:37:34.491Z","category":"furniture","kind":"block","area_m2":0.0075}},{"type":"Feature","geometry":{"type":"Polygon","coordinates":[[[9.700000000000001,4.45],[9.75,4.45],[9.75,4.5],[9.700000000000001,4.5],[9.700000000000001,4.45]]]},"properties":{"source":"slicemap-v1","room":"project_20260905","importedAt":"2026-09-06T00:37:34.491Z","category":"furniture","kind":"block","area_m2":0.0025}},{"type":"Feature","geometry":{"type":"Polygon","coordinates":[[[9.850000000000001,4.45],[9.9,4.45],[9.9,4.5],[9.850000000000001,4.5],[9.850000000000001,4.45]]]},"properties":{"source":"slicemap-v1","room":"project_20260905","importedAt":"2026-09-06T00:37:34.491Z","category":"furniture","kind":"block","area_m2":0.0025}},{"type":"Feature","geometry":{"type":"Polygon","coordinates":[[[7.800000000000001,4.5],[8,4.5],[8,4.55],[7.800000000000001,4.55],[7.800000000000001,4.5]]]},"properties":{"source":"slicemap-v1","room":"project_20260905","importedAt":"2026-09-06T00:37:34.491Z","category":"furniture","kind":"block","area_m2":0.01}},{"type":"Feature","geometry":{"type":"Polygon","coordinates":[[[9.75,4.5],[9.8,4.5],[9.8,4.55],[9.75,4.55],[9.75,4.5]]]},"properties":{"source":"slicemap-v1","room":"project_20260905","importedAt":"2026-09-06T00:37:34.491Z","category":"furniture","kind":"block","area_m2":0.0025}},{"type":"Feature","geometry":{"type":"Polygon","coordinates":[[[7.75,4.55],[8,4.55],[8,4.6000000000000005],[7.75,4.6000000000000005],[7.75,4.55]]]},"properties":{"source":"slicemap-v1","room":"project_20260905","importedAt":"2026-09-06T00:37:34.491Z","category":"furniture","kind":"block","area_m2":0.0125}},{"type":"Feature","geometry":{"type":"Polygon","coordinates":[[[7.75,4.6000000000000005],[7.800000000000001,4.6000000000000005],[7.800000000000001,4.65],[7.75,4.65],[7.75,4.6000000000000005]]]},"properties":{"source":"slicemap-v1","room":"project_20260905","importedAt":"2026-09-06T00:37:34.491Z","category":"wall","kind":"block","area_m2":0.0025}},{"type":"Feature","geometry":{"type":"Polygon","coordinates":[[[7.800000000000001,4.6000000000000005],[7.8500000000000005,4.6000000000000005],[7.8500000000000005,4.7],[7.800000000000001,4.7],[7.800000000000001,4.6000000000000005]]]},"properties":{"source":"slicemap-v1","room":"project_20260905","importedAt":"2026-09-06T00:37:34.491Z","category":"furniture","kind":"block","area_m2":0.005}},{"type":"Feature","geometry":{"type":"Polygon","coordinates":[[[7.95,4.6000000000000005],[8.1,4.6000000000000005],[8.1,4.65],[7.95,4.65],[7.95,4.6000000000000005]]]},"properties":{"source":"slicemap-v1","room":"project_20260905","importedAt":"2026-09-06T00:37:34.491Z","category":"furniture","kind":"block","area_m2":0.0075}},{"type":"Feature","geometry":{"type":"Polygon","coordinates":[[[8,4.65],[8.05,4.65],[8.05,4.7],[8,4.7],[8,4.65]]]},"properties":{"source":"slicemap-v1","room":"project_20260905","importedAt":"2026-09-06T00:37:34.491Z","category":"furniture","kind":"block","area_m2":0.0025}},{"type":"Feature","geometry":{"type":"Polygon","coordinates":[[[7.75,4.7],[7.8500000000000005,4.7],[7.8500000000000005,4.75],[7.75,4.75],[7.75,4.7]]]},"properties":{"source":"slicemap-v1","room":"project_20260905","importedAt":"2026-09-06T00:37:34.491Z","category":"furniture","kind":"block","area_m2":0.005}},{"type":"Feature","geometry":{"type":"Polygon","coordinates":[[[8,4.7],[8.1,4.7],[8.1,4.75],[8,4.75],[8,4.7]]]},"properties":{"source":"slicemap-v1","room":"project_20260905","importedAt":"2026-09-06T00:37:34.491Z","category":"furniture","kind":"block","area_m2":0.005}},{"type":"Feature","geometry":{"type":"Polygon","coordinates":[[[7.800000000000001,4.75],[7.9,4.75],[7.9,4.800000000000001],[7.800000000000001,4.800000000000001],[7.800000000000001,4.75]]]},"properties":{"source":"slicemap-v1","room":"project_20260905","importedAt":"2026-09-06T00:37:34.491Z","category":"furniture","kind":"block","area_m2":0.005}},{"type":"Feature","geometry":{"type":"Polygon","coordinates":[[[7.800000000000001,4.800000000000001],[7.8500000000000005,4.800000000000001],[7.8500000000000005,4.8500000000000005],[7.800000000000001,4.8500000000000005],[7.800000000000001,4.800000000000001]]]},"properties":{"source":"slicemap-v1","room":"project_20260905","importedAt":"2026-09-06T00:37:34.491Z","category":"furniture","kind":"block","area_m2":0.0025}},{"type":"Feature","geometry":{"type":"Polygon","coordinates":[[[7.75,4.9],[7.8500000000000005,4.9],[7.8500000000000005,4.95],[7.75,4.95],[7.75,4.9]]]},"properties":{"source":"slicemap-v1","room":"project_20260905","importedAt":"2026-09-06T00:37:34.491Z","category":"wall","kind":"block","area_m2":0.005}},{"type":"Feature","geometry":{"type":"Polygon","coordinates":[[[7.8500000000000005,4.9],[7.9,4.9],[7.9,4.95],[7.8500000000000005,4.95],[7.8500000000000005,4.9]]]},"properties":{"source":"slicemap-v1","room":"project_20260905","importedAt":"2026-09-06T00:37:34.491Z","category":"furniture","kind":"block","area_m2":0.0025}},{"type":"Feature","geometry":{"type":"Polygon","coordinates":[[[9.3,4.9],[9.35,4.9],[9.35,4.95],[9.3,4.95],[9.3,4.9]]]},"properties":{"source":"slicemap-v1","room":"project_20260905","importedAt":"2026-09-06T00:37:34.491Z","category":"furniture","kind":"block","area_m2":0.0025}},{"type":"Feature","geometry":{"type":"Polygon","coordinates":[[[7.800000000000001,4.95],[7.8500000000000005,4.95],[7.8500000000000005,5.1000000000000005],[7.800000000000001,5.1000000000000005],[7.800000000000001,4.95]]]},"properties":{"source":"slicemap-v1","room":"project_20260905","importedAt":"2026-09-06T00:37:34.491Z","category":"wall","kind":"block","area_m2":0.0075}},{"type":"Feature","geometry":{"type":"Polygon","coordinates":[[[8.1,4.95],[8.15,4.95],[8.15,5],[8.1,5],[8.1,4.95]]]},"properties":{"source":"slicemap-v1","room":"project_20260905","importedAt":"2026-09-06T00:37:34.491Z","category":"furniture","kind":"block","area_m2":0.0025}},{"type":"Feature","geometry":{"type":"Polygon","coordinates":[[[9.25,4.95],[9.4,4.95],[9.4,5],[9.25,5],[9.25,4.95]]]},"properties":{"source":"slicemap-v1","room":"project_20260905","importedAt":"2026-09-06T00:37:34.491Z","category":"furniture","kind":"block","area_m2":0.0075}},{"type":"Feature","geometry":{"type":"Polygon","coordinates":[[[8.05,5],[8.200000000000001,5],[8.200000000000001,5.050000000000001],[8.05,5.050000000000001],[8.05,5]]]},"properties":{"source":"slicemap-v1","room":"project_20260905","importedAt":"2026-09-06T00:37:34.491Z","category":"furniture","kind":"block","area_m2":0.0075}},{"type":"Feature","geometry":{"type":"Polygon","coordinates":[[[9.200000000000001,5],[9.25,5],[9.25,5.050000000000001],[9.200000000000001,5.050000000000001],[9.200000000000001,5]]]},"properties":{"source":"slicemap-v1","room":"project_20260905","importedAt":"2026-09-06T00:37:34.491Z","category":"wall","kind":"block","area_m2":0.0025}},{"type":"Feature","geometry":{"type":"Polygon","coordinates":[[[9.25,5],[9.3,5],[9.3,5.050000000000001],[9.25,5.050000000000001],[9.25,5]]]},"properties":{"source":"slicemap-v1","room":"project_20260905","importedAt":"2026-09-06T00:37:34.491Z","category":"furniture","kind":"block","area_m2":0.0025}},{"type":"Feature","geometry":{"type":"Polygon","coordinates":[[[7.8500000000000005,5.050000000000001],[7.9,5.050000000000001],[7.9,5.1000000000000005],[7.8500000000000005,5.1000000000000005],[7.8500000000000005,5.050000000000001]]]},"properties":{"source":"slicemap-v1","room":"project_20260905","importedAt":"2026-09-06T00:37:34.491Z","category":"furniture","kind":"block","area_m2":0.0025}},{"type":"Feature","geometry":{"type":"Polygon","coordinates":[[[8.1,5.050000000000001],[8.15,5.050000000000001],[8.15,5.1000000000000005],[8.1,5.1000000000000005],[8.1,5.050000000000001]]]},"properties":{"source":"slicemap-v1","room":"project_20260905","importedAt":"2026-09-06T00:37:34.491Z","category":"furniture","kind":"block","area_m2":0.0025}},{"type":"Feature","geometry":{"type":"Polygon","coordinates":[[[9.15,5.050000000000001],[9.3,5.050000000000001],[9.3,5.1000000000000005],[9.15,5.1000000000000005],[9.15,5.050000000000001]]]},"properties":{"source":"slicemap-v1","room":"project_20260905","importedAt":"2026-09-06T00:37:34.491Z","category":"wall","kind":"block","area_m2":0.0075}},{"type":"Feature","geometry":{"type":"Polygon","coordinates":[[[7.800000000000001,5.1000000000000005],[7.9,5.1000000000000005],[7.9,5.15],[7.800000000000001,5.15],[7.800000000000001,5.1000000000000005]]]},"properties":{"source":"slicemap-v1","room":"project_20260905","importedAt":"2026-09-06T00:37:34.491Z","category":"wall","kind":"block","area_m2":0.005}},{"type":"Feature","geometry":{"type":"Polygon","coordinates":[[[7.9,5.1000000000000005],[7.95,5.1000000000000005],[7.95,5.15],[7.9,5.15],[7.9,5.1000000000000005]]]},"properties":{"source":"slicemap-v1","room":"project_20260905","importedAt":"2026-09-06T00:37:34.491Z","category":"furniture","kind":"block","area_m2":0.0025}},{"type":"Feature","geometry":{"type":"Polygon","coordinates":[[[9.200000000000001,5.1000000000000005],[9.25,5.1000000000000005],[9.25,5.15],[9.200000000000001,5.15],[9.200000000000001,5.1000000000000005]]]},"properties":{"source":"slicemap-v1","room":"project_20260905","importedAt":"2026-09-06T00:37:34.491Z","category":"wall","kind":"block","area_m2":0.0025}},{"type":"Feature","geometry":{"type":"Polygon","coordinates":[[[7.8500000000000005,5.15],[8,5.15],[8,5.25],[7.8500000000000005,5.25],[7.8500000000000005,5.15]]]},"properties":{"source":"slicemap-v1","room":"project_20260905","importedAt":"2026-09-06T00:37:34.491Z","category":"furniture","kind":"block","area_m2":0.015}},{"type":"Feature","geometry":{"type":"Polygon","coordinates":[[[9.1,5.15],[9.200000000000001,5.15],[9.200000000000001,5.2],[9.1,5.2],[9.1,5.15]]]},"properties":{"source":"slicemap-v1","room":"project_20260905","importedAt":"2026-09-06T00:37:34.491Z","category":"furniture","kind":"block","area_m2":0.005}},{"type":"Feature","geometry":{"type":"Polygon","coordinates":[[[9.05,5.2],[9.1,5.2],[9.1,5.25],[9.05,5.25],[9.05,5.2]]]},"properties":{"source":"slicemap-v1","room":"project_20260905","importedAt":"2026-09-06T00:37:34.491Z","category":"furniture","kind":"block","area_m2":0.0025}},{"type":"Feature","geometry":{"type":"Polygon","coordinates":[[[9.1,5.2],[9.200000000000001,5.2],[9.200000000000001,5.25],[9.1,5.25],[9.1,5.2]]]},"properties":{"source":"slicemap-v1","room":"project_20260905","importedAt":"2026-09-06T00:37:34.491Z","category":"wall","kind":"block","area_m2":0.005}},{"type":"Feature","geometry":{"type":"Polygon","coordinates":[[[7.800000000000001,5.25],[7.9,5.25],[7.9,5.300000000000001],[7.800000000000001,5.300000000000001],[7.800000000000001,5.25]]]},"properties":{"source":"slicemap-v1","room":"project_20260905","importedAt":"2026-09-06T00:37:34.491Z","category":"wall","kind":"block","area_m2":0.005}},{"type":"Feature","geometry":{"type":"Polygon","coordinates":[[[7.95,5.25],[8,5.25],[8,5.300000000000001],[7.95,5.300000000000001],[7.95,5.25]]]},"properties":{"source":"slicemap-v1","room":"project_20260905","importedAt":"2026-09-06T00:37:34.491Z","category":"furniture","kind":"block","area_m2":0.0025}},{"type":"Feature","geometry":{"type":"Polygon","coordinates":[[[9.1,5.25],[9.15,5.25],[9.15,5.300000000000001],[9.1,5.300000000000001],[9.1,5.25]]]},"properties":{"source":"slicemap-v1","room":"project_20260905","importedAt":"2026-09-06T00:37:34.491Z","category":"furniture","kind":"block","area_m2":0.0025}},{"type":"Feature","geometry":{"type":"Polygon","coordinates":[[[7.95,5.300000000000001],[8,5.300000000000001],[8,5.3500000000000005],[7.95,5.3500000000000005],[7.95,5.300000000000001]]]},"properties":{"source":"slicemap-v1","room":"project_20260905","importedAt":"2026-09-06T00:37:34.491Z","category":"wall","kind":"block","area_m2":0.0025}},{"type":"Feature","geometry":{"type":"Polygon","coordinates":[[[9.05,5.300000000000001],[9.1,5.300000000000001],[9.1,5.3500000000000005],[9.05,5.3500000000000005],[9.05,5.300000000000001]]]},"properties":{"source":"slicemap-v1","room":"project_20260905","importedAt":"2026-09-06T00:37:34.491Z","category":"furniture","kind":"block","area_m2":0.0025}},{"type":"Feature","geometry":{"type":"Polygon","coordinates":[[[7.9,5.3500000000000005],[8,5.3500000000000005],[8,5.4],[7.9,5.4],[7.9,5.3500000000000005]]]},"properties":{"source":"slicemap-v1","room":"project_20260905","importedAt":"2026-09-06T00:37:34.491Z","category":"wall","kind":"block","area_m2":0.005}},{"type":"Feature","geometry":{"type":"Polygon","coordinates":[[[9,5.3500000000000005],[9.1,5.3500000000000005],[9.1,5.45],[9,5.45],[9,5.3500000000000005]]]},"properties":{"source":"slicemap-v1","room":"project_20260905","importedAt":"2026-09-06T00:37:34.491Z","category":"furniture","kind":"block","area_m2":0.01}},{"type":"Feature","geometry":{"type":"Polygon","coordinates":[[[7.45,5.4],[7.5,5.4],[7.5,5.45],[7.45,5.45],[7.45,5.4]]]},"properties":{"source":"slicemap-v1","room":"project_20260905","importedAt":"2026-09-06T00:37:34.491Z","category":"furniture","kind":"block","area_m2":0.0025}},{"type":"Feature","geometry":{"type":"Polygon","coordinates":[[[7.9,5.4],[7.95,5.4],[7.95,5.5],[7.9,5.5],[7.9,5.4]]]},"properties":{"source":"slicemap-v1","room":"project_20260905","importedAt":"2026-09-06T00:37:34.491Z","category":"furniture","kind":"block","area_m2":0.005}},{"type":"Feature","geometry":{"type":"Polygon","coordinates":[[[7.4,5.45],[7.550000000000001,5.45],[7.550000000000001,5.6000000000000005],[7.4,5.6000000000000005],[7.4,5.45]]]},"properties":{"source":"slicemap-v1","room":"project_20260905","importedAt":"2026-09-06T00:37:34.491Z","category":"furniture","kind":"block","area_m2":0.0225}},{"type":"Feature","geometry":{"type":"Polygon","coordinates":[[[8.950000000000001,5.45],[9.05,5.45],[9.05,5.5],[8.950000000000001,5.5],[8.950000000000001,5.45]]]},"properties":{"source":"slicemap-v1","room":"project_20260905","importedAt":"2026-09-06T00:37:34.491Z","category":"furniture","kind":"block","area_m2":0.005}},{"type":"Feature","geometry":{"type":"Polygon","coordinates":[[[9.1,5.45],[9.15,5.45],[9.15,5.5],[9.1,5.5],[9.1,5.45]]]},"properties":{"source":"slicemap-v1","room":"project_20260905","importedAt":"2026-09-06T00:37:34.491Z","category":"furniture","kind":"block","area_m2":0.0025}},{"type":"Feature","geometry":{"type":"Polygon","coordinates":[[[7.8500000000000005,5.5],[7.9,5.5],[7.9,5.550000000000001],[7.8500000000000005,5.550000000000001],[7.8500000000000005,5.5]]]},"properties":{"source":"slicemap-v1","room":"project_20260905","importedAt":"2026-09-06T00:37:34.491Z","category":"wall","kind":"block","area_m2":0.0025}},{"type":"Feature","geometry":{"type":"Polygon","coordinates":[[[8.950000000000001,5.5],[9.1,5.5],[9.1,5.550000000000001],[8.950000000000001,5.550000000000001],[8.950000000000001,5.5]]]},"properties":{"source":"slicemap-v1","room":"project_20260905","importedAt":"2026-09-06T00:37:34.491Z","category":"furniture","kind":"block","area_m2":0.0075}},{"type":"Feature","geometry":{"type":"Polygon","coordinates":[[[7.800000000000001,5.550000000000001],[7.9,5.550000000000001],[7.9,5.65],[7.800000000000001,5.65],[7.800000000000001,5.550000000000001]]]},"properties":{"source":"slicemap-v1","room":"project_20260905","importedAt":"2026-09-06T00:37:34.491Z","category":"furniture","kind":"block","area_m2":0.01}},{"type":"Feature","geometry":{"type":"Polygon","coordinates":[[[9,5.550000000000001],[9.1,5.550000000000001],[9.1,5.6000000000000005],[9,5.6000000000000005],[9,5.550000000000001]]]},"properties":{"source":"slicemap-v1","room":"project_20260905","importedAt":"2026-09-06T00:37:34.491Z","category":"furniture","kind":"block","area_m2":0.005}},{"type":"Feature","geometry":{"type":"Polygon","coordinates":[[[7.45,5.6000000000000005],[7.5,5.6000000000000005],[7.5,5.65],[7.45,5.65],[7.45,5.6000000000000005]]]},"properties":{"source":"slicemap-v1","room":"project_20260905","importedAt":"2026-09-06T00:37:34.491Z","category":"furniture","kind":"block","area_m2":0.0025}},{"type":"Feature","geometry":{"type":"Polygon","coordinates":[[[8.950000000000001,5.6000000000000005],[9.1,5.6000000000000005],[9.1,5.65],[8.950000000000001,5.65],[8.950000000000001,5.6000000000000005]]]},"properties":{"source":"slicemap-v1","room":"project_20260905","importedAt":"2026-09-06T00:37:34.491Z","category":"furniture","kind":"block","area_m2":0.0075}},{"type":"Feature","geometry":{"type":"Polygon","coordinates":[[[7.4,5.65],[7.5,5.65],[7.5,5.7],[7.4,5.7],[7.4,5.65]]]},"properties":{"source":"slicemap-v1","room":"project_20260905","importedAt":"2026-09-06T00:37:34.491Z","category":"furniture","kind":"block","area_m2":0.005}},{"type":"Feature","geometry":{"type":"Polygon","coordinates":[[[7.75,5.65],[7.800000000000001,5.65],[7.800000000000001,5.7],[7.75,5.7],[7.75,5.65]]]},"properties":{"source":"slicemap-v1","room":"project_20260905","importedAt":"2026-09-06T00:37:34.491Z","category":"furniture","kind":"block","area_m2":0.0025}},{"type":"Feature","geometry":{"type":"Polygon","coordinates":[[[8.950000000000001,5.65],[9.05,5.65],[9.05,5.75],[8.950000000000001,5.75],[8.950000000000001,5.65]]]},"properties":{"source":"slicemap-v1","room":"project_20260905","importedAt":"2026-09-06T00:37:34.491Z","category":"furniture","kind":"block","area_m2":0.01}},{"type":"Feature","geometry":{"type":"Polygon","coordinates":[[[7.25,5.7],[7.300000000000001,5.7],[7.300000000000001,5.75],[7.25,5.75],[7.25,5.7]]]},"properties":{"source":"slicemap-v1","room":"project_20260905","importedAt":"2026-09-06T00:37:34.491Z","category":"furniture","kind":"block","area_m2":0.0025}},{"type":"Feature","geometry":{"type":"Polygon","coordinates":[[[7.3500000000000005,5.7],[7.550000000000001,5.7],[7.550000000000001,5.75],[7.3500000000000005,5.75],[7.3500000000000005,5.7]]]},"properties":{"source":"slicemap-v1","room":"project_20260905","importedAt":"2026-09-06T00:37:34.491Z","category":"furniture","kind":"block","area_m2":0.01}},{"type":"Feature","geometry":{"type":"Polygon","coordinates":[[[7.65,5.7],[7.75,5.7],[7.75,5.75],[7.65,5.75],[7.65,5.7]]]},"properties":{"source":"slicemap-v1","room":"project_20260905","importedAt":"2026-09-06T00:37:34.491Z","category":"furniture","kind":"block","area_m2":0.005}},{"type":"Feature","geometry":{"type":"Polygon","coordinates":[[[7.2,5.75],[7.3500000000000005,5.75],[7.3500000000000005,5.800000000000001],[7.2,5.800000000000001],[7.2,5.75]]]},"properties":{"source":"slicemap-v1","room":"project_20260905","importedAt":"2026-09-06T00:37:34.491Z","category":"furniture","kind":"block","area_m2":0.0075}},{"type":"Feature","geometry":{"type":"Polygon","coordinates":[[[7.4,5.75],[7.5,5.75],[7.5,5.800000000000001],[7.4,5.800000000000001],[7.4,5.75]]]},"properties":{"source":"slicemap-v1","room":"project_20260905","importedAt":"2026-09-06T00:37:34.491Z","category":"furniture","kind":"block","area_m2":0.005}},{"type":"Feature","geometry":{"type":"Polygon","coordinates":[[[7.550000000000001,5.75],[7.65,5.75],[7.65,5.800000000000001],[7.550000000000001,5.800000000000001],[7.550000000000001,5.75]]]},"properties":{"source":"slicemap-v1","room":"project_20260905","importedAt":"2026-09-06T00:37:34.491Z","category":"furniture","kind":"block","area_m2":0.005}},{"type":"Feature","geometry":{"type":"Polygon","coordinates":[[[8.950000000000001,5.75],[9,5.75],[9,5.800000000000001],[8.950000000000001,5.800000000000001],[8.950000000000001,5.75]]]},"properties":{"source":"slicemap-v1","room":"project_20260905","importedAt":"2026-09-06T00:37:34.491Z","category":"furniture","kind":"block","area_m2":0.0025}},{"type":"Feature","geometry":{"type":"Polygon","coordinates":[[[8.9,5.800000000000001],[8.950000000000001,5.800000000000001],[8.950000000000001,5.9],[8.9,5.9],[8.9,5.800000000000001]]]},"properties":{"source":"slicemap-v1","room":"project_20260905","importedAt":"2026-09-06T00:37:34.491Z","category":"furniture","kind":"block","area_m2":0.005}},{"type":"Feature","geometry":{"type":"Polygon","coordinates":[[[9,5.800000000000001],[9.05,5.800000000000001],[9.05,5.8500000000000005],[9,5.8500000000000005],[9,5.800000000000001]]]},"properties":{"source":"slicemap-v1","room":"project_20260905","importedAt":"2026-09-06T00:37:34.491Z","category":"furniture","kind":"block","area_m2":0.0025}},{"type":"Feature","geometry":{"type":"Polygon","coordinates":[[[9,5.8500000000000005],[9.1,5.8500000000000005],[9.1,5.9],[9,5.9],[9,5.8500000000000005]]]},"properties":{"source":"slicemap-v1","room":"project_20260905","importedAt":"2026-09-06T00:37:34.491Z","category":"furniture","kind":"block","area_m2":0.005}},{"type":"Feature","geometry":{"type":"Polygon","coordinates":[[[3.4000000000000004,5.9],[3.5,5.9],[3.5,5.95],[3.4000000000000004,5.95],[3.4000000000000004,5.9]]]},"properties":{"source":"slicemap-v1","room":"project_20260905","importedAt":"2026-09-06T00:37:34.491Z","category":"wall","kind":"block","area_m2":0.005}},{"type":"Feature","geometry":{"type":"Polygon","coordinates":[[[6.4,5.9],[6.45,5.9],[6.45,5.95],[6.4,5.95],[6.4,5.9]]]},"properties":{"source":"slicemap-v1","room":"project_20260905","importedAt":"2026-09-06T00:37:34.491Z","category":"furniture","kind":"block","area_m2":0.0025}},{"type":"Feature","geometry":{"type":"Polygon","coordinates":[[[6.550000000000001,5.9],[6.8500000000000005,5.9],[6.8500000000000005,5.95],[6.550000000000001,5.95],[6.550000000000001,5.9]]]},"properties":{"source":"slicemap-v1","room":"project_20260905","importedAt":"2026-09-06T00:37:34.491Z","category":"furniture","kind":"block","area_m2":0.015}},{"type":"Feature","geometry":{"type":"Polygon","coordinates":[[[6.9,5.9],[7.050000000000001,5.9],[7.050000000000001,5.95],[6.9,5.95],[6.9,5.9]]]},"properties":{"source":"slicemap-v1","room":"project_20260905","importedAt":"2026-09-06T00:37:34.491Z","category":"furniture","kind":"block","area_m2":0.0075}},{"type":"Feature","geometry":{"type":"Polygon","coordinates":[[[8.950000000000001,5.9],[9.1,5.9],[9.1,5.95],[8.950000000000001,5.95],[8.950000000000001,5.9]]]},"properties":{"source":"slicemap-v1","room":"project_20260905","importedAt":"2026-09-06T00:37:34.491Z","category":"furniture","kind":"block","area_m2":0.0075}},{"type":"Feature","geometry":{"type":"Polygon","coordinates":[[[3.45,5.95],[3.5,5.95],[3.5,6],[3.45,6],[3.45,5.95]]]},"properties":{"source":"slicemap-v1","room":"project_20260905","importedAt":"2026-09-06T00:37:34.491Z","category":"furniture","kind":"block","area_m2":0.0025}},{"type":"Feature","geometry":{"type":"Polygon","coordinates":[[[5.8500000000000005,5.95],[5.9,5.95],[5.9,6],[5.8500000000000005,6],[5.8500000000000005,5.95]]]},"properties":{"source":"slicemap-v1","room":"project_20260905","importedAt":"2026-09-06T00:37:34.491Z","category":"furniture","kind":"block","area_m2":0.0025}},{"type":"Feature","geometry":{"type":"Polygon","coordinates":[[[6,5.95],[6.050000000000001,5.95],[6.050000000000001,6],[6,6],[6,5.95]]]},"properties":{"source":"slicemap-v1","room":"project_20260905","importedAt":"2026-09-06T00:37:34.491Z","category":"furniture","kind":"block","area_m2":0.0025}},{"type":"Feature","geometry":{"type":"Polygon","coordinates":[[[6.1000000000000005,5.95],[6.65,5.95],[6.65,6],[6.1000000000000005,6],[6.1000000000000005,5.95]]]},"properties":{"source":"slicemap-v1","room":"project_20260905","importedAt":"2026-09-06T00:37:34.491Z","category":"furniture","kind":"block","area_m2":0.0275}},{"type":"Feature","geometry":{"type":"Polygon","coordinates":[[[6.7,5.95],[6.800000000000001,5.95],[6.800000000000001,6],[6.7,6],[6.7,5.95]]]},"properties":{"source":"slicemap-v1","room":"project_20260905","importedAt":"2026-09-06T00:37:34.491Z","category":"furniture","kind":"block","area_m2":0.005}},{"type":"Feature","geometry":{"type":"Polygon","coordinates":[[[6.8500000000000005,5.95],[7.1000000000000005,5.95],[7.1000000000000005,6],[6.8500000000000005,6],[6.8500000000000005,5.95]]]},"properties":{"source":"slicemap-v1","room":"project_20260905","importedAt":"2026-09-06T00:37:34.491Z","category":"furniture","kind":"block","area_m2":0.0125}},{"type":"Feature","geometry":{"type":"Polygon","coordinates":[[[8.9,5.95],[9.1,5.95],[9.1,6],[8.9,6],[8.9,5.95]]]},"properties":{"source":"slicemap-v1","room":"project_20260905","importedAt":"2026-09-06T00:37:34.491Z","category":"furniture","kind":"block","area_m2":0.01}},{"type":"Feature","geometry":{"type":"Polygon","coordinates":[[[5.75,6],[6.45,6],[6.45,6.050000000000001],[5.75,6.050000000000001],[5.75,6]]]},"properties":{"source":"slicemap-v1","room":"project_20260905","importedAt":"2026-09-06T00:37:34.491Z","category":"furniture","kind":"block","area_m2":0.035}},{"type":"Feature","geometry":{"type":"Polygon","coordinates":[[[6.800000000000001,6],[6.95,6],[6.95,6.050000000000001],[6.800000000000001,6.050000000000001],[6.800000000000001,6]]]},"properties":{"source":"slicemap-v1","room":"project_20260905","importedAt":"2026-09-06T00:37:34.491Z","category":"furniture","kind":"block","area_m2":0.0075}},{"type":"Feature","geometry":{"type":"Polygon","coordinates":[[[7,6],[7.050000000000001,6],[7.050000000000001,6.050000000000001],[7,6.050000000000001],[7,6]]]},"properties":{"source":"slicemap-v1","room":"project_20260905","importedAt":"2026-09-06T00:37:34.491Z","category":"furniture","kind":"block","area_m2":0.0025}},{"type":"Feature","geometry":{"type":"Polygon","coordinates":[[[8.9,6],[8.950000000000001,6],[8.950000000000001,6.050000000000001],[8.9,6.050000000000001],[8.9,6]]]},"properties":{"source":"slicemap-v1","room":"project_20260905","importedAt":"2026-09-06T00:37:34.491Z","category":"furniture","kind":"block","area_m2":0.0025}},{"type":"Feature","geometry":{"type":"Polygon","coordinates":[[[5.2,6.050000000000001],[5.25,6.050000000000001],[5.25,6.1000000000000005],[5.2,6.1000000000000005],[5.2,6.050000000000001]]]},"properties":{"source":"slicemap-v1","room":"project_20260905","importedAt":"2026-09-06T00:37:34.491Z","category":"furniture","kind":"block","area_m2":0.0025}},{"type":"Feature","geometry":{"type":"Polygon","coordinates":[[[5.3500000000000005,6.050000000000001],[5.45,6.050000000000001],[5.45,6.1000000000000005],[5.3500000000000005,6.1000000000000005],[5.3500000000000005,6.050000000000001]]]},"properties":{"source":"slicemap-v1","room":"project_20260905","importedAt":"2026-09-06T00:37:34.491Z","category":"furniture","kind":"block","area_m2":0.005}},{"type":"Feature","geometry":{"type":"Polygon","coordinates":[[[5.5,6.050000000000001],[5.9,6.050000000000001],[5.9,6.1000000000000005],[5.5,6.1000000000000005],[5.5,6.050000000000001]]]},"properties":{"source":"slicemap-v1","room":"project_20260905","importedAt":"2026-09-06T00:37:34.491Z","category":"furniture","kind":"block","area_m2":0.02}},{"type":"Feature","geometry":{"type":"Polygon","coordinates":[[[5.95,6.050000000000001],[6.050000000000001,6.050000000000001],[6.050000000000001,6.1000000000000005],[5.95,6.1000000000000005],[5.95,6.050000000000001]]]},"properties":{"source":"slicemap-v1","room":"project_20260905","importedAt":"2026-09-06T00:37:34.491Z","category":"furniture","kind":"block","area_m2":0.005}},{"type":"Feature","geometry":{"type":"Polygon","coordinates":[[[6.8500000000000005,6.050000000000001],[7.050000000000001,6.050000000000001],[7.050000000000001,6.1000000000000005],[6.8500000000000005,6.1000000000000005],[6.8500000000000005,6.050000000000001]]]},"properties":{"source":"slicemap-v1","room":"project_20260905","importedAt":"2026-09-06T00:37:34.491Z","category":"furniture","kind":"block","area_m2":0.01}},{"type":"Feature","geometry":{"type":"Polygon","coordinates":[[[7.25,6.050000000000001],[7.3500000000000005,6.050000000000001],[7.3500000000000005,6.1000000000000005],[7.25,6.1000000000000005],[7.25,6.050000000000001]]]},"properties":{"source":"slicemap-v1","room":"project_20260905","importedAt":"2026-09-06T00:37:34.491Z","category":"furniture","kind":"block","area_m2":0.005}},{"type":"Feature","geometry":{"type":"Polygon","coordinates":[[[8.950000000000001,6.050000000000001],[9,6.050000000000001],[9,6.15],[8.950000000000001,6.15],[8.950000000000001,6.050000000000001]]]},"properties":{"source":"slicemap-v1","room":"project_20260905","importedAt":"2026-09-06T00:37:34.491Z","category":"furniture","kind":"block","area_m2":0.005}},{"type":"Feature","geometry":{"type":"Polygon","coordinates":[[[5.1000000000000005,6.1000000000000005],[5.550000000000001,6.1000000000000005],[5.550000000000001,6.15],[5.1000000000000005,6.15],[5.1000000000000005,6.1000000000000005]]]},"properties":{"source":"slicemap-v1","room":"project_20260905","importedAt":"2026-09-06T00:37:34.491Z","category":"furniture","kind":"block","area_m2":0.0225}},{"type":"Feature","geometry":{"type":"Polygon","coordinates":[[[5.6000000000000005,6.1000000000000005],[5.7,6.1000000000000005],[5.7,6.15],[5.6000000000000005,6.15],[5.6000000000000005,6.1000000000000005]]]},"properties":{"source":"slicemap-v1","room":"project_20260905","importedAt":"2026-09-06T00:37:34.491Z","category":"furniture","kind":"block","area_m2":0.005}},{"type":"Feature","geometry":{"type":"Polygon","coordinates":[[[6.8500000000000005,6.1000000000000005],[7.1000000000000005,6.1000000000000005],[7.1000000000000005,6.15],[6.8500000000000005,6.15],[6.8500000000000005,6.1000000000000005]]]},"properties":{"source":"slicemap-v1","room":"project_20260905","importedAt":"2026-09-06T00:37:34.491Z","category":"furniture","kind":"block","area_m2":0.0125}},{"type":"Feature","geometry":{"type":"Polygon","coordinates":[[[7.25,6.1000000000000005],[7.4,6.1000000000000005],[7.4,6.2],[7.25,6.2],[7.25,6.1000000000000005]]]},"properties":{"source":"slicemap-v1","room":"project_20260905","importedAt":"2026-09-06T00:37:34.491Z","category":"furniture","kind":"block","area_m2":0.015}},{"type":"Feature","geometry":{"type":"Polygon","coordinates":[[[5.15,6.15],[5.300000000000001,6.15],[5.300000000000001,6.2],[5.15,6.2],[5.15,6.15]]]},"properties":{"source":"slicemap-v1","room":"project_20260905","importedAt":"2026-09-06T00:37:34.491Z","category":"furniture","kind":"block","area_m2":0.0075}},{"type":"Feature","geometry":{"type":"Polygon","coordinates":[[[5.3500000000000005,6.15],[5.4,6.15],[5.4,6.2],[5.3500000000000005,6.2],[5.3500000000000005,6.15]]]},"properties":{"source":"slicemap-v1","room":"project_20260905","importedAt":"2026-09-06T00:37:34.491Z","category":"furniture","kind":"block","area_m2":0.0025}},{"type":"Feature","geometry":{"type":"Polygon","coordinates":[[[6.800000000000001,6.15],[7.15,6.15],[7.15,6.2],[6.800000000000001,6.2],[6.800000000000001,6.15]]]},"properties":{"source":"slicemap-v1","room":"project_20260905","importedAt":"2026-09-06T00:37:34.491Z","category":"furniture","kind":"block","area_m2":0.0175}},{"type":"Feature","geometry":{"type":"Polygon","coordinates":[[[8.950000000000001,6.15],[9.05,6.15],[9.05,6.25],[8.950000000000001,6.25],[8.950000000000001,6.15]]]},"properties":{"source":"slicemap-v1","room":"project_20260905","importedAt":"2026-09-06T00:37:34.491Z","category":"furniture","kind":"block","area_m2":0.01}},{"type":"Feature","geometry":{"type":"Polygon","coordinates":[[[5.2,6.2],[5.25,6.2],[5.25,6.25],[5.2,6.25],[5.2,6.2]]]},"properties":{"source":"slicemap-v1","room":"project_20260905","importedAt":"2026-09-06T00:37:34.491Z","category":"furniture","kind":"block","area_m2":0.0025}},{"type":"Feature","geometry":{"type":"Polygon","coordinates":[[[6.75,6.2],[6.800000000000001,6.2],[6.800000000000001,6.25],[6.75,6.25],[6.75,6.2]]]},"properties":{"source":"slicemap-v1","room":"project_20260905","importedAt":"2026-09-06T00:37:34.491Z","category":"furniture","kind":"block","area_m2":0.0025}},{"type":"Feature","geometry":{"type":"Polygon","coordinates":[[[6.8500000000000005,6.2],[7.15,6.2],[7.15,6.25],[6.8500000000000005,6.25],[6.8500000000000005,6.2]]]},"properties":{"source":"slicemap-v1","room":"project_20260905","importedAt":"2026-09-06T00:37:34.491Z","category":"furniture","kind":"block","area_m2":0.015}},{"type":"Feature","geometry":{"type":"Polygon","coordinates":[[[7.2,6.2],[7.3500000000000005,6.2],[7.3500000000000005,6.25],[7.2,6.25],[7.2,6.2]]]},"properties":{"source":"slicemap-v1","room":"project_20260905","importedAt":"2026-09-06T00:37:34.491Z","category":"furniture","kind":"block","area_m2":0.0075}},{"type":"Feature","geometry":{"type":"Polygon","coordinates":[[[5.300000000000001,6.25],[5.3500000000000005,6.25],[5.3500000000000005,6.300000000000001],[5.300000000000001,6.300000000000001],[5.300000000000001,6.25]]]},"properties":{"source":"slicemap-v1","room":"project_20260905","importedAt":"2026-09-06T00:37:34.491Z","category":"furniture","kind":"block","area_m2":0.0025}},{"type":"Feature","geometry":{"type":"Polygon","coordinates":[[[5.4,6.25],[5.45,6.25],[5.45,6.300000000000001],[5.4,6.300000000000001],[5.4,6.25]]]},"properties":{"source":"slicemap-v1","room":"project_20260905","importedAt":"2026-09-06T00:37:34.491Z","category":"furniture","kind":"block","area_m2":0.0025}},{"type":"Feature","geometry":{"type":"Polygon","coordinates":[[[6.65,6.25],[7.3500000000000005,6.25],[7.3500000000000005,6.300000000000001],[6.65,6.300000000000001],[6.65,6.25]]]},"properties":{"source":"slicemap-v1","room":"project_20260905","importedAt":"2026-09-06T00:37:34.491Z","category":"furniture","kind":"block","area_m2":0.035}},{"type":"Feature","geometry":{"type":"Polygon","coordinates":[[[8.950000000000001,6.25],[9,6.25],[9,6.3500000000000005],[8.950000000000001,6.3500000000000005],[8.950000000000001,6.25]]]},"properties":{"source":"slicemap-v1","room":"project_20260905","importedAt":"2026-09-06T00:37:34.491Z","category":"furniture","kind":"block","area_m2":0.005}},{"type":"Feature","geometry":{"type":"Polygon","coordinates":[[[5.3500000000000005,6.300000000000001],[5.45,6.300000000000001],[5.45,6.3500000000000005],[5.3500000000000005,6.3500000000000005],[5.3500000000000005,6.300000000000001]]]},"properties":{"source":"slicemap-v1","room":"project_20260905","importedAt":"2026-09-06T00:37:34.491Z","category":"furniture","kind":"block","area_m2":0.005}},{"type":"Feature","geometry":{"type":"Polygon","coordinates":[[[6.5,6.300000000000001],[7,6.300000000000001],[7,6.3500000000000005],[6.5,6.3500000000000005],[6.5,6.300000000000001]]]},"properties":{"source":"slicemap-v1","room":"project_20260905","importedAt":"2026-09-06T00:37:34.491Z","category":"furniture","kind":"block","area_m2":0.025}},{"type":"Feature","geometry":{"type":"Polygon","coordinates":[[[7.050000000000001,6.300000000000001],[7.300000000000001,6.300000000000001],[7.300000000000001,6.3500000000000005],[7.050000000000001,6.3500000000000005],[7.050000000000001,6.300000000000001]]]},"properties":{"source":"slicemap-v1","room":"project_20260905","importedAt":"2026-09-06T00:37:34.491Z","category":"furniture","kind":"block","area_m2":0.0125}},{"type":"Feature","geometry":{"type":"Polygon","coordinates":[[[3.1,6.3500000000000005],[3.1500000000000004,6.3500000000000005],[3.1500000000000004,6.4],[3.1,6.4],[3.1,6.3500000000000005]]]},"properties":{"source":"slicemap-v1","room":"project_20260905","importedAt":"2026-09-06T00:37:34.491Z","category":"wall","kind":"block","area_m2":0.0025}},{"type":"Feature","geometry":{"type":"Polygon","coordinates":[[[3.1500000000000004,6.3500000000000005],[3.25,6.3500000000000005],[3.25,6.4],[3.1500000000000004,6.4],[3.1500000000000004,6.3500000000000005]]]},"properties":{"source":"slicemap-v1","room":"project_20260905","importedAt":"2026-09-06T00:37:34.491Z","category":"furniture","kind":"block","area_m2":0.005}},{"type":"Feature","geometry":{"type":"Polygon","coordinates":[[[5.3500000000000005,6.3500000000000005],[5.550000000000001,6.3500000000000005],[5.550000000000001,6.4],[5.3500000000000005,6.4],[5.3500000000000005,6.3500000000000005]]]},"properties":{"source":"slicemap-v1","room":"project_20260905","importedAt":"2026-09-06T00:37:34.491Z","category":"furniture","kind":"block","area_m2":0.01}},{"type":"Feature","geometry":{"type":"Polygon","coordinates":[[[6.45,6.3500000000000005],[6.95,6.3500000000000005],[6.95,6.4],[6.45,6.4],[6.45,6.3500000000000005]]]},"properties":{"source":"slicemap-v1","room":"project_20260905","importedAt":"2026-09-06T00:37:34.491Z","category":"furniture","kind":"block","area_m2":0.025}},{"type":"Feature","geometry":{"type":"Polygon","coordinates":[[[7.050000000000001,6.3500000000000005],[7.1000000000000005,6.3500000000000005],[7.1000000000000005,6.4],[7.050000000000001,6.4],[7.050000000000001,6.3500000000000005]]]},"properties":{"source":"slicemap-v1","room":"project_20260905","importedAt":"2026-09-06T00:37:34.491Z","category":"furniture","kind":"block","area_m2":0.0025}},{"type":"Feature","geometry":{"type":"Polygon","coordinates":[[[7.15,6.3500000000000005],[7.300000000000001,6.3500000000000005],[7.300000000000001,6.4],[7.15,6.4],[7.15,6.3500000000000005]]]},"properties":{"source":"slicemap-v1","room":"project_20260905","importedAt":"2026-09-06T00:37:34.491Z","category":"furniture","kind":"block","area_m2":0.0075}},{"type":"Feature","geometry":{"type":"Polygon","coordinates":[[[8.950000000000001,6.3500000000000005],[9.05,6.3500000000000005],[9.05,6.4],[8.950000000000001,6.4],[8.950000000000001,6.3500000000000005]]]},"properties":{"source":"slicemap-v1","room":"project_20260905","importedAt":"2026-09-06T00:37:34.491Z","category":"furniture","kind":"block","area_m2":0.005}},{"type":"Feature","geometry":{"type":"Polygon","coordinates":[[[3.0500000000000003,6.4],[3.1500000000000004,6.4],[3.1500000000000004,6.45],[3.0500000000000003,6.45],[3.0500000000000003,6.4]]]},"properties":{"source":"slicemap-v1","room":"project_20260905","importedAt":"2026-09-06T00:37:34.491Z","category":"wall","kind":"block","area_m2":0.005}},{"type":"Feature","geometry":{"type":"Polygon","coordinates":[[[3.1500000000000004,6.4],[3.2,6.4],[3.2,6.45],[3.1500000000000004,6.45],[3.1500000000000004,6.4]]]},"properties":{"source":"slicemap-v1","room":"project_20260905","importedAt":"2026-09-06T00:37:34.491Z","category":"furniture","kind":"block","area_m2":0.0025}},{"type":"Feature","geometry":{"type":"Polygon","coordinates":[[[3.3000000000000003,6.4],[3.4000000000000004,6.4],[3.4000000000000004,6.45],[3.3000000000000003,6.45],[3.3000000000000003,6.4]]]},"properties":{"source":"slicemap-v1","room":"project_20260905","importedAt":"2026-09-06T00:37:34.491Z","category":"furniture","kind":"block","area_m2":0.005}},{"type":"Feature","geometry":{"type":"Polygon","coordinates":[[[5.4,6.4],[5.5,6.4],[5.5,6.45],[5.4,6.45],[5.4,6.4]]]},"properties":{"source":"slicemap-v1","room":"project_20260905","importedAt":"2026-09-06T00:37:34.491Z","category":"furniture","kind":"block","area_m2":0.005}},{"type":"Feature","geometry":{"type":"Polygon","coordinates":[[[6.45,6.4],[6.550000000000001,6.4],[6.550000000000001,6.45],[6.45,6.45],[6.45,6.4]]]},"properties":{"source":"slicemap-v1","room":"project_20260905","importedAt":"2026-09-06T00:37:34.491Z","category":"furniture","kind":"block","area_m2":0.005}},{"type":"Feature","geometry":{"type":"Polygon","coordinates":[[[6.800000000000001,6.4],[7,6.4],[7,6.550000000000001],[6.800000000000001,6.550000000000001],[6.800000000000001,6.4]]]},"properties":{"source":"slicemap-v1","room":"project_20260905","importedAt":"2026-09-06T00:37:34.491Z","category":"furniture","kind":"block","area_m2":0.03}},{"type":"Feature","geometry":{"type":"Polygon","coordinates":[[[7.15,6.4],[7.2,6.4],[7.2,6.45],[7.15,6.45],[7.15,6.4]]]},"properties":{"source":"slicemap-v1","room":"project_20260905","importedAt":"2026-09-06T00:37:34.491Z","category":"furniture","kind":"block","area_m2":0.0025}},{"type":"Feature","geometry":{"type":"Polygon","coordinates":[[[7.5,6.4],[7.550000000000001,6.4],[7.550000000000001,6.45],[7.5,6.45],[7.5,6.4]]]},"properties":{"source":"slicemap-v1","room":"project_20260905","importedAt":"2026-09-06T00:37:34.491Z","category":"furniture","kind":"block","area_m2":0.0025}},{"type":"Feature","geometry":{"type":"Polygon","coordinates":[[[3.1,6.45],[3.1500000000000004,6.45],[3.1500000000000004,6.550000000000001],[3.1,6.550000000000001],[3.1,6.45]]]},"properties":{"source":"slicemap-v1","room":"project_20260905","importedAt":"2026-09-06T00:37:34.491Z","category":"wall","kind":"block","area_m2":0.005}},{"type":"Feature","geometry":{"type":"Polygon","coordinates":[[[3.4000000000000004,6.45],[3.6,6.45],[3.6,6.5],[3.4000000000000004,6.5],[3.4000000000000004,6.45]]]},"properties":{"source":"slicemap-v1","room":"project_20260905","importedAt":"2026-09-06T00:37:34.491Z","category":"furniture","kind":"block","area_m2":0.01}},{"type":"Feature","geometry":{"type":"Polygon","coordinates":[[[5.3500000000000005,6.45],[5.5,6.45],[5.5,6.5],[5.3500000000000005,6.5],[5.3500000000000005,6.45]]]},"properties":{"source":"slicemap-v1","room":"project_20260905","importedAt":"2026-09-06T00:37:34.491Z","category":"furniture","kind":"block","area_m2":0.0075}},{"type":"Feature","geometry":{"type":"Polygon","coordinates":[[[6.5,6.45],[6.550000000000001,6.45],[6.550000000000001,6.5],[6.5,6.5],[6.5,6.45]]]},"properties":{"source":"slicemap-v1","room":"project_20260905","importedAt":"2026-09-06T00:37:34.491Z","category":"furniture","kind":"block","area_m2":0.0025}},{"type":"Feature","geometry":{"type":"Polygon","coordinates":[[[7.45,6.45],[7.5,6.45],[7.5,6.5],[7.45,6.5],[7.45,6.45]]]},"properties":{"source":"slicemap-v1","room":"project_20260905","importedAt":"2026-09-06T00:37:34.491Z","category":"furniture","kind":"block","area_m2":0.0025}},{"type":"Feature","geometry":{"type":"Polygon","coordinates":[[[3.45,6.5],[3.6500000000000004,6.5],[3.6500000000000004,6.550000000000001],[3.45,6.550000000000001],[3.45,6.5]]]},"properties":{"source":"slicemap-v1","room":"project_20260905","importedAt":"2026-09-06T00:37:34.491Z","category":"furniture","kind":"block","area_m2":0.01}},{"type":"Feature","geometry":{"type":"Polygon","coordinates":[[[5.4,6.5],[5.5,6.5],[5.5,6.550000000000001],[5.4,6.550000000000001],[5.4,6.5]]]},"properties":{"source":"slicemap-v1","room":"project_20260905","importedAt":"2026-09-06T00:37:34.491Z","category":"furniture","kind":"block","area_m2":0.005}},{"type":"Feature","geometry":{"type":"Polygon","coordinates":[[[6.1000000000000005,6.5],[6.2,6.5],[6.2,6.550000000000001],[6.1000000000000005,6.550000000000001],[6.1000000000000005,6.5]]]},"properties":{"source":"slicemap-v1","room":"project_20260905","importedAt":"2026-09-06T00:37:34.491Z","category":"furniture","kind":"block","area_m2":0.005}},{"type":"Feature","geometry":{"type":"Polygon","coordinates":[[[6.45,6.5],[6.6000000000000005,6.5],[6.6000000000000005,6.6000000000000005],[6.45,6.6000000000000005],[6.45,6.5]]]},"properties":{"source":"slicemap-v1","room":"project_20260905","importedAt":"2026-09-06T00:37:34.491Z","category":"furniture","kind":"block","area_m2":0.015}},{"type":"Feature","geometry":{"type":"Polygon","coordinates":[[[7.050000000000001,6.5],[7.15,6.5],[7.15,6.550000000000001],[7.050000000000001,6.550000000000001],[7.050000000000001,6.5]]]},"properties":{"source":"slicemap-v1","room":"project_20260905","importedAt":"2026-09-06T00:37:34.491Z","category":"furniture","kind":"block","area_m2":0.005}},{"type":"Feature","geometry":{"type":"Polygon","coordinates":[[[7.4,6.5],[7.45,6.5],[7.45,6.550000000000001],[7.4,6.550000000000001],[7.4,6.5]]]},"properties":{"source":"slicemap-v1","room":"project_20260905","importedAt":"2026-09-06T00:37:34.491Z","category":"furniture","kind":"block","area_m2":0.0025}},{"type":"Feature","geometry":{"type":"Polygon","coordinates":[[[8.950000000000001,6.5],[9.05,6.5],[9.05,6.550000000000001],[8.950000000000001,6.550000000000001],[8.950000000000001,6.5]]]},"properties":{"source":"slicemap-v1","room":"project_20260905","importedAt":"2026-09-06T00:37:34.491Z","category":"furniture","kind":"block","area_m2":0.005}},{"type":"Feature","geometry":{"type":"Polygon","coordinates":[[[3.1,6.550000000000001],[3.2,6.550000000000001],[3.2,6.6000000000000005],[3.1,6.6000000000000005],[3.1,6.550000000000001]]]},"properties":{"source":"slicemap-v1","room":"project_20260905","importedAt":"2026-09-06T00:37:34.491Z","category":"wall","kind":"block","area_m2":0.005}},{"type":"Feature","geometry":{"type":"Polygon","coordinates":[[[3.5,6.550000000000001],[3.7,6.550000000000001],[3.7,6.6000000000000005],[3.5,6.6000000000000005],[3.5,6.550000000000001]]]},"properties":{"source":"slicemap-v1","room":"project_20260905","importedAt":"2026-09-06T00:37:34.491Z","category":"furniture","kind":"block","area_m2":0.01}},{"type":"Feature","geometry":{"type":"Polygon","coordinates":[[[3.75,6.550000000000001],[3.8000000000000003,6.550000000000001],[3.8000000000000003,6.6000000000000005],[3.75,6.6000000000000005],[3.75,6.550000000000001]]]},"properties":{"source":"slicemap-v1","room":"project_20260905","importedAt":"2026-09-06T00:37:34.491Z","category":"furniture","kind":"block","area_m2":0.0025}},{"type":"Feature","geometry":{"type":"Polygon","coordinates":[[[3.85,6.550000000000001],[4,6.550000000000001],[4,6.6000000000000005],[3.85,6.6000000000000005],[3.85,6.550000000000001]]]},"properties":{"source":"slicemap-v1","room":"project_20260905","importedAt":"2026-09-06T00:37:34.491Z","category":"furniture","kind":"block","area_m2":0.0075}},{"type":"Feature","geometry":{"type":"Polygon","coordinates":[[[4.15,6.550000000000001],[4.2,6.550000000000001],[4.2,6.6000000000000005],[4.15,6.6000000000000005],[4.15,6.550000000000001]]]},"properties":{"source":"slicemap-v1","room":"project_20260905","importedAt":"2026-09-06T00:37:34.491Z","category":"furniture","kind":"block","area_m2":0.0025}},{"type":"Feature","geometry":{"type":"Polygon","coordinates":[[[5.1000000000000005,6.550000000000001],[5.300000000000001,6.550000000000001],[5.300000000000001,6.6000000000000005],[5.1000000000000005,6.6000000000000005],[5.1000000000000005,6.550000000000001]]]},"properties":{"source":"slicemap-v1","room":"project_20260905","importedAt":"2026-09-06T00:37:34.491Z","category":"furniture","kind":"block","area_m2":0.01}},{"type":"Feature","geometry":{"type":"Polygon","coordinates":[[[5.4,6.550000000000001],[5.45,6.550000000000001],[5.45,6.6000000000000005],[5.4,6.6000000000000005],[5.4,6.550000000000001]]]},"properties":{"source":"slicemap-v1","room":"project_20260905","importedAt":"2026-09-06T00:37:34.491Z","category":"furniture","kind":"block","area_m2":0.0025}},{"type":"Feature","geometry":{"type":"Polygon","coordinates":[[[6.050000000000001,6.550000000000001],[6.2,6.550000000000001],[6.2,6.6000000000000005],[6.050000000000001,6.6000000000000005],[6.050000000000001,6.550000000000001]]]},"properties":{"source":"slicemap-v1","room":"project_20260905","importedAt":"2026-09-06T00:37:34.491Z","category":"furniture","kind":"block","area_m2":0.0075}},{"type":"Feature","geometry":{"type":"Polygon","coordinates":[[[6.800000000000001,6.550000000000001],[7.2,6.550000000000001],[7.2,6.6000000000000005],[6.800000000000001,6.6000000000000005],[6.800000000000001,6.550000000000001]]]},"properties":{"source":"slicemap-v1","room":"project_20260905","importedAt":"2026-09-06T00:37:34.491Z","category":"furniture","kind":"block","area_m2":0.02}},{"type":"Feature","geometry":{"type":"Polygon","coordinates":[[[7.3500000000000005,6.550000000000001],[7.4,6.550000000000001],[7.4,6.6000000000000005],[7.3500000000000005,6.6000000000000005],[7.3500000000000005,6.550000000000001]]]},"properties":{"source":"slicemap-v1","room":"project_20260905","importedAt":"2026-09-06T00:37:34.491Z","category":"furniture","kind":"block","area_m2":0.0025}},{"type":"Feature","geometry":{"type":"Polygon","coordinates":[[[9,6.550000000000001],[9.05,6.550000000000001],[9.05,6.7],[9,6.7],[9,6.550000000000001]]]},"properties":{"source":"slicemap-v1","room":"project_20260905","importedAt":"2026-09-06T00:37:34.491Z","category":"furniture","kind":"block","area_m2":0.0075}},{"type":"Feature","geometry":{"type":"Polygon","coordinates":[[[3.0500000000000003,6.6000000000000005],[3.1500000000000004,6.6000000000000005],[3.1500000000000004,6.65],[3.0500000000000003,6.65],[3.0500000000000003,6.6000000000000005]]]},"properties":{"source":"slicemap-v1","room":"project_20260905","importedAt":"2026-09-06T00:37:34.491Z","category":"wall","kind":"block","area_m2":0.005}},{"type":"Feature","geometry":{"type":"Polygon","coordinates":[[[3.1500000000000004,6.6000000000000005],[3.2,6.6000000000000005],[3.2,6.65],[3.1500000000000004,6.65],[3.1500000000000004,6.6000000000000005]]]},"properties":{"source":"slicemap-v1","room":"project_20260905","importedAt":"2026-09-06T00:37:34.491Z","category":"furniture","kind":"block","area_m2":0.0025}},{"type":"Feature","geometry":{"type":"Polygon","coordinates":[[[3.5,6.6000000000000005],[3.9000000000000004,6.6000000000000005],[3.9000000000000004,6.65],[3.5,6.65],[3.5,6.6000000000000005]]]},"properties":{"source":"slicemap-v1","room":"project_20260905","importedAt":"2026-09-06T00:37:34.491Z","category":"furniture","kind":"block","area_m2":0.02}},{"type":"Feature","geometry":{"type":"Polygon","coordinates":[[[3.95,6.6000000000000005],[4,6.6000000000000005],[4,6.65],[3.95,6.65],[3.95,6.6000000000000005]]]},"properties":{"source":"slicemap-v1","room":"project_20260905","importedAt":"2026-09-06T00:37:34.491Z","category":"furniture","kind":"block","area_m2":0.0025}},{"type":"Feature","geometry":{"type":"Polygon","coordinates":[[[5.050000000000001,6.6000000000000005],[5.4,6.6000000000000005],[5.4,6.65],[5.050000000000001,6.65],[5.050000000000001,6.6000000000000005]]]},"properties":{"source":"slicemap-v1","room":"project_20260905","importedAt":"2026-09-06T00:37:34.491Z","category":"furniture","kind":"block","area_m2":0.0175}},{"type":"Feature","geometry":{"type":"Polygon","coordinates":[[[6.050000000000001,6.6000000000000005],[6.15,6.6000000000000005],[6.15,6.65],[6.050000000000001,6.65],[6.050000000000001,6.6000000000000005]]]},"properties":{"source":"slicemap-v1","room":"project_20260905","importedAt":"2026-09-06T00:37:34.491Z","category":"furniture","kind":"block","area_m2":0.005}},{"type":"Feature","geometry":{"type":"Polygon","coordinates":[[[6.5,6.6000000000000005],[6.6000000000000005,6.6000000000000005],[6.6000000000000005,6.65],[6.5,6.65],[6.5,6.6000000000000005]]]},"properties":{"source":"slicemap-v1","room":"project_20260905","importedAt":"2026-09-06T00:37:34.491Z","category":"furniture","kind":"block","area_m2":0.005}},{"type":"Feature","geometry":{"type":"Polygon","coordinates":[[[6.7,6.6000000000000005],[6.75,6.6000000000000005],[6.75,6.65],[6.7,6.65],[6.7,6.6000000000000005]]]},"properties":{"source":"slicemap-v1","room":"project_20260905","importedAt":"2026-09-06T00:37:34.491Z","category":"furniture","kind":"block","area_m2":0.0025}},{"type":"Feature","geometry":{"type":"Polygon","coordinates":[[[6.800000000000001,6.6000000000000005],[7.25,6.6000000000000005],[7.25,6.65],[6.800000000000001,6.65],[6.800000000000001,6.6000000000000005]]]},"properties":{"source":"slicemap-v1","room":"project_20260905","importedAt":"2026-09-06T00:37:34.491Z","category":"furniture","kind":"block","area_m2":0.0225}},{"type":"Feature","geometry":{"type":"Polygon","coordinates":[[[7.4,6.6000000000000005],[7.6000000000000005,6.6000000000000005],[7.6000000000000005,6.65],[7.4,6.65],[7.4,6.6000000000000005]]]},"properties":{"source":"slicemap-v1","room":"project_20260905","importedAt":"2026-09-06T00:37:34.491Z","category":"furniture","kind":"block","area_m2":0.01}},{"type":"Feature","geometry":{"type":"Polygon","coordinates":[[[7.65,6.6000000000000005],[7.75,6.6000000000000005],[7.75,6.65],[7.65,6.65],[7.65,6.6000000000000005]]]},"properties":{"source":"slicemap-v1","room":"project_20260905","importedAt":"2026-09-06T00:37:34.491Z","category":"furniture","kind":"block","area_m2":0.005}},{"type":"Feature","geometry":{"type":"Polygon","coordinates":[[[3.1,6.65],[3.1500000000000004,6.65],[3.1500000000000004,6.7],[3.1,6.7],[3.1,6.65]]]},"properties":{"source":"slicemap-v1","room":"project_20260905","importedAt":"2026-09-06T00:37:34.491Z","category":"furniture","kind":"block","area_m2":0.0025}},{"type":"Feature","geometry":{"type":"Polygon","coordinates":[[[3.1500000000000004,6.65],[3.2,6.65],[3.2,6.7],[3.1500000000000004,6.7],[3.1500000000000004,6.65]]]},"properties":{"source":"slicemap-v1","room":"project_20260905","importedAt":"2026-09-06T00:37:34.491Z","category":"wall","kind":"block","area_m2":0.0025}},{"type":"Feature","geometry":{"type":"Polygon","coordinates":[[[3.2,6.65],[3.25,6.65],[3.25,6.7],[3.2,6.7],[3.2,6.65]]]},"properties":{"source":"slicemap-v1","room":"project_20260905","importedAt":"2026-09-06T00:37:34.491Z","category":"furniture","kind":"block","area_m2":0.0025}},{"type":"Feature","geometry":{"type":"Polygon","coordinates":[[[3.45,6.65],[3.5,6.65],[3.5,6.7],[3.45,6.7],[3.45,6.65]]]},"properties":{"source":"slicemap-v1","room":"project_20260905","importedAt":"2026-09-06T00:37:34.491Z","category":"furniture","kind":"block","area_m2":0.0025}},{"type":"Feature","geometry":{"type":"Polygon","coordinates":[[[3.5500000000000003,6.65],[3.85,6.65],[3.85,6.7],[3.5500000000000003,6.7],[3.5500000000000003,6.65]]]},"properties":{"source":"slicemap-v1","room":"project_20260905","importedAt":"2026-09-06T00:37:34.491Z","category":"furniture","kind":"block","area_m2":0.015}},{"type":"Feature","geometry":{"type":"Polygon","coordinates":[[[3.9000000000000004,6.65],[3.95,6.65],[3.95,6.7],[3.9000000000000004,6.7],[3.9000000000000004,6.65]]]},"properties":{"source":"slicemap-v1","room":"project_20260905","importedAt":"2026-09-06T00:37:34.491Z","category":"furniture","kind":"block","area_m2":0.0025}},{"type":"Feature","geometry":{"type":"Polygon","coordinates":[[[5,6.65],[5.300000000000001,6.65],[5.300000000000001,6.7],[5,6.7],[5,6.65]]]},"properties":{"source":"slicemap-v1","room":"project_20260905","importedAt":"2026-09-06T00:37:34.491Z","category":"furniture","kind":"block","area_m2":0.015}},{"type":"Feature","geometry":{"type":"Polygon","coordinates":[[[6.45,6.65],[7.300000000000001,6.65],[7.300000000000001,6.7],[6.45,6.7],[6.45,6.65]]]},"properties":{"source":"slicemap-v1","room":"project_20260905","importedAt":"2026-09-06T00:37:34.491Z","category":"furniture","kind":"block","area_m2":0.0425}},{"type":"Feature","geometry":{"type":"Polygon","coordinates":[[[7.45,6.65],[7.800000000000001,6.65],[7.800000000000001,6.7],[7.45,6.7],[7.45,6.65]]]},"properties":{"source":"slicemap-v1","room":"project_20260905","importedAt":"2026-09-06T00:37:34.491Z","category":"furniture","kind":"block","area_m2":0.0175}},{"type":"Feature","geometry":{"type":"Polygon","coordinates":[[[3.25,6.7],[3.35,6.7],[3.35,6.75],[3.25,6.75],[3.25,6.7]]]},"properties":{"source":"slicemap-v1","room":"project_20260905","importedAt":"2026-09-06T00:37:34.491Z","category":"furniture","kind":"block","area_m2":0.005}},{"type":"Feature","geometry":{"type":"Polygon","coordinates":[[[3.7,6.7],[3.85,6.7],[3.85,6.75],[3.7,6.75],[3.7,6.7]]]},"properties":{"source":"slicemap-v1","room":"project_20260905","importedAt":"2026-09-06T00:37:34.491Z","category":"furniture","kind":"block","area_m2":0.0075}},{"type":"Feature","geometry":{"type":"Polygon","coordinates":[[[3.95,6.7],[4.05,6.7],[4.05,6.75],[3.95,6.75],[3.95,6.7]]]},"properties":{"source":"slicemap-v1","room":"project_20260905","importedAt":"2026-09-06T00:37:34.491Z","category":"furniture","kind":"block","area_m2":0.005}},{"type":"Feature","geometry":{"type":"Polygon","coordinates":[[[4.75,6.7],[4.9,6.7],[4.9,6.75],[4.75,6.75],[4.75,6.7]]]},"properties":{"source":"slicemap-v1","room":"project_20260905","importedAt":"2026-09-06T00:37:34.491Z","category":"furniture","kind":"block","area_m2":0.0075}},{"type":"Feature","geometry":{"type":"Polygon","coordinates":[[[4.95,6.7],[5.1000000000000005,6.7],[5.1000000000000005,6.75],[4.95,6.75],[4.95,6.7]]]},"properties":{"source":"slicemap-v1","room":"project_20260905","importedAt":"2026-09-06T00:37:34.491Z","category":"furniture","kind":"block","area_m2":0.0075}},{"type":"Feature","geometry":{"type":"Polygon","coordinates":[[[6.5,6.7],[7.25,6.7],[7.25,6.75],[6.5,6.75],[6.5,6.7]]]},"properties":{"source":"slicemap-v1","room":"project_20260905","importedAt":"2026-09-06T00:37:34.491Z","category":"furniture","kind":"block","area_m2":0.0375}},{"type":"Feature","geometry":{"type":"Polygon","coordinates":[[[7.5,6.7],[7.75,6.7],[7.75,6.75],[7.5,6.75],[7.5,6.7]]]},"properties":{"source":"slicemap-v1","room":"project_20260905","importedAt":"2026-09-06T00:37:34.491Z","category":"furniture","kind":"block","area_m2":0.0125}},{"type":"Feature","geometry":{"type":"Polygon","coordinates":[[[8.950000000000001,6.7],[9.05,6.7],[9.05,6.75],[8.950000000000001,6.75],[8.950000000000001,6.7]]]},"properties":{"source":"slicemap-v1","room":"project_20260905","importedAt":"2026-09-06T00:37:34.491Z","category":"furniture","kind":"block","area_m2":0.005}},{"type":"Feature","geometry":{"type":"Polygon","coordinates":[[[3.2,6.75],[3.4000000000000004,6.75],[3.4000000000000004,6.800000000000001],[3.2,6.800000000000001],[3.2,6.75]]]},"properties":{"source":"slicemap-v1","room":"project_20260905","importedAt":"2026-09-06T00:37:34.491Z","category":"furniture","kind":"block","area_m2":0.01}},{"type":"Feature","geometry":{"type":"Polygon","coordinates":[[[4.05,6.75],[4.1000000000000005,6.75],[4.1000000000000005,6.800000000000001],[4.05,6.800000000000001],[4.05,6.75]]]},"properties":{"source":"slicemap-v1","room":"project_20260905","importedAt":"2026-09-06T00:37:34.491Z","category":"furniture","kind":"block","area_m2":0.0025}},{"type":"Feature","geometry":{"type":"Polygon","coordinates":[[[4.2,6.75],[4.25,6.75],[4.25,6.800000000000001],[4.2,6.800000000000001],[4.2,6.75]]]},"properties":{"source":"slicemap-v1","room":"project_20260905","importedAt":"2026-09-06T00:37:34.491Z","category":"furniture","kind":"block","area_m2":0.0025}},{"type":"Feature","geometry":{"type":"Polygon","coordinates":[[[4.75,6.75],[5.050000000000001,6.75],[5.050000000000001,6.800000000000001],[4.75,6.800000000000001],[4.75,6.75]]]},"properties":{"source":"slicemap-v1","room":"project_20260905","importedAt":"2026-09-06T00:37:34.491Z","category":"furniture","kind":"block","area_m2":0.015}},{"type":"Feature","geometry":{"type":"Polygon","coordinates":[[[6.550000000000001,6.75],[6.9,6.75],[6.9,6.800000000000001],[6.550000000000001,6.800000000000001],[6.550000000000001,6.75]]]},"properties":{"source":"slicemap-v1","room":"project_20260905","importedAt":"2026-09-06T00:37:34.491Z","category":"furniture","kind":"block","area_m2":0.0175}},{"type":"Feature","geometry":{"type":"Polygon","coordinates":[[[7.050000000000001,6.75],[7.2,6.75],[7.2,6.800000000000001],[7.050000000000001,6.800000000000001],[7.050000000000001,6.75]]]},"properties":{"source":"slicemap-v1","room":"project_20260905","importedAt":"2026-09-06T00:37:34.491Z","category":"furniture","kind":"block","area_m2":0.0075}},{"type":"Feature","geometry":{"type":"Polygon","coordinates":[[[7.550000000000001,6.75],[7.7,6.75],[7.7,6.800000000000001],[7.550000000000001,6.800000000000001],[7.550000000000001,6.75]]]},"properties":{"source":"slicemap-v1","room":"project_20260905","importedAt":"2026-09-06T00:37:34.491Z","category":"furniture","kind":"block","area_m2":0.0075}},{"type":"Feature","geometry":{"type":"Polygon","coordinates":[[[9,6.75],[9.05,6.75],[9.05,6.8500000000000005],[9,6.8500000000000005],[9,6.75]]]},"properties":{"source":"slicemap-v1","room":"project_20260905","importedAt":"2026-09-06T00:37:34.491Z","category":"furniture","kind":"block","area_m2":0.005}},{"type":"Feature","geometry":{"type":"Polygon","coordinates":[[[13,6.75],[13.05,6.75],[13.05,6.800000000000001],[13,6.800000000000001],[13,6.75]]]},"properties":{"source":"slicemap-v1","room":"project_20260905","importedAt":"2026-09-06T00:37:34.491Z","category":"furniture","kind":"block","area_m2":0.0025}},{"type":"Feature","geometry":{"type":"Polygon","coordinates":[[[3.25,6.800000000000001],[3.3000000000000003,6.800000000000001],[3.3000000000000003,6.8500000000000005],[3.25,6.8500000000000005],[3.25,6.800000000000001]]]},"properties":{"source":"slicemap-v1","room":"project_20260905","importedAt":"2026-09-06T00:37:34.491Z","category":"furniture","kind":"block","area_m2":0.0025}},{"type":"Feature","geometry":{"type":"Polygon","coordinates":[[[4.1000000000000005,6.800000000000001],[4.3,6.800000000000001],[4.3,6.8500000000000005],[4.1000000000000005,6.8500000000000005],[4.1000000000000005,6.800000000000001]]]},"properties":{"source":"slicemap-v1","room":"project_20260905","importedAt":"2026-09-06T00:37:34.491Z","category":"furniture","kind":"block","area_m2":0.01}},{"type":"Feature","geometry":{"type":"Polygon","coordinates":[[[6.75,6.800000000000001],[6.95,6.800000000000001],[6.95,6.8500000000000005],[6.75,6.8500000000000005],[6.75,6.800000000000001]]]},"properties":{"source":"slicemap-v1","room":"project_20260905","importedAt":"2026-09-06T00:37:34.491Z","category":"furniture","kind":"block","area_m2":0.01}},{"type":"Feature","geometry":{"type":"Polygon","coordinates":[[[7,6.800000000000001],[7.050000000000001,6.800000000000001],[7.050000000000001,6.8500000000000005],[7,6.8500000000000005],[7,6.800000000000001]]]},"properties":{"source":"slicemap-v1","room":"project_20260905","importedAt":"2026-09-06T00:37:34.491Z","category":"furniture","kind":"block","area_m2":0.0025}},{"type":"Feature","geometry":{"type":"Polygon","coordinates":[[[7.1000000000000005,6.800000000000001],[7.2,6.800000000000001],[7.2,6.8500000000000005],[7.1000000000000005,6.8500000000000005],[7.1000000000000005,6.800000000000001]]]},"properties":{"source":"slicemap-v1","room":"project_20260905","importedAt":"2026-09-06T00:37:34.491Z","category":"furniture","kind":"block","area_m2":0.005}},{"type":"Feature","geometry":{"type":"Polygon","coordinates":[[[12.850000000000001,6.800000000000001],[13.100000000000001,6.800000000000001],[13.100000000000001,6.8500000000000005],[12.850000000000001,6.8500000000000005],[12.850000000000001,6.800000000000001]]]},"properties":{"source":"slicemap-v1","room":"project_20260905","importedAt":"2026-09-06T00:37:34.491Z","category":"furniture","kind":"block","area_m2":0.0125}},{"type":"Feature","geometry":{"type":"Polygon","coordinates":[[[4.15,6.8500000000000005],[4.3,6.8500000000000005],[4.3,6.9],[4.15,6.9],[4.15,6.8500000000000005]]]},"properties":{"source":"slicemap-v1","room":"project_20260905","importedAt":"2026-09-06T00:37:34.491Z","category":"furniture","kind":"block","area_m2":0.0075}},{"type":"Feature","geometry":{"type":"Polygon","coordinates":[[[6.800000000000001,6.8500000000000005],[7.15,6.8500000000000005],[7.15,6.9],[6.800000000000001,6.9],[6.800000000000001,6.8500000000000005]]]},"properties":{"source":"slicemap-v1","room":"project_20260905","importedAt":"2026-09-06T00:37:34.491Z","category":"furniture","kind":"block","area_m2":0.0175}},{"type":"Feature","geometry":{"type":"Polygon","coordinates":[[[8.950000000000001,6.8500000000000005],[9.05,6.8500000000000005],[9.05,6.9],[8.950000000000001,6.9],[8.950000000000001,6.8500000000000005]]]},"properties":{"source":"slicemap-v1","room":"project_20260905","importedAt":"2026-09-06T00:37:34.491Z","category":"furniture","kind":"block","area_m2":0.005}},{"type":"Feature","geometry":{"type":"Polygon","coordinates":[[[12.8,6.8500000000000005],[13.100000000000001,6.8500000000000005],[13.100000000000001,6.9],[12.8,6.9],[12.8,6.8500000000000005]]]},"properties":{"source":"slicemap-v1","room":"project_20260905","importedAt":"2026-09-06T00:37:34.491Z","category":"furniture","kind":"block","area_m2":0.015}},{"type":"Feature","geometry":{"type":"Polygon","coordinates":[[[4.1000000000000005,6.9],[4.25,6.9],[4.25,6.95],[4.1000000000000005,6.95],[4.1000000000000005,6.9]]]},"properties":{"source":"slicemap-v1","room":"project_20260905","importedAt":"2026-09-06T00:37:34.491Z","category":"furniture","kind":"block","area_m2":0.0075}},{"type":"Feature","geometry":{"type":"Polygon","coordinates":[[[6.9,6.9],[7.1000000000000005,6.9],[7.1000000000000005,6.95],[6.9,6.95],[6.9,6.9]]]},"properties":{"source":"slicemap-v1","room":"project_20260905","importedAt":"2026-09-06T00:37:34.491Z","category":"furniture","kind":"block","area_m2":0.01}},{"type":"Feature","geometry":{"type":"Polygon","coordinates":[[[9,6.9],[9.15,6.9],[9.15,6.95],[9,6.95],[9,6.9]]]},"properties":{"source":"slicemap-v1","room":"project_20260905","importedAt":"2026-09-06T00:37:34.491Z","category":"furniture","kind":"block","area_m2":0.0075}},{"type":"Feature","geometry":{"type":"Polygon","coordinates":[[[12.75,6.9],[13.05,6.9],[13.05,6.95],[12.75,6.95],[12.75,6.9]]]},"properties":{"source":"slicemap-v1","room":"project_20260905","importedAt":"2026-09-06T00:37:34.491Z","category":"furniture","kind":"block","area_m2":0.015}},{"type":"Feature","geometry":{"type":"Polygon","coordinates":[[[4.15,6.95],[4.25,6.95],[4.25,7],[4.15,7],[4.15,6.95]]]},"properties":{"source":"slicemap-v1","room":"project_20260905","importedAt":"2026-09-06T00:37:34.491Z","category":"furniture","kind":"block","area_m2":0.005}},{"type":"Feature","geometry":{"type":"Polygon","coordinates":[[[6.95,6.95],[7.1000000000000005,6.95],[7.1000000000000005,7],[6.95,7],[6.95,6.95]]]},"properties":{"source":"slicemap-v1","room":"project_20260905","importedAt":"2026-09-06T00:37:34.491Z","category":"furniture","kind":"block","area_m2":0.0075}},{"type":"Feature","geometry":{"type":"Polygon","coordinates":[[[9,6.95],[9.200000000000001,6.95],[9.200000000000001,7],[9,7],[9,6.95]]]},"properties":{"source":"slicemap-v1","room":"project_20260905","importedAt":"2026-09-06T00:37:34.491Z","category":"furniture","kind":"block","area_m2":0.01}},{"type":"Feature","geometry":{"type":"Polygon","coordinates":[[[9.450000000000001,6.95],[9.5,6.95],[9.5,7.1000000000000005],[9.450000000000001,7.1000000000000005],[9.450000000000001,6.95]]]},"properties":{"source":"slicemap-v1","room":"project_20260905","importedAt":"2026-09-06T00:37:34.491Z","category":"wall","kind":"block","area_m2":0.0075}},{"type":"Feature","geometry":{"type":"Polygon","coordinates":[[[12.700000000000001,6.95],[12.950000000000001,6.95],[12.950000000000001,7],[12.700000000000001,7],[12.700000000000001,6.95]]]},"properties":{"source":"slicemap-v1","room":"project_20260905","importedAt":"2026-09-06T00:37:34.491Z","category":"furniture","kind":"block","area_m2":0.0125}},{"type":"Feature","geometry":{"type":"Polygon","coordinates":[[[4.2,7],[4.3500000000000005,7],[4.3500000000000005,7.050000000000001],[4.2,7.050000000000001],[4.2,7]]]},"properties":{"source":"slicemap-v1","room":"project_20260905","importedAt":"2026-09-06T00:37:34.491Z","category":"furniture","kind":"block","area_m2":0.0075}},{"type":"Feature","geometry":{"type":"Polygon","coordinates":[[[9.05,7],[9.3,7],[9.3,7.050000000000001],[9.05,7.050000000000001],[9.05,7]]]},"properties":{"source":"slicemap-v1","room":"project_20260905","importedAt":"2026-09-06T00:37:34.491Z","category":"furniture","kind":"block","area_m2":0.0125}},{"type":"Feature","geometry":{"type":"Polygon","coordinates":[[[12.700000000000001,7],[12.8,7],[12.8,7.050000000000001],[12.700000000000001,7.050000000000001],[12.700000000000001,7]]]},"properties":{"source":"slicemap-v1","room":"project_20260905","importedAt":"2026-09-06T00:37:34.491Z","category":"furniture","kind":"block","area_m2":0.005}},{"type":"Feature","geometry":{"type":"Polygon","coordinates":[[[3.4000000000000004,7.050000000000001],[3.5,7.050000000000001],[3.5,7.1000000000000005],[3.4000000000000004,7.1000000000000005],[3.4000000000000004,7.050000000000001]]]},"properties":{"source":"slicemap-v1","room":"project_20260905","importedAt":"2026-09-06T00:37:34.491Z","category":"furniture","kind":"block","area_m2":0.005}},{"type":"Feature","geometry":{"type":"Polygon","coordinates":[[[4.1000000000000005,7.050000000000001],[4.3500000000000005,7.050000000000001],[4.3500000000000005,7.1000000000000005],[4.1000000000000005,7.1000000000000005],[4.1000000000000005,7.050000000000001]]]},"properties":{"source":"slicemap-v1","room":"project_20260905","importedAt":"2026-09-06T00:37:34.491Z","category":"furniture","kind":"block","area_m2":0.0125}},{"type":"Feature","geometry":{"type":"Polygon","coordinates":[[[9.15,7.050000000000001],[9.3,7.050000000000001],[9.3,7.1000000000000005],[9.15,7.1000000000000005],[9.15,7.050000000000001]]]},"properties":{"source":"slicemap-v1","room":"project_20260905","importedAt":"2026-09-06T00:37:34.491Z","category":"furniture","kind":"block","area_m2":0.0075}},{"type":"Feature","geometry":{"type":"Polygon","coordinates":[[[3.35,7.1000000000000005],[3.5,7.1000000000000005],[3.5,7.15],[3.35,7.15],[3.35,7.1000000000000005]]]},"properties":{"source":"slicemap-v1","room":"project_20260905","importedAt":"2026-09-06T00:37:34.491Z","category":"furniture","kind":"block","area_m2":0.0075}},{"type":"Feature","geometry":{"type":"Polygon","coordinates":[[[4.05,7.1000000000000005],[4.3500000000000005,7.1000000000000005],[4.3500000000000005,7.15],[4.05,7.15],[4.05,7.1000000000000005]]]},"properties":{"source":"slicemap-v1","room":"project_20260905","importedAt":"2026-09-06T00:37:34.491Z","category":"furniture","kind":"block","area_m2":0.015}},{"type":"Feature","geometry":{"type":"Polygon","coordinates":[[[9.200000000000001,7.1000000000000005],[9.35,7.1000000000000005],[9.35,7.15],[9.200000000000001,7.15],[9.200000000000001,7.1000000000000005]]]},"properties":{"source":"slicemap-v1","room":"project_20260905","importedAt":"2026-09-06T00:37:34.491Z","category":"furniture","kind":"block","area_m2":0.0075}},{"type":"Feature","geometry":{"type":"Polygon","coordinates":[[[9.4,7.1000000000000005],[9.55,7.1000000000000005],[9.55,7.15],[9.4,7.15],[9.4,7.1000000000000005]]]},"properties":{"source":"slicemap-v1","room":"project_20260905","importedAt":"2026-09-06T00:37:34.491Z","category":"wall","kind":"block","area_m2":0.0075}},{"type":"Feature","geometry":{"type":"Polygon","coordinates":[[[3.4000000000000004,7.15],[3.5,7.15],[3.5,7.2],[3.4000000000000004,7.2],[3.4000000000000004,7.15]]]},"properties":{"source":"slicemap-v1","room":"project_20260905","importedAt":"2026-09-06T00:37:34.491Z","category":"furniture","kind":"block","area_m2":0.005}},{"type":"Feature","geometry":{"type":"Polygon","coordinates":[[[4,7.15],[4.3500000000000005,7.15],[4.3500000000000005,7.2],[4,7.2],[4,7.15]]]},"properties":{"source":"slicemap-v1","room":"project_20260905","importedAt":"2026-09-06T00:37:34.491Z","category":"furniture","kind":"block","area_m2":0.0175}},{"type":"Feature","geometry":{"type":"Polygon","coordinates":[[[9.25,7.15],[9.35,7.15],[9.35,7.2],[9.25,7.2],[9.25,7.15]]]},"properties":{"source":"slicemap-v1","room":"project_20260905","importedAt":"2026-09-06T00:37:34.491Z","category":"furniture","kind":"block","area_m2":0.005}},{"type":"Feature","geometry":{"type":"Polygon","coordinates":[[[9.450000000000001,7.15],[9.5,7.15],[9.5,7.2],[9.450000000000001,7.2],[9.450000000000001,7.15]]]},"properties":{"source":"slicemap-v1","room":"project_20260905","importedAt":"2026-09-06T00:37:34.491Z","category":"wall","kind":"block","area_m2":0.0025}},{"type":"Feature","geometry":{"type":"Polygon","coordinates":[[[9.5,7.15],[9.55,7.15],[9.55,7.2],[9.5,7.2],[9.5,7.15]]]},"properties":{"source":"slicemap-v1","room":"project_20260905","importedAt":"2026-09-06T00:37:34.491Z","category":"furniture","kind":"block","area_m2":0.0025}},{"type":"Feature","geometry":{"type":"Polygon","coordinates":[[[3.35,7.2],[3.5,7.2],[3.5,7.25],[3.35,7.25],[3.35,7.2]]]},"properties":{"source":"slicemap-v1","room":"project_20260905","importedAt":"2026-09-06T00:37:34.491Z","category":"furniture","kind":"block","area_m2":0.0075}},{"type":"Feature","geometry":{"type":"Polygon","coordinates":[[[4.05,7.2],[4.3500000000000005,7.2],[4.3500000000000005,7.25],[4.05,7.25],[4.05,7.2]]]},"properties":{"source":"slicemap-v1","room":"project_20260905","importedAt":"2026-09-06T00:37:34.491Z","category":"furniture","kind":"block","area_m2":0.015}},{"type":"Feature","geometry":{"type":"Polygon","coordinates":[[[9.5,7.2],[9.600000000000001,7.2],[9.600000000000001,7.25],[9.5,7.25],[9.5,7.2]]]},"properties":{"source":"slicemap-v1","room":"project_20260905","importedAt":"2026-09-06T00:37:34.491Z","category":"furniture","kind":"block","area_m2":0.005}},{"type":"Feature","geometry":{"type":"Polygon","coordinates":[[[3.4000000000000004,7.25],[3.5500000000000003,7.25],[3.5500000000000003,7.300000000000001],[3.4000000000000004,7.300000000000001],[3.4000000000000004,7.25]]]},"properties":{"source":"slicemap-v1","room":"project_20260905","importedAt":"2026-09-06T00:37:34.491Z","category":"furniture","kind":"block","area_m2":0.0075}},{"type":"Feature","geometry":{"type":"Polygon","coordinates":[[[4.05,7.25],[4.4,7.25],[4.4,7.300000000000001],[4.05,7.300000000000001],[4.05,7.25]]]},"properties":{"source":"slicemap-v1","room":"project_20260905","importedAt":"2026-09-06T00:37:34.491Z","category":"furniture","kind":"block","area_m2":0.0175}},{"type":"Feature","geometry":{"type":"Polygon","coordinates":[[[9.5,7.25],[9.55,7.25],[9.55,7.3500000000000005],[9.5,7.3500000000000005],[9.5,7.25]]]},"properties":{"source":"slicemap-v1","room":"project_20260905","importedAt":"2026-09-06T00:37:34.491Z","category":"furniture","kind":"block","area_m2":0.005}},{"type":"Feature","geometry":{"type":"Polygon","coordinates":[[[9.600000000000001,7.25],[9.700000000000001,7.25],[9.700000000000001,7.3500000000000005],[9.600000000000001,7.3500000000000005],[9.600000000000001,7.25]]]},"properties":{"source":"slicemap-v1","room":"project_20260905","importedAt":"2026-09-06T00:37:34.491Z","category":"furniture","kind":"block","area_m2":0.01}},{"type":"Feature","geometry":{"type":"Polygon","coordinates":[[[3.45,7.300000000000001],[3.6,7.300000000000001],[3.6,7.3500000000000005],[3.45,7.3500000000000005],[3.45,7.300000000000001]]]},"properties":{"source":"slicemap-v1","room":"project_20260905","importedAt":"2026-09-06T00:37:34.491Z","category":"furniture","kind":"block","area_m2":0.0075}},{"type":"Feature","geometry":{"type":"Polygon","coordinates":[[[4.1000000000000005,7.300000000000001],[4.3500000000000005,7.300000000000001],[4.3500000000000005,7.3500000000000005],[4.1000000000000005,7.3500000000000005],[4.1000000000000005,7.300000000000001]]]},"properties":{"source":"slicemap-v1","room":"project_20260905","importedAt":"2026-09-06T00:37:34.491Z","category":"furniture","kind":"block","area_m2":0.0125}},{"type":"Feature","geometry":{"type":"Polygon","coordinates":[[[10.200000000000001,7.300000000000001],[10.25,7.300000000000001],[10.25,7.3500000000000005],[10.200000000000001,7.3500000000000005],[10.200000000000001,7.300000000000001]]]},"properties":{"source":"slicemap-v1","room":"project_20260905","importedAt":"2026-09-06T00:37:34.491Z","category":"furniture","kind":"block","area_m2":0.0025}},{"type":"Feature","geometry":{"type":"Polygon","coordinates":[[[3.5,7.3500000000000005],[3.6,7.3500000000000005],[3.6,7.45],[3.5,7.45],[3.5,7.3500000000000005]]]},"properties":{"source":"slicemap-v1","room":"project_20260905","importedAt":"2026-09-06T00:37:34.491Z","category":"furniture","kind":"block","area_m2":0.01}},{"type":"Feature","geometry":{"type":"Polygon","coordinates":[[[4.2,7.3500000000000005],[4.3500000000000005,7.3500000000000005],[4.3500000000000005,7.4],[4.2,7.4],[4.2,7.3500000000000005]]]},"properties":{"source":"slicemap-v1","room":"project_20260905","importedAt":"2026-09-06T00:37:34.491Z","category":"furniture","kind":"block","area_m2":0.0075}},{"type":"Feature","geometry":{"type":"Polygon","coordinates":[[[9.5,7.3500000000000005],[9.600000000000001,7.3500000000000005],[9.600000000000001,7.4],[9.5,7.4],[9.5,7.3500000000000005]]]},"properties":{"source":"slicemap-v1","room":"project_20260905","importedAt":"2026-09-06T00:37:34.491Z","category":"furniture","kind":"block","area_m2":0.005}},{"type":"Feature","geometry":{"type":"Polygon","coordinates":[[[9.75,7.3500000000000005],[9.850000000000001,7.3500000000000005],[9.850000000000001,7.4],[9.75,7.4],[9.75,7.3500000000000005]]]},"properties":{"source":"slicemap-v1","room":"project_20260905","importedAt":"2026-09-06T00:37:34.491Z","category":"furniture","kind":"block","area_m2":0.005}},{"type":"Feature","geometry":{"type":"Polygon","coordinates":[[[9.9,7.3500000000000005],[10.3,7.3500000000000005],[10.3,7.4],[9.9,7.4],[9.9,7.3500000000000005]]]},"properties":{"source":"slicemap-v1","room":"project_20260905","importedAt":"2026-09-06T00:37:34.491Z","category":"furniture","kind":"block","area_m2":0.02}},{"type":"Feature","geometry":{"type":"Polygon","coordinates":[[[3.6500000000000004,7.4],[3.7,7.4],[3.7,7.45],[3.6500000000000004,7.45],[3.6500000000000004,7.4]]]},"properties":{"source":"slicemap-v1","room":"project_20260905","importedAt":"2026-09-06T00:37:34.491Z","category":"furniture","kind":"block","area_m2":0.0025}},{"type":"Feature","geometry":{"type":"Polygon","coordinates":[[[4.25,7.4],[4.4,7.4],[4.4,7.45],[4.25,7.45],[4.25,7.4]]]},"properties":{"source":"slicemap-v1","room":"project_20260905","importedAt":"2026-09-06T00:37:34.491Z","category":"furniture","kind":"block","area_m2":0.0075}},{"type":"Feature","geometry":{"type":"Polygon","coordinates":[[[9.55,7.4],[9.600000000000001,7.4],[9.600000000000001,7.45],[9.55,7.45],[9.55,7.4]]]},"properties":{"source":"slicemap-v1","room":"project_20260905","importedAt":"2026-09-06T00:37:34.491Z","category":"furniture","kind":"block","area_m2":0.0025}},{"type":"Feature","geometry":{"type":"Polygon","coordinates":[[[9.65,7.4],[9.75,7.4],[9.75,7.45],[9.65,7.45],[9.65,7.4]]]},"properties":{"source":"slicemap-v1","room":"project_20260905","importedAt":"2026-09-06T00:37:34.491Z","category":"furniture","kind":"block","area_m2":0.005}},{"type":"Feature","geometry":{"type":"Polygon","coordinates":[[[9.8,7.4],[9.9,7.4],[9.9,7.45],[9.8,7.45],[9.8,7.4]]]},"properties":{"source":"slicemap-v1","room":"project_20260905","importedAt":"2026-09-06T00:37:34.491Z","category":"furniture","kind":"block","area_m2":0.005}},{"type":"Feature","geometry":{"type":"Polygon","coordinates":[[[10.200000000000001,7.4],[10.25,7.4],[10.25,7.45],[10.200000000000001,7.45],[10.200000000000001,7.4]]]},"properties":{"source":"slicemap-v1","room":"project_20260905","importedAt":"2026-09-06T00:37:34.491Z","category":"furniture","kind":"block","area_m2":0.0025}},{"type":"Feature","geometry":{"type":"Polygon","coordinates":[[[13.350000000000001,7.4],[13.5,7.4],[13.5,7.45],[13.350000000000001,7.45],[13.350000000000001,7.4]]]},"properties":{"source":"slicemap-v1","room":"project_20260905","importedAt":"2026-09-06T00:37:34.491Z","category":"furniture","kind":"block","area_m2":0.0075}},{"type":"Feature","geometry":{"type":"Polygon","coordinates":[[[3.5,7.45],[3.75,7.45],[3.75,7.5],[3.5,7.5],[3.5,7.45]]]},"properties":{"source":"slicemap-v1","room":"project_20260905","importedAt":"2026-09-06T00:37:34.491Z","category":"furniture","kind":"block","area_m2":0.0125}},{"type":"Feature","geometry":{"type":"Polygon","coordinates":[[[4.3,7.45],[4.4,7.45],[4.4,7.5],[4.3,7.5],[4.3,7.45]]]},"properties":{"source":"slicemap-v1","room":"project_20260905","importedAt":"2026-09-06T00:37:34.491Z","category":"furniture","kind":"block","area_m2":0.005}},{"type":"Feature","geometry":{"type":"Polygon","coordinates":[[[10.200000000000001,7.45],[10.3,7.45],[10.3,7.5],[10.200000000000001,7.5],[10.200000000000001,7.45]]]},"properties":{"source":"slicemap-v1","room":"project_20260905","importedAt":"2026-09-06T00:37:34.491Z","category":"furniture","kind":"block","area_m2":0.005}},{"type":"Feature","geometry":{"type":"Polygon","coordinates":[[[10.350000000000001,7.45],[10.4,7.45],[10.4,7.5],[10.350000000000001,7.5],[10.350000000000001,7.45]]]},"properties":{"source":"slicemap-v1","room":"project_20260905","importedAt":"2026-09-06T00:37:34.491Z","category":"furniture","kind":"block","area_m2":0.0025}},{"type":"Feature","geometry":{"type":"Polygon","coordinates":[[[10.700000000000001,7.45],[10.75,7.45],[10.75,7.5],[10.700000000000001,7.5],[10.700000000000001,7.45]]]},"properties":{"source":"slicemap-v1","room":"project_20260905","importedAt":"2026-09-06T00:37:34.491Z","category":"furniture","kind":"block","area_m2":0.0025}},{"type":"Feature","geometry":{"type":"Polygon","coordinates":[[[10.850000000000001,7.45],[10.950000000000001,7.45],[10.950000000000001,7.5],[10.850000000000001,7.5],[10.850000000000001,7.45]]]},"properties":{"source":"slicemap-v1","room":"project_20260905","importedAt":"2026-09-06T00:37:34.491Z","category":"furniture","kind":"block","area_m2":0.005}},{"type":"Feature","geometry":{"type":"Polygon","coordinates":[[[11.05,7.45],[11.100000000000001,7.45],[11.100000000000001,7.5],[11.05,7.5],[11.05,7.45]]]},"properties":{"source":"slicemap-v1","room":"project_20260905","importedAt":"2026-09-06T00:37:34.491Z","category":"furniture","kind":"block","area_m2":0.0025}},{"type":"Feature","geometry":{"type":"Polygon","coordinates":[[[13.3,7.45],[13.4,7.45],[13.4,7.5],[13.3,7.5],[13.3,7.45]]]},"properties":{"source":"slicemap-v1","room":"project_20260905","importedAt":"2026-09-06T00:37:34.491Z","category":"furniture","kind":"block","area_m2":0.005}},{"type":"Feature","geometry":{"type":"Polygon","coordinates":[[[3.5,7.5],[3.6,7.5],[3.6,7.550000000000001],[3.5,7.550000000000001],[3.5,7.5]]]},"properties":{"source":"slicemap-v1","room":"project_20260905","importedAt":"2026-09-06T00:37:34.491Z","category":"furniture","kind":"block","area_m2":0.005}},{"type":"Feature","geometry":{"type":"Polygon","coordinates":[[[4.3,7.5],[4.45,7.5],[4.45,7.550000000000001],[4.3,7.550000000000001],[4.3,7.5]]]},"properties":{"source":"slicemap-v1","room":"project_20260905","importedAt":"2026-09-06T00:37:34.491Z","category":"furniture","kind":"block","area_m2":0.0075}},{"type":"Feature","geometry":{"type":"Polygon","coordinates":[[[10.25,7.5],[11.100000000000001,7.5],[11.100000000000001,7.550000000000001],[10.25,7.550000000000001],[10.25,7.5]]]},"properties":{"source":"slicemap-v1","room":"project_20260905","importedAt":"2026-09-06T00:37:34.491Z","category":"furniture","kind":"block","area_m2":0.0425}},{"type":"Feature","geometry":{"type":"Polygon","coordinates":[[[13.3,7.5],[13.350000000000001,7.5],[13.350000000000001,7.550000000000001],[13.3,7.550000000000001],[13.3,7.5]]]},"properties":{"source":"slicemap-v1","room":"project_20260905","importedAt":"2026-09-06T00:37:34.491Z","category":"furniture","kind":"block","area_m2":0.0025}},{"type":"Feature","geometry":{"type":"Polygon","coordinates":[[[3.45,7.550000000000001],[3.6,7.550000000000001],[3.6,7.6000000000000005],[3.45,7.6000000000000005],[3.45,7.550000000000001]]]},"properties":{"source":"slicemap-v1","room":"project_20260905","importedAt":"2026-09-06T00:37:34.491Z","category":"furniture","kind":"block","area_m2":0.0075}},{"type":"Feature","geometry":{"type":"Polygon","coordinates":[[[4.3,7.550000000000001],[4.4,7.550000000000001],[4.4,7.6000000000000005],[4.3,7.6000000000000005],[4.3,7.550000000000001]]]},"properties":{"source":"slicemap-v1","room":"project_20260905","importedAt":"2026-09-06T00:37:34.491Z","category":"furniture","kind":"block","area_m2":0.005}},{"type":"Feature","geometry":{"type":"Polygon","coordinates":[[[10.350000000000001,7.550000000000001],[10.450000000000001,7.550000000000001],[10.450000000000001,7.6000000000000005],[10.350000000000001,7.6000000000000005],[10.350000000000001,7.550000000000001]]]},"properties":{"source":"slicemap-v1","room":"project_20260905","importedAt":"2026-09-06T00:37:34.491Z","category":"furniture","kind":"block","area_m2":0.005}},{"type":"Feature","geometry":{"type":"Polygon","coordinates":[[[10.5,7.550000000000001],[10.600000000000001,7.550000000000001],[10.600000000000001,7.6000000000000005],[10.5,7.6000000000000005],[10.5,7.550000000000001]]]},"properties":{"source":"slicemap-v1","room":"project_20260905","importedAt":"2026-09-06T00:37:34.491Z","category":"furniture","kind":"block","area_m2":0.005}},{"type":"Feature","geometry":{"type":"Polygon","coordinates":[[[10.700000000000001,7.550000000000001],[10.75,7.550000000000001],[10.75,7.6000000000000005],[10.700000000000001,7.6000000000000005],[10.700000000000001,7.550000000000001]]]},"properties":{"source":"slicemap-v1","room":"project_20260905","importedAt":"2026-09-06T00:37:34.491Z","category":"furniture","kind":"block","area_m2":0.0025}},{"type":"Feature","geometry":{"type":"Polygon","coordinates":[[[3.5,7.6000000000000005],[3.6,7.6000000000000005],[3.6,7.65],[3.5,7.65],[3.5,7.6000000000000005]]]},"properties":{"source":"slicemap-v1","room":"project_20260905","importedAt":"2026-09-06T00:37:34.491Z","category":"furniture","kind":"block","area_m2":0.005}},{"type":"Feature","geometry":{"type":"Polygon","coordinates":[[[4.25,7.6000000000000005],[4.4,7.6000000000000005],[4.4,7.65],[4.25,7.65],[4.25,7.6000000000000005]]]},"properties":{"source":"slicemap-v1","room":"project_20260905","importedAt":"2026-09-06T00:37:34.491Z","category":"furniture","kind":"block","area_m2":0.0075}},{"type":"Feature","geometry":{"type":"Polygon","coordinates":[[[3.5500000000000003,7.65],[3.6,7.65],[3.6,7.7],[3.5500000000000003,7.7],[3.5500000000000003,7.65]]]},"properties":{"source":"slicemap-v1","room":"project_20260905","importedAt":"2026-09-06T00:37:34.491Z","category":"furniture","kind":"block","area_m2":0.0025}},{"type":"Feature","geometry":{"type":"Polygon","coordinates":[[[3.7,7.65],[3.8000000000000003,7.65],[3.8000000000000003,7.7],[3.7,7.7],[3.7,7.65]]]},"properties":{"source":"slicemap-v1","room":"project_20260905","importedAt":"2026-09-06T00:37:34.491Z","category":"furniture","kind":"block","area_m2":0.005}},{"type":"Feature","geometry":{"type":"Polygon","coordinates":[[[3.9000000000000004,7.65],[4,7.65],[4,7.7],[3.9000000000000004,7.7],[3.9000000000000004,7.65]]]},"properties":{"source":"slicemap-v1","room":"project_20260905","importedAt":"2026-09-06T00:37:34.491Z","category":"furniture","kind":"block","area_m2":0.005}},{"type":"Feature","geometry":{"type":"Polygon","coordinates":[[[4.2,7.65],[4.3500000000000005,7.65],[4.3500000000000005,7.7],[4.2,7.7],[4.2,7.65]]]},"properties":{"source":"slicemap-v1","room":"project_20260905","importedAt":"2026-09-06T00:37:34.491Z","category":"furniture","kind":"block","area_m2":0.0075}},{"type":"Feature","geometry":{"type":"Polygon","coordinates":[[[3.45,7.7],[3.7,7.7],[3.7,7.75],[3.45,7.75],[3.45,7.7]]]},"properties":{"source":"slicemap-v1","room":"project_20260905","importedAt":"2026-09-06T00:37:34.491Z","category":"furniture","kind":"block","area_m2":0.0125}},{"type":"Feature","geometry":{"type":"Polygon","coordinates":[[[3.85,7.7],[3.95,7.7],[3.95,7.75],[3.85,7.75],[3.85,7.7]]]},"properties":{"source":"slicemap-v1","room":"project_20260905","importedAt":"2026-09-06T00:37:34.491Z","category":"furniture","kind":"block","area_m2":0.005}},{"type":"Feature","geometry":{"type":"Polygon","coordinates":[[[4,7.7],[4.05,7.7],[4.05,7.75],[4,7.75],[4,7.7]]]},"properties":{"source":"slicemap-v1","room":"project_20260905","importedAt":"2026-09-06T00:37:34.491Z","category":"furniture","kind":"block","area_m2":0.0025}},{"type":"Feature","geometry":{"type":"Polygon","coordinates":[[[4.25,7.7],[4.3,7.7],[4.3,7.75],[4.25,7.75],[4.25,7.7]]]},"properties":{"source":"slicemap-v1","room":"project_20260905","importedAt":"2026-09-06T00:37:34.491Z","category":"furniture","kind":"block","area_m2":0.0025}},{"type":"Feature","geometry":{"type":"Polygon","coordinates":[[[3.9000000000000004,7.75],[3.95,7.75],[3.95,7.8500000000000005],[3.9000000000000004,7.8500000000000005],[3.9000000000000004,7.75]]]},"properties":{"source":"slicemap-v1","room":"project_20260905","importedAt":"2026-09-06T00:37:34.491Z","category":"furniture","kind":"block","area_m2":0.005}},{"type":"Feature","geometry":{"type":"Polygon","coordinates":[[[5.25,7.75],[5.3500000000000005,7.75],[5.3500000000000005,7.800000000000001],[5.25,7.800000000000001],[5.25,7.75]]]},"properties":{"source":"slicemap-v1","room":"project_20260905","importedAt":"2026-09-06T00:37:34.491Z","category":"furniture","kind":"block","area_m2":0.005}},{"type":"Feature","geometry":{"type":"Polygon","coordinates":[[[5.4,7.75],[5.45,7.75],[5.45,7.800000000000001],[5.4,7.800000000000001],[5.4,7.75]]]},"properties":{"source":"slicemap-v1","room":"project_20260905","importedAt":"2026-09-06T00:37:34.491Z","category":"furniture","kind":"block","area_m2":0.0025}},{"type":"Feature","geometry":{"type":"Polygon","coordinates":[[[12.450000000000001,7.75],[12.5,7.75],[12.5,7.800000000000001],[12.450000000000001,7.800000000000001],[12.450000000000001,7.75]]]},"properties":{"source":"slicemap-v1","room":"project_20260905","importedAt":"2026-09-06T00:37:34.491Z","category":"furniture","kind":"block","area_m2":0.0025}},{"type":"Feature","geometry":{"type":"Polygon","coordinates":[[[12.600000000000001,7.75],[12.850000000000001,7.75],[12.850000000000001,7.800000000000001],[12.600000000000001,7.800000000000001],[12.600000000000001,7.75]]]},"properties":{"source":"slicemap-v1","room":"project_20260905","importedAt":"2026-09-06T00:37:34.491Z","category":"furniture","kind":"block","area_m2":0.0125}},{"type":"Feature","geometry":{"type":"Polygon","coordinates":[[[5.2,7.800000000000001],[5.4,7.800000000000001],[5.4,7.8500000000000005],[5.2,7.8500000000000005],[5.2,7.800000000000001]]]},"properties":{"source":"slicemap-v1","room":"project_20260905","importedAt":"2026-09-06T00:37:34.491Z","category":"furniture","kind":"block","area_m2":0.01}},{"type":"Feature","geometry":{"type":"Polygon","coordinates":[[[7.9,7.800000000000001],[8.15,7.800000000000001],[8.15,7.8500000000000005],[7.9,7.8500000000000005],[7.9,7.800000000000001]]]},"properties":{"source":"slicemap-v1","room":"project_20260905","importedAt":"2026-09-06T00:37:34.491Z","category":"furniture","kind":"block","area_m2":0.0125}},{"type":"Feature","geometry":{"type":"Polygon","coordinates":[[[8.15,7.800000000000001],[8.200000000000001,7.800000000000001],[8.200000000000001,7.8500000000000005],[8.15,7.8500000000000005],[8.15,7.800000000000001]]]},"properties":{"source":"slicemap-v1","room":"project_20260905","importedAt":"2026-09-06T00:37:34.491Z","category":"wall","kind":"block","area_m2":0.0025}},{"type":"Feature","geometry":{"type":"Polygon","coordinates":[[[12.4,7.800000000000001],[12.700000000000001,7.800000000000001],[12.700000000000001,7.8500000000000005],[12.4,7.8500000000000005],[12.4,7.800000000000001]]]},"properties":{"source":"slicemap-v1","room":"project_20260905","importedAt":"2026-09-06T00:37:34.491Z","category":"furniture","kind":"block","area_m2":0.015}},{"type":"Feature","geometry":{"type":"Polygon","coordinates":[[[12.75,7.800000000000001],[12.8,7.800000000000001],[12.8,7.8500000000000005],[12.75,7.8500000000000005],[12.75,7.800000000000001]]]},"properties":{"source":"slicemap-v1","room":"project_20260905","importedAt":"2026-09-06T00:37:34.491Z","category":"furniture","kind":"block","area_m2":0.0025}},{"type":"Feature","geometry":{"type":"Polygon","coordinates":[[[3.85,7.8500000000000005],[3.95,7.8500000000000005],[3.95,7.95],[3.85,7.95],[3.85,7.8500000000000005]]]},"properties":{"source":"slicemap-v1","room":"project_20260905","importedAt":"2026-09-06T00:37:34.491Z","category":"furniture","kind":"block","area_m2":0.01}},{"type":"Feature","geometry":{"type":"Polygon","coordinates":[[[5.2,7.8500000000000005],[5.3500000000000005,7.8500000000000005],[5.3500000000000005,7.9],[5.2,7.9],[5.2,7.8500000000000005]]]},"properties":{"source":"slicemap-v1","room":"project_20260905","importedAt":"2026-09-06T00:37:34.491Z","category":"furniture","kind":"block","area_m2":0.0075}},{"type":"Feature","geometry":{"type":"Polygon","coordinates":[[[5.4,7.8500000000000005],[5.45,7.8500000000000005],[5.45,7.9],[5.4,7.9],[5.4,7.8500000000000005]]]},"properties":{"source":"slicemap-v1","room":"project_20260905","importedAt":"2026-09-06T00:37:34.491Z","category":"furniture","kind":"block","area_m2":0.0025}},{"type":"Feature","geometry":{"type":"Polygon","coordinates":[[[7.800000000000001,7.8500000000000005],[8.1,7.8500000000000005],[8.1,7.95],[7.800000000000001,7.95],[7.800000000000001,7.8500000000000005]]]},"properties":{"source":"slicemap-v1","room":"project_20260905","importedAt":"2026-09-06T00:37:34.491Z","category":"furniture","kind":"block","area_m2":0.03}},{"type":"Feature","geometry":{"type":"Polygon","coordinates":[[[8.1,7.8500000000000005],[8.200000000000001,7.8500000000000005],[8.200000000000001,7.9],[8.1,7.9],[8.1,7.8500000000000005]]]},"properties":{"source":"slicemap-v1","room":"project_20260905","importedAt":"2026-09-06T00:37:34.491Z","category":"wall","kind":"block","area_m2":0.005}},{"type":"Feature","geometry":{"type":"Polygon","coordinates":[[[12.450000000000001,7.8500000000000005],[12.5,7.8500000000000005],[12.5,7.9],[12.450000000000001,7.9],[12.450000000000001,7.8500000000000005]]]},"properties":{"source":"slicemap-v1","room":"project_20260905","importedAt":"2026-09-06T00:37:34.491Z","category":"furniture","kind":"block","area_m2":0.0025}},{"type":"Feature","geometry":{"type":"Polygon","coordinates":[[[12.600000000000001,7.8500000000000005],[12.65,7.8500000000000005],[12.65,7.9],[12.600000000000001,7.9],[12.600000000000001,7.8500000000000005]]]},"properties":{"source":"slicemap-v1","room":"project_20260905","importedAt":"2026-09-06T00:37:34.491Z","category":"furniture","kind":"block","area_m2":0.0025}},{"type":"Feature","geometry":{"type":"Polygon","coordinates":[[[4.65,7.9],[4.7,7.9],[4.7,7.95],[4.65,7.95],[4.65,7.9]]]},"properties":{"source":"slicemap-v1","room":"project_20260905","importedAt":"2026-09-06T00:37:34.491Z","category":"furniture","kind":"block","area_m2":0.0025}},{"type":"Feature","geometry":{"type":"Polygon","coordinates":[[[5,7.9],[5.050000000000001,7.9],[5.050000000000001,7.95],[5,7.95],[5,7.9]]]},"properties":{"source":"slicemap-v1","room":"project_20260905","importedAt":"2026-09-06T00:37:34.491Z","category":"furniture","kind":"block","area_m2":0.0025}},{"type":"Feature","geometry":{"type":"Polygon","coordinates":[[[8.1,7.9],[8.15,7.9],[8.15,7.95],[8.1,7.95],[8.1,7.9]]]},"properties":{"source":"slicemap-v1","room":"project_20260905","importedAt":"2026-09-06T00:37:34.491Z","category":"wall","kind":"block","area_m2":0.0025}},{"type":"Feature","geometry":{"type":"Polygon","coordinates":[[[8.15,7.9],[8.25,7.9],[8.25,7.95],[8.15,7.95],[8.15,7.9]]]},"properties":{"source":"slicemap-v1","room":"project_20260905","importedAt":"2026-09-06T00:37:34.491Z","category":"furniture","kind":"block","area_m2":0.005}},{"type":"Feature","geometry":{"type":"Polygon","coordinates":[[[12.4,7.9],[12.450000000000001,7.9],[12.450000000000001,7.95],[12.4,7.95],[12.4,7.9]]]},"properties":{"source":"slicemap-v1","room":"project_20260905","importedAt":"2026-09-06T00:37:34.491Z","category":"furniture","kind":"block","area_m2":0.0025}},{"type":"Feature","geometry":{"type":"Polygon","coordinates":[[[3.9000000000000004,7.95],[3.95,7.95],[3.95,8],[3.9000000000000004,8],[3.9000000000000004,7.95]]]},"properties":{"source":"slicemap-v1","room":"project_20260905","importedAt":"2026-09-06T00:37:34.491Z","category":"furniture","kind":"block","area_m2":0.0025}},{"type":"Feature","geometry":{"type":"Polygon","coordinates":[[[4.45,7.95],[4.5,7.95],[4.5,8],[4.45,8],[4.45,7.95]]]},"properties":{"source":"slicemap-v1","room":"project_20260905","importedAt":"2026-09-06T00:37:34.491Z","category":"furniture","kind":"block","area_m2":0.0025}},{"type":"Feature","geometry":{"type":"Polygon","coordinates":[[[4.55,7.95],[5.1000000000000005,7.95],[5.1000000000000005,8],[4.55,8],[4.55,7.95]]]},"properties":{"source":"slicemap-v1","room":"project_20260905","importedAt":"2026-09-06T00:37:34.491Z","category":"furniture","kind":"block","area_m2":0.0275}},{"type":"Feature","geometry":{"type":"Polygon","coordinates":[[[5.15,7.95],[5.2,7.95],[5.2,8],[5.15,8],[5.15,7.95]]]},"properties":{"source":"slicemap-v1","room":"project_20260905","importedAt":"2026-09-06T00:37:34.491Z","category":"furniture","kind":"block","area_m2":0.0025}},{"type":"Feature","geometry":{"type":"Polygon","coordinates":[[[7.8500000000000005,7.95],[8.1,7.95],[8.1,8],[7.8500000000000005,8],[7.8500000000000005,7.95]]]},"properties":{"source":"slicemap-v1","room":"project_20260905","importedAt":"2026-09-06T00:37:34.491Z","category":"furniture","kind":"block","area_m2":0.0125}},{"type":"Feature","geometry":{"type":"Polygon","coordinates":[[[8.1,7.95],[8.200000000000001,7.95],[8.200000000000001,8],[8.1,8],[8.1,7.95]]]},"properties":{"source":"slicemap-v1","room":"project_20260905","importedAt":"2026-09-06T00:37:34.491Z","category":"wall","kind":"block","area_m2":0.005}},{"type":"Feature","geometry":{"type":"Polygon","coordinates":[[[8.200000000000001,7.95],[8.25,7.95],[8.25,8.1],[8.200000000000001,8.1],[8.200000000000001,7.95]]]},"properties":{"source":"slicemap-v1","room":"project_20260905","importedAt":"2026-09-06T00:37:34.491Z","category":"furniture","kind":"block","area_m2":0.0075}},{"type":"Feature","geometry":{"type":"Polygon","coordinates":[[[3.85,8],[3.95,8],[3.95,8.1],[3.85,8.1],[3.85,8]]]},"properties":{"source":"slicemap-v1","room":"project_20260905","importedAt":"2026-09-06T00:37:34.491Z","category":"furniture","kind":"block","area_m2":0.01}},{"type":"Feature","geometry":{"type":"Polygon","coordinates":[[[4.5,8],[4.55,8],[4.55,8.05],[4.5,8.05],[4.5,8]]]},"properties":{"source":"slicemap-v1","room":"project_20260905","importedAt":"2026-09-06T00:37:34.491Z","category":"furniture","kind":"block","area_m2":0.0025}},{"type":"Feature","geometry":{"type":"Polygon","coordinates":[[[5.15,8],[5.25,8],[5.25,8.05],[5.15,8.05],[5.15,8]]]},"properties":{"source":"slicemap-v1","room":"project_20260905","importedAt":"2026-09-06T00:37:34.491Z","category":"furniture","kind":"block","area_m2":0.005}},{"type":"Feature","geometry":{"type":"Polygon","coordinates":[[[7.8500000000000005,8],[8.15,8],[8.15,8.1],[7.8500000000000005,8.1],[7.8500000000000005,8]]]},"properties":{"source":"slicemap-v1","room":"project_20260905","importedAt":"2026-09-06T00:37:34.491Z","category":"furniture","kind":"block","area_m2":0.03}},{"type":"Feature","geometry":{"type":"Polygon","coordinates":[[[8.15,8],[8.200000000000001,8],[8.200000000000001,8.1],[8.15,8.1],[8.15,8]]]},"properties":{"source":"slicemap-v1","room":"project_20260905","importedAt":"2026-09-06T00:37:34.491Z","category":"wall","kind":"block","area_m2":0.005}},{"type":"Feature","geometry":{"type":"Polygon","coordinates":[[[12.350000000000001,8],[12.450000000000001,8],[12.450000000000001,8.1],[12.350000000000001,8.1],[12.350000000000001,8]]]},"properties":{"source":"slicemap-v1","room":"project_20260905","importedAt":"2026-09-06T00:37:34.491Z","category":"furniture","kind":"block","area_m2":0.01}},{"type":"Feature","geometry":{"type":"Polygon","coordinates":[[[5.1000000000000005,8.05],[5.4,8.05],[5.4,8.1],[5.1000000000000005,8.1],[5.1000000000000005,8.05]]]},"properties":{"source":"slicemap-v1","room":"project_20260905","importedAt":"2026-09-06T00:37:34.491Z","category":"furniture","kind":"block","area_m2":0.015}},{"type":"Feature","geometry":{"type":"Polygon","coordinates":[[[3.9000000000000004,8.1],[3.95,8.1],[3.95,8.200000000000001],[3.9000000000000004,8.200000000000001],[3.9000000000000004,8.1]]]},"properties":{"source":"slicemap-v1","room":"project_20260905","importedAt":"2026-09-06T00:37:34.491Z","category":"furniture","kind":"block","area_m2":0.005}},{"type":"Feature","geometry":{"type":"Polygon","coordinates":[[[5.1000000000000005,8.1],[5.45,8.1],[5.45,8.15],[5.1000000000000005,8.15],[5.1000000000000005,8.1]]]},"properties":{"source":"slicemap-v1","room":"project_20260905","importedAt":"2026-09-06T00:37:34.491Z","category":"furniture","kind":"block","area_m2":0.0175}},{"type":"Feature","geometry":{"type":"Polygon","coordinates":[[[7.800000000000001,8.1],[8.15,8.1],[8.15,8.15],[7.800000000000001,8.15],[7.800000000000001,8.1]]]},"properties":{"source":"slicemap-v1","room":"project_20260905","importedAt":"2026-09-06T00:37:34.491Z","category":"furniture","kind":"block","area_m2":0.0175}},{"type":"Feature","geometry":{"type":"Polygon","coordinates":[[[8.15,8.1],[8.25,8.1],[8.25,8.15],[8.15,8.15],[8.15,8.1]]]},"properties":{"source":"slicemap-v1","room":"project_20260905","importedAt":"2026-09-06T00:37:34.491Z","category":"wall","kind":"block","area_m2":0.005}},{"type":"Feature","geometry":{"type":"Polygon","coordinates":[[[12.350000000000001,8.1],[12.4,8.1],[12.4,8.25],[12.350000000000001,8.25],[12.350000000000001,8.1]]]},"properties":{"source":"slicemap-v1","room":"project_20260905","importedAt":"2026-09-06T00:37:34.491Z","category":"furniture","kind":"block","area_m2":0.0075}},{"type":"Feature","geometry":{"type":"Polygon","coordinates":[[[5.2,8.15],[5.3500000000000005,8.15],[5.3500000000000005,8.200000000000001],[5.2,8.200000000000001],[5.2,8.15]]]},"properties":{"source":"slicemap-v1","room":"project_20260905","importedAt":"2026-09-06T00:37:34.491Z","category":"furniture","kind":"block","area_m2":0.0075}},{"type":"Feature","geometry":{"type":"Polygon","coordinates":[[[7.8500000000000005,8.15],[8.15,8.15],[8.15,8.200000000000001],[7.8500000000000005,8.200000000000001],[7.8500000000000005,8.15]]]},"properties":{"source":"slicemap-v1","room":"project_20260905","importedAt":"2026-09-06T00:37:34.491Z","category":"furniture","kind":"block","area_m2":0.015}},{"type":"Feature","geometry":{"type":"Polygon","coordinates":[[[8.15,8.15],[8.200000000000001,8.15],[8.200000000000001,8.200000000000001],[8.15,8.200000000000001],[8.15,8.15]]]},"properties":{"source":"slicemap-v1","room":"project_20260905","importedAt":"2026-09-06T00:37:34.491Z","category":"wall","kind":"block","area_m2":0.0025}},{"type":"Feature","geometry":{"type":"Polygon","coordinates":[[[8.200000000000001,8.15],[8.25,8.15],[8.25,8.200000000000001],[8.200000000000001,8.200000000000001],[8.200000000000001,8.15]]]},"properties":{"source":"slicemap-v1","room":"project_20260905","importedAt":"2026-09-06T00:37:34.491Z","category":"furniture","kind":"block","area_m2":0.0025}},{"type":"Feature","geometry":{"type":"Polygon","coordinates":[[[5.15,8.200000000000001],[5.300000000000001,8.200000000000001],[5.300000000000001,8.3],[5.15,8.3],[5.15,8.200000000000001]]]},"properties":{"source":"slicemap-v1","room":"project_20260905","importedAt":"2026-09-06T00:37:34.491Z","category":"furniture","kind":"block","area_m2":0.015}},{"type":"Feature","geometry":{"type":"Polygon","coordinates":[[[7.8500000000000005,8.200000000000001],[8.05,8.200000000000001],[8.05,8.25],[7.8500000000000005,8.25],[7.8500000000000005,8.200000000000001]]]},"properties":{"source":"slicemap-v1","room":"project_20260905","importedAt":"2026-09-06T00:37:34.491Z","category":"furniture","kind":"block","area_m2":0.01}},{"type":"Feature","geometry":{"type":"Polygon","coordinates":[[[3.9000000000000004,8.25],[3.95,8.25],[3.95,8.35],[3.9000000000000004,8.35],[3.9000000000000004,8.25]]]},"properties":{"source":"slicemap-v1","room":"project_20260905","importedAt":"2026-09-06T00:37:34.491Z","category":"furniture","kind":"block","area_m2":0.005}},{"type":"Feature","geometry":{"type":"Polygon","coordinates":[[[4.5,8.25],[4.6000000000000005,8.25],[4.6000000000000005,8.3],[4.5,8.3],[4.5,8.25]]]},"properties":{"source":"slicemap-v1","room":"project_20260905","importedAt":"2026-09-06T00:37:34.491Z","category":"furniture","kind":"block","area_m2":0.005}},{"type":"Feature","geometry":{"type":"Polygon","coordinates":[[[7.9,8.25],[8.05,8.25],[8.05,8.3],[7.9,8.3],[7.9,8.25]]]},"properties":{"source":"slicemap-v1","room":"project_20260905","importedAt":"2026-09-06T00:37:34.491Z","category":"furniture","kind":"block","area_m2":0.0075}},{"type":"Feature","geometry":{"type":"Polygon","coordinates":[[[12.3,8.25],[12.450000000000001,8.25],[12.450000000000001,8.3],[12.3,8.3],[12.3,8.25]]]},"properties":{"source":"slicemap-v1","room":"project_20260905","importedAt":"2026-09-06T00:37:34.491Z","category":"furniture","kind":"block","area_m2":0.0075}},{"type":"Feature","geometry":{"type":"Polygon","coordinates":[[[4.45,8.3],[4.6000000000000005,8.3],[4.6000000000000005,8.35],[4.45,8.35],[4.45,8.3]]]},"properties":{"source":"slicemap-v1","room":"project_20260905","importedAt":"2026-09-06T00:37:34.491Z","category":"furniture","kind":"block","area_m2":0.0075}},{"type":"Feature","geometry":{"type":"Polygon","coordinates":[[[5.2,8.3],[5.25,8.3],[5.25,8.4],[5.2,8.4],[5.2,8.3]]]},"properties":{"source":"slicemap-v1","room":"project_20260905","importedAt":"2026-09-06T00:37:34.491Z","category":"furniture","kind":"block","area_m2":0.005}},{"type":"Feature","geometry":{"type":"Polygon","coordinates":[[[8,8.3],[8.05,8.3],[8.05,8.35],[8,8.35],[8,8.3]]]},"properties":{"source":"slicemap-v1","room":"project_20260905","importedAt":"2026-09-06T00:37:34.491Z","category":"furniture","kind":"block","area_m2":0.0025}},{"type":"Feature","geometry":{"type":"Polygon","coordinates":[[[10.350000000000001,8.3],[10.450000000000001,8.3],[10.450000000000001,8.35],[10.350000000000001,8.35],[10.350000000000001,8.3]]]},"properties":{"source":"slicemap-v1","room":"project_20260905","importedAt":"2026-09-06T00:37:34.491Z","category":"furniture","kind":"block","area_m2":0.005}},{"type":"Feature","geometry":{"type":"Polygon","coordinates":[[[10.75,8.3],[10.850000000000001,8.3],[10.850000000000001,8.35],[10.75,8.35],[10.75,8.3]]]},"properties":{"source":"slicemap-v1","room":"project_20260905","importedAt":"2026-09-06T00:37:34.491Z","category":"furniture","kind":"block","area_m2":0.005}},{"type":"Feature","geometry":{"type":"Polygon","coordinates":[[[12.350000000000001,8.3],[12.4,8.3],[12.4,8.35],[12.350000000000001,8.35],[12.350000000000001,8.3]]]},"properties":{"source":"slicemap-v1","room":"project_20260905","importedAt":"2026-09-06T00:37:34.491Z","category":"furniture","kind":"block","area_m2":0.0025}},{"type":"Feature","geometry":{"type":"Polygon","coordinates":[[[3.9000000000000004,8.35],[4,8.35],[4,8.450000000000001],[3.9000000000000004,8.450000000000001],[3.9000000000000004,8.35]]]},"properties":{"source":"slicemap-v1","room":"project_20260905","importedAt":"2026-09-06T00:37:34.491Z","category":"furniture","kind":"block","area_m2":0.01}},{"type":"Feature","geometry":{"type":"Polygon","coordinates":[[[4.5,8.35],[4.55,8.35],[4.55,8.4],[4.5,8.4],[4.5,8.35]]]},"properties":{"source":"slicemap-v1","room":"project_20260905","importedAt":"2026-09-06T00:37:34.491Z","category":"furniture","kind":"block","area_m2":0.0025}},{"type":"Feature","geometry":{"type":"Polygon","coordinates":[[[10.3,8.35],[10.5,8.35],[10.5,8.4],[10.3,8.4],[10.3,8.35]]]},"properties":{"source":"slicemap-v1","room":"project_20260905","importedAt":"2026-09-06T00:37:34.491Z","category":"furniture","kind":"block","area_m2":0.01}},{"type":"Feature","geometry":{"type":"Polygon","coordinates":[[[10.8,8.35],[10.9,8.35],[10.9,8.4],[10.8,8.4],[10.8,8.35]]]},"properties":{"source":"slicemap-v1","room":"project_20260905","importedAt":"2026-09-06T00:37:34.491Z","category":"furniture","kind":"block","area_m2":0.005}},{"type":"Feature","geometry":{"type":"Polygon","coordinates":[[[10.950000000000001,8.35],[11,8.35],[11,8.4],[10.950000000000001,8.4],[10.950000000000001,8.35]]]},"properties":{"source":"slicemap-v1","room":"project_20260905","importedAt":"2026-09-06T00:37:34.491Z","category":"furniture","kind":"block","area_m2":0.0025}},{"type":"Feature","geometry":{"type":"Polygon","coordinates":[[[12.350000000000001,8.35],[12.450000000000001,8.35],[12.450000000000001,8.450000000000001],[12.350000000000001,8.450000000000001],[12.350000000000001,8.35]]]},"properties":{"source":"slicemap-v1","room":"project_20260905","importedAt":"2026-09-06T00:37:34.491Z","category":"furniture","kind":"block","area_m2":0.01}},{"type":"Feature","geometry":{"type":"Polygon","coordinates":[[[5.15,8.4],[5.300000000000001,8.4],[5.300000000000001,8.450000000000001],[5.15,8.450000000000001],[5.15,8.4]]]},"properties":{"source":"slicemap-v1","room":"project_20260905","importedAt":"2026-09-06T00:37:34.491Z","category":"furniture","kind":"block","area_m2":0.0075}},{"type":"Feature","geometry":{"type":"Polygon","coordinates":[[[7.5,8.4],[7.550000000000001,8.4],[7.550000000000001,8.450000000000001],[7.5,8.450000000000001],[7.5,8.4]]]},"properties":{"source":"slicemap-v1","room":"project_20260905","importedAt":"2026-09-06T00:37:34.491Z","category":"furniture","kind":"block","area_m2":0.0025}},{"type":"Feature","geometry":{"type":"Polygon","coordinates":[[[7.65,8.4],[7.7,8.4],[7.7,8.450000000000001],[7.65,8.450000000000001],[7.65,8.4]]]},"properties":{"source":"slicemap-v1","room":"project_20260905","importedAt":"2026-09-06T00:37:34.491Z","category":"furniture","kind":"block","area_m2":0.0025}},{"type":"Feature","geometry":{"type":"Polygon","coordinates":[[[9.950000000000001,8.4],[10.05,8.4],[10.05,8.5],[9.950000000000001,8.5],[9.950000000000001,8.4]]]},"properties":{"source":"slicemap-v1","room":"project_20260905","importedAt":"2026-09-06T00:37:34.491Z","category":"furniture","kind":"block","area_m2":0.01}},{"type":"Feature","geometry":{"type":"Polygon","coordinates":[[[10.350000000000001,8.4],[10.5,8.4],[10.5,8.450000000000001],[10.350000000000001,8.450000000000001],[10.350000000000001,8.4]]]},"properties":{"source":"slicemap-v1","room":"project_20260905","importedAt":"2026-09-06T00:37:34.491Z","category":"furniture","kind":"block","area_m2":0.0075}},{"type":"Feature","geometry":{"type":"Polygon","coordinates":[[[10.850000000000001,8.4],[10.950000000000001,8.4],[10.950000000000001,8.450000000000001],[10.850000000000001,8.450000000000001],[10.850000000000001,8.4]]]},"properties":{"source":"slicemap-v1","room":"project_20260905","importedAt":"2026-09-06T00:37:34.491Z","category":"furniture","kind":"block","area_m2":0.005}},{"type":"Feature","geometry":{"type":"Polygon","coordinates":[[[3.9000000000000004,8.450000000000001],[3.95,8.450000000000001],[3.95,8.5],[3.9000000000000004,8.5],[3.9000000000000004,8.450000000000001]]]},"properties":{"source":"slicemap-v1","room":"project_20260905","importedAt":"2026-09-06T00:37:34.491Z","category":"furniture","kind":"block","area_m2":0.0025}},{"type":"Feature","geometry":{"type":"Polygon","coordinates":[[[5.15,8.450000000000001],[5.45,8.450000000000001],[5.45,8.5],[5.15,8.5],[5.15,8.450000000000001]]]},"properties":{"source":"slicemap-v1","room":"project_20260905","importedAt":"2026-09-06T00:37:34.491Z","category":"furniture","kind":"block","area_m2":0.015}},{"type":"Feature","geometry":{"type":"Polygon","coordinates":[[[7.2,8.450000000000001],[7.800000000000001,8.450000000000001],[7.800000000000001,8.5],[7.2,8.5],[7.2,8.450000000000001]]]},"properties":{"source":"slicemap-v1","room":"project_20260905","importedAt":"2026-09-06T00:37:34.491Z","category":"furniture","kind":"block","area_m2":0.03}},{"type":"Feature","geometry":{"type":"Polygon","coordinates":[[[8.1,8.450000000000001],[8.15,8.450000000000001],[8.15,8.5],[8.1,8.5],[8.1,8.450000000000001]]]},"properties":{"source":"slicemap-v1","room":"project_20260905","importedAt":"2026-09-06T00:37:34.491Z","category":"furniture","kind":"block","area_m2":0.0025}},{"type":"Feature","geometry":{"type":"Polygon","coordinates":[[[12.350000000000001,8.450000000000001],[12.4,8.450000000000001],[12.4,8.5],[12.350000000000001,8.5],[12.350000000000001,8.450000000000001]]]},"properties":{"source":"slicemap-v1","room":"project_20260905","importedAt":"2026-09-06T00:37:34.491Z","category":"furniture","kind":"block","area_m2":0.0025}},{"type":"Feature","geometry":{"type":"Polygon","coordinates":[[[3.9000000000000004,8.5],[4,8.5],[4,8.6],[3.9000000000000004,8.6],[3.9000000000000004,8.5]]]},"properties":{"source":"slicemap-v1","room":"project_20260905","importedAt":"2026-09-06T00:37:34.491Z","category":"furniture","kind":"block","area_m2":0.01}},{"type":"Feature","geometry":{"type":"Polygon","coordinates":[[[5.15,8.5],[5.4,8.5],[5.4,8.55],[5.15,8.55],[5.15,8.5]]]},"properties":{"source":"slicemap-v1","room":"project_20260905","importedAt":"2026-09-06T00:37:34.491Z","category":"furniture","kind":"block","area_m2":0.0125}},{"type":"Feature","geometry":{"type":"Polygon","coordinates":[[[5.45,8.5],[5.5,8.5],[5.5,8.6],[5.45,8.6],[5.45,8.5]]]},"properties":{"source":"slicemap-v1","room":"project_20260905","importedAt":"2026-09-06T00:37:34.491Z","category":"furniture","kind":"block","area_m2":0.005}},{"type":"Feature","geometry":{"type":"Polygon","coordinates":[[[6.75,8.5],[6.800000000000001,8.5],[6.800000000000001,8.55],[6.75,8.55],[6.75,8.5]]]},"properties":{"source":"slicemap-v1","room":"project_20260905","importedAt":"2026-09-06T00:37:34.491Z","category":"furniture","kind":"block","area_m2":0.0025}},{"type":"Feature","geometry":{"type":"Polygon","coordinates":[[[6.9,8.5],[6.95,8.5],[6.95,8.55],[6.9,8.55],[6.9,8.5]]]},"properties":{"source":"slicemap-v1","room":"project_20260905","importedAt":"2026-09-06T00:37:34.491Z","category":"furniture","kind":"block","area_m2":0.0025}},{"type":"Feature","geometry":{"type":"Polygon","coordinates":[[[7,8.5],[7.25,8.5],[7.25,8.55],[7,8.55],[7,8.5]]]},"properties":{"source":"slicemap-v1","room":"project_20260905","importedAt":"2026-09-06T00:37:34.491Z","category":"furniture","kind":"block","area_m2":0.0125}},{"type":"Feature","geometry":{"type":"Polygon","coordinates":[[[7.300000000000001,8.5],[7.4,8.5],[7.4,8.55],[7.300000000000001,8.55],[7.300000000000001,8.5]]]},"properties":{"source":"slicemap-v1","room":"project_20260905","importedAt":"2026-09-06T00:37:34.491Z","category":"furniture","kind":"block","area_m2":0.005}},{"type":"Feature","geometry":{"type":"Polygon","coordinates":[[[7.7,8.5],[7.8500000000000005,8.5],[7.8500000000000005,8.55],[7.7,8.55],[7.7,8.5]]]},"properties":{"source":"slicemap-v1","room":"project_20260905","importedAt":"2026-09-06T00:37:34.491Z","category":"furniture","kind":"block","area_m2":0.0075}},{"type":"Feature","geometry":{"type":"Polygon","coordinates":[[[8.15,8.5],[8.200000000000001,8.5],[8.200000000000001,8.55],[8.15,8.55],[8.15,8.5]]]},"properties":{"source":"slicemap-v1","room":"project_20260905","importedAt":"2026-09-06T00:37:34.491Z","category":"furniture","kind":"block","area_m2":0.0025}},{"type":"Feature","geometry":{"type":"Polygon","coordinates":[[[8.200000000000001,8.5],[8.25,8.5],[8.25,8.6],[8.200000000000001,8.6],[8.200000000000001,8.5]]]},"properties":{"source":"slicemap-v1","room":"project_20260905","importedAt":"2026-09-06T00:37:34.491Z","category":"wall","kind":"block","area_m2":0.005}},{"type":"Feature","geometry":{"type":"Polygon","coordinates":[[[10.100000000000001,8.5],[10.15,8.5],[10.15,8.55],[10.100000000000001,8.55],[10.100000000000001,8.5]]]},"properties":{"source":"slicemap-v1","room":"project_20260905","importedAt":"2026-09-06T00:37:34.491Z","category":"furniture","kind":"block","area_m2":0.0025}},{"type":"Feature","geometry":{"type":"Polygon","coordinates":[[[12.3,8.5],[12.350000000000001,8.5],[12.350000000000001,8.65],[12.3,8.65],[12.3,8.5]]]},"properties":{"source":"slicemap-v1","room":"project_20260905","importedAt":"2026-09-06T00:37:34.491Z","category":"furniture","kind":"block","area_m2":0.0075}},{"type":"Feature","geometry":{"type":"Polygon","coordinates":[[[4.95,8.55],[5,8.55],[5,8.6],[4.95,8.6],[4.95,8.55]]]},"properties":{"source":"slicemap-v1","room":"project_20260905","importedAt":"2026-09-06T00:37:34.491Z","category":"wall","kind":"block","area_m2":0.0025}},{"type":"Feature","geometry":{"type":"Polygon","coordinates":[[[5.1000000000000005,8.55],[5.3500000000000005,8.55],[5.3500000000000005,8.65],[5.1000000000000005,8.65],[5.1000000000000005,8.55]]]},"properties":{"source":"slicemap-v1","room":"project_20260905","importedAt":"2026-09-06T00:37:34.491Z","category":"furniture","kind":"block","area_m2":0.025}},{"type":"Feature","geometry":{"type":"Polygon","coordinates":[[[6.45,8.55],[6.95,8.55],[6.95,8.6],[6.45,8.6],[6.45,8.55]]]},"properties":{"source":"slicemap-v1","room":"project_20260905","importedAt":"2026-09-06T00:37:34.491Z","category":"furniture","kind":"block","area_m2":0.025}},{"type":"Feature","geometry":{"type":"Polygon","coordinates":[[[7.7,8.55],[7.800000000000001,8.55],[7.800000000000001,8.6],[7.7,8.6],[7.7,8.55]]]},"properties":{"source":"slicemap-v1","room":"project_20260905","importedAt":"2026-09-06T00:37:34.491Z","category":"furniture","kind":"block","area_m2":0.005}},{"type":"Feature","geometry":{"type":"Polygon","coordinates":[[[8.1,8.55],[8.15,8.55],[8.15,8.65],[8.1,8.65],[8.1,8.55]]]},"properties":{"source":"slicemap-v1","room":"project_20260905","importedAt":"2026-09-06T00:37:34.491Z","category":"furniture","kind":"block","area_m2":0.005}},{"type":"Feature","geometry":{"type":"Polygon","coordinates":[[[9.8,8.55],[9.850000000000001,8.55],[9.850000000000001,8.6],[9.8,8.6],[9.8,8.55]]]},"properties":{"source":"slicemap-v1","room":"project_20260905","importedAt":"2026-09-06T00:37:34.491Z","category":"furniture","kind":"block","area_m2":0.0025}},{"type":"Feature","geometry":{"type":"Polygon","coordinates":[[[3.85,8.6],[3.95,8.6],[3.95,8.65],[3.85,8.65],[3.85,8.6]]]},"properties":{"source":"slicemap-v1","room":"project_20260905","importedAt":"2026-09-06T00:37:34.491Z","category":"furniture","kind":"block","area_m2":0.005}},{"type":"Feature","geometry":{"type":"Polygon","coordinates":[[[4.9,8.6],[5,8.6],[5,8.65],[4.9,8.65],[4.9,8.6]]]},"properties":{"source":"slicemap-v1","room":"project_20260905","importedAt":"2026-09-06T00:37:34.491Z","category":"furniture","kind":"block","area_m2":0.005}},{"type":"Feature","geometry":{"type":"Polygon","coordinates":[[[5.95,8.6],[6.050000000000001,8.6],[6.050000000000001,8.65],[5.95,8.65],[5.95,8.6]]]},"properties":{"source":"slicemap-v1","room":"project_20260905","importedAt":"2026-09-06T00:37:34.491Z","category":"furniture","kind":"block","area_m2":0.005}},{"type":"Feature","geometry":{"type":"Polygon","coordinates":[[[6.1000000000000005,8.6],[6.2,8.6],[6.2,8.65],[6.1000000000000005,8.65],[6.1000000000000005,8.6]]]},"properties":{"source":"slicemap-v1","room":"project_20260905","importedAt":"2026-09-06T00:37:34.491Z","category":"furniture","kind":"block","area_m2":0.005}},{"type":"Feature","geometry":{"type":"Polygon","coordinates":[[[6.25,8.6],[6.45,8.6],[6.45,8.65],[6.25,8.65],[6.25,8.6]]]},"properties":{"source":"slicemap-v1","room":"project_20260905","importedAt":"2026-09-06T00:37:34.491Z","category":"furniture","kind":"block","area_m2":0.01}},{"type":"Feature","geometry":{"type":"Polygon","coordinates":[[[6.550000000000001,8.6],[6.6000000000000005,8.6],[6.6000000000000005,8.65],[6.550000000000001,8.65],[6.550000000000001,8.6]]]},"properties":{"source":"slicemap-v1","room":"project_20260905","importedAt":"2026-09-06T00:37:34.491Z","category":"furniture","kind":"block","area_m2":0.0025}},{"type":"Feature","geometry":{"type":"Polygon","coordinates":[[[7.75,8.6],[7.800000000000001,8.6],[7.800000000000001,8.65],[7.75,8.65],[7.75,8.6]]]},"properties":{"source":"slicemap-v1","room":"project_20260905","importedAt":"2026-09-06T00:37:34.491Z","category":"furniture","kind":"block","area_m2":0.0025}},{"type":"Feature","geometry":{"type":"Polygon","coordinates":[[[9.75,8.6],[9.950000000000001,8.6],[9.950000000000001,8.65],[9.75,8.65],[9.75,8.6]]]},"properties":{"source":"slicemap-v1","room":"project_20260905","importedAt":"2026-09-06T00:37:34.491Z","category":"furniture","kind":"block","area_m2":0.01}},{"type":"Feature","geometry":{"type":"Polygon","coordinates":[[[10.450000000000001,8.6],[10.55,8.6],[10.55,8.65],[10.450000000000001,8.65],[10.450000000000001,8.6]]]},"properties":{"source":"slicemap-v1","room":"project_20260905","importedAt":"2026-09-06T00:37:34.491Z","category":"furniture","kind":"block","area_m2":0.005}},{"type":"Feature","geometry":{"type":"Polygon","coordinates":[[[3.7,8.65],[3.95,8.65],[3.95,8.700000000000001],[3.7,8.700000000000001],[3.7,8.65]]]},"properties":{"source":"slicemap-v1","room":"project_20260905","importedAt":"2026-09-06T00:37:34.491Z","category":"furniture","kind":"block","area_m2":0.0125}},{"type":"Feature","geometry":{"type":"Polygon","coordinates":[[[4.8500000000000005,8.65],[4.95,8.65],[4.95,8.75],[4.8500000000000005,8.75],[4.8500000000000005,8.65]]]},"properties":{"source":"slicemap-v1","room":"project_20260905","importedAt":"2026-09-06T00:37:34.491Z","category":"furniture","kind":"block","area_m2":0.01}},{"type":"Feature","geometry":{"type":"Polygon","coordinates":[[[4.95,8.65],[5.050000000000001,8.65],[5.050000000000001,8.8],[4.95,8.8],[4.95,8.65]]]},"properties":{"source":"slicemap-v1","room":"project_20260905","importedAt":"2026-09-06T00:37:34.491Z","category":"wall","kind":"block","area_m2":0.015}},{"type":"Feature","geometry":{"type":"Polygon","coordinates":[[[5.050000000000001,8.65],[5.3500000000000005,8.65],[5.3500000000000005,8.700000000000001],[5.050000000000001,8.700000000000001],[5.050000000000001,8.65]]]},"properties":{"source":"slicemap-v1","room":"project_20260905","importedAt":"2026-09-06T00:37:34.491Z","category":"furniture","kind":"block","area_m2":0.015}},{"type":"Feature","geometry":{"type":"Polygon","coordinates":[[[5.45,8.65],[5.5,8.65],[5.5,8.700000000000001],[5.45,8.700000000000001],[5.45,8.65]]]},"properties":{"source":"slicemap-v1","room":"project_20260905","importedAt":"2026-09-06T00:37:34.491Z","category":"furniture","kind":"block","area_m2":0.0025}},{"type":"Feature","geometry":{"type":"Polygon","coordinates":[[[5.7,8.65],[6.2,8.65],[6.2,8.700000000000001],[5.7,8.700000000000001],[5.7,8.65]]]},"properties":{"source":"slicemap-v1","room":"project_20260905","importedAt":"2026-09-06T00:37:34.491Z","category":"furniture","kind":"block","area_m2":0.025}},{"type":"Feature","geometry":{"type":"Polygon","coordinates":[[[6.300000000000001,8.65],[6.3500000000000005,8.65],[6.3500000000000005,8.700000000000001],[6.300000000000001,8.700000000000001],[6.300000000000001,8.65]]]},"properties":{"source":"slicemap-v1","room":"project_20260905","importedAt":"2026-09-06T00:37:34.491Z","category":"furniture","kind":"block","area_m2":0.0025}},{"type":"Feature","geometry":{"type":"Polygon","coordinates":[[[7.7,8.65],[7.8500000000000005,8.65],[7.8500000000000005,8.75],[7.7,8.75],[7.7,8.65]]]},"properties":{"source":"slicemap-v1","room":"project_20260905","importedAt":"2026-09-06T00:37:34.491Z","category":"furniture","kind":"block","area_m2":0.015}},{"type":"Feature","geometry":{"type":"Polygon","coordinates":[[[8.15,8.65],[8.200000000000001,8.65],[8.200000000000001,8.75],[8.15,8.75],[8.15,8.65]]]},"properties":{"source":"slicemap-v1","room":"project_20260905","importedAt":"2026-09-06T00:37:34.491Z","category":"furniture","kind":"block","area_m2":0.005}},{"type":"Feature","geometry":{"type":"Polygon","coordinates":[[[8.200000000000001,8.65],[8.3,8.65],[8.3,8.75],[8.200000000000001,8.75],[8.200000000000001,8.65]]]},"properties":{"source":"slicemap-v1","room":"project_20260905","importedAt":"2026-09-06T00:37:34.491Z","category":"wall","kind":"block","area_m2":0.01}},{"type":"Feature","geometry":{"type":"Polygon","coordinates":[[[9.8,8.65],[9.950000000000001,8.65],[9.950000000000001,8.700000000000001],[9.8,8.700000000000001],[9.8,8.65]]]},"properties":{"source":"slicemap-v1","room":"project_20260905","importedAt":"2026-09-06T00:37:34.491Z","category":"furniture","kind":"block","area_m2":0.0075}},{"type":"Feature","geometry":{"type":"Polygon","coordinates":[[[12.25,8.65],[12.350000000000001,8.65],[12.350000000000001,8.700000000000001],[12.25,8.700000000000001],[12.25,8.65]]]},"properties":{"source":"slicemap-v1","room":"project_20260905","importedAt":"2026-09-06T00:37:34.491Z","category":"furniture","kind":"block","area_m2":0.005}},{"type":"Feature","geometry":{"type":"Polygon","coordinates":[[[3.75,8.700000000000001],[3.85,8.700000000000001],[3.85,8.75],[3.75,8.75],[3.75,8.700000000000001]]]},"properties":{"source":"slicemap-v1","room":"project_20260905","importedAt":"2026-09-06T00:37:34.491Z","category":"furniture","kind":"block","area_m2":0.005}},{"type":"Feature","geometry":{"type":"Polygon","coordinates":[[[5.050000000000001,8.700000000000001],[5.7,8.700000000000001],[5.7,8.75],[5.050000000000001,8.75],[5.050000000000001,8.700000000000001]]]},"properties":{"source":"slicemap-v1","room":"project_20260905","importedAt":"2026-09-06T00:37:34.491Z","category":"furniture","kind":"block","area_m2":0.0325}},{"type":"Feature","geometry":{"type":"Polygon","coordinates":[[[5.800000000000001,8.700000000000001],[5.8500000000000005,8.700000000000001],[5.8500000000000005,8.75],[5.800000000000001,8.75],[5.800000000000001,8.700000000000001]]]},"properties":{"source":"slicemap-v1","room":"project_20260905","importedAt":"2026-09-06T00:37:34.491Z","category":"furniture","kind":"block","area_m2":0.0025}},{"type":"Feature","geometry":{"type":"Polygon","coordinates":[[[9.850000000000001,8.700000000000001],[9.950000000000001,8.700000000000001],[9.950000000000001,8.75],[9.850000000000001,8.75],[9.850000000000001,8.700000000000001]]]},"properties":{"source":"slicemap-v1","room":"project_20260905","importedAt":"2026-09-06T00:37:34.491Z","category":"furniture","kind":"block","area_m2":0.005}},{"type":"Feature","geometry":{"type":"Polygon","coordinates":[[[11.850000000000001,8.700000000000001],[11.9,8.700000000000001],[11.9,8.75],[11.850000000000001,8.75],[11.850000000000001,8.700000000000001]]]},"properties":{"source":"slicemap-v1","room":"project_20260905","importedAt":"2026-09-06T00:37:34.491Z","category":"furniture","kind":"block","area_m2":0.0025}},{"type":"Feature","geometry":{"type":"Polygon","coordinates":[[[12,8.700000000000001],[12.05,8.700000000000001],[12.05,8.75],[12,8.75],[12,8.700000000000001]]]},"properties":{"source":"slicemap-v1","room":"project_20260905","importedAt":"2026-09-06T00:37:34.491Z","category":"furniture","kind":"block","area_m2":0.0025}},{"type":"Feature","geometry":{"type":"Polygon","coordinates":[[[12.3,8.700000000000001],[12.350000000000001,8.700000000000001],[12.350000000000001,8.75],[12.3,8.75],[12.3,8.700000000000001]]]},"properties":{"source":"slicemap-v1","room":"project_20260905","importedAt":"2026-09-06T00:37:34.491Z","category":"furniture","kind":"block","area_m2":0.0025}},{"type":"Feature","geometry":{"type":"Polygon","coordinates":[[[3.45,8.75],[3.5,8.75],[3.5,8.8],[3.45,8.8],[3.45,8.75]]]},"properties":{"source":"slicemap-v1","room":"project_20260905","importedAt":"2026-09-06T00:37:34.491Z","category":"furniture","kind":"block","area_m2":0.0025}},{"type":"Feature","geometry":{"type":"Polygon","coordinates":[[[3.7,8.75],[3.85,8.75],[3.85,8.8],[3.7,8.8],[3.7,8.75]]]},"properties":{"source":"slicemap-v1","room":"project_20260905","importedAt":"2026-09-06T00:37:34.491Z","category":"furniture","kind":"block","area_m2":0.0075}},{"type":"Feature","geometry":{"type":"Polygon","coordinates":[[[4.9,8.75],[4.95,8.75],[4.95,8.8],[4.9,8.8],[4.9,8.75]]]},"properties":{"source":"slicemap-v1","room":"project_20260905","importedAt":"2026-09-06T00:37:34.491Z","category":"furniture","kind":"block","area_m2":0.0025}},{"type":"Feature","geometry":{"type":"Polygon","coordinates":[[[5.15,8.75],[5.2,8.75],[5.2,8.8],[5.15,8.8],[5.15,8.75]]]},"properties":{"source":"slicemap-v1","room":"project_20260905","importedAt":"2026-09-06T00:37:34.491Z","category":"furniture","kind":"block","area_m2":0.0025}},{"type":"Feature","geometry":{"type":"Polygon","coordinates":[[[5.25,8.75],[5.3500000000000005,8.75],[5.3500000000000005,8.8],[5.25,8.8],[5.25,8.75]]]},"properties":{"source":"slicemap-v1","room":"project_20260905","importedAt":"2026-09-06T00:37:34.491Z","category":"furniture","kind":"block","area_m2":0.005}},{"type":"Feature","geometry":{"type":"Polygon","coordinates":[[[7.75,8.75],[7.8500000000000005,8.75],[7.8500000000000005,8.8],[7.75,8.8],[7.75,8.75]]]},"properties":{"source":"slicemap-v1","room":"project_20260905","importedAt":"2026-09-06T00:37:34.491Z","category":"furniture","kind":"block","area_m2":0.005}},{"type":"Feature","geometry":{"type":"Polygon","coordinates":[[[8.15,8.75],[8.25,8.75],[8.25,8.8],[8.15,8.8],[8.15,8.75]]]},"properties":{"source":"slicemap-v1","room":"project_20260905","importedAt":"2026-09-06T00:37:34.491Z","category":"furniture","kind":"block","area_m2":0.005}},{"type":"Feature","geometry":{"type":"Polygon","coordinates":[[[8.25,8.75],[8.3,8.75],[8.3,8.8],[8.25,8.8],[8.25,8.75]]]},"properties":{"source":"slicemap-v1","room":"project_20260905","importedAt":"2026-09-06T00:37:34.491Z","category":"wall","kind":"block","area_m2":0.0025}},{"type":"Feature","geometry":{"type":"Polygon","coordinates":[[[9.9,8.75],[10,8.75],[10,8.8],[9.9,8.8],[9.9,8.75]]]},"properties":{"source":"slicemap-v1","room":"project_20260905","importedAt":"2026-09-06T00:37:34.491Z","category":"furniture","kind":"block","area_m2":0.005}},{"type":"Feature","geometry":{"type":"Polygon","coordinates":[[[11.75,8.75],[12.200000000000001,8.75],[12.200000000000001,8.8],[11.75,8.8],[11.75,8.75]]]},"properties":{"source":"slicemap-v1","room":"project_20260905","importedAt":"2026-09-06T00:37:34.491Z","category":"furniture","kind":"block","area_m2":0.0225}},{"type":"Feature","geometry":{"type":"Polygon","coordinates":[[[12.25,8.75],[12.350000000000001,8.75],[12.350000000000001,8.8],[12.25,8.8],[12.25,8.75]]]},"properties":{"source":"slicemap-v1","room":"project_20260905","importedAt":"2026-09-06T00:37:34.491Z","category":"furniture","kind":"block","area_m2":0.005}},{"type":"Feature","geometry":{"type":"Polygon","coordinates":[[[12.4,8.75],[12.450000000000001,8.75],[12.450000000000001,8.8],[12.4,8.8],[12.4,8.75]]]},"properties":{"source":"slicemap-v1","room":"project_20260905","importedAt":"2026-09-06T00:37:34.491Z","category":"furniture","kind":"block","area_m2":0.0025}},{"type":"Feature","geometry":{"type":"Polygon","coordinates":[[[3.4000000000000004,8.8],[3.45,8.8],[3.45,8.85],[3.4000000000000004,8.85],[3.4000000000000004,8.8]]]},"properties":{"source":"slicemap-v1","room":"project_20260905","importedAt":"2026-09-06T00:37:34.491Z","category":"furniture","kind":"block","area_m2":0.0025}},{"type":"Feature","geometry":{"type":"Polygon","coordinates":[[[3.6500000000000004,8.8],[3.8000000000000003,8.8],[3.8000000000000003,8.85],[3.6500000000000004,8.85],[3.6500000000000004,8.8]]]},"properties":{"source":"slicemap-v1","room":"project_20260905","importedAt":"2026-09-06T00:37:34.491Z","category":"furniture","kind":"block","area_m2":0.0075}},{"type":"Feature","geometry":{"type":"Polygon","coordinates":[[[7.800000000000001,8.8],[7.8500000000000005,8.8],[7.8500000000000005,8.85],[7.800000000000001,8.85],[7.800000000000001,8.8]]]},"properties":{"source":"slicemap-v1","room":"project_20260905","importedAt":"2026-09-06T00:37:34.491Z","category":"furniture","kind":"block","area_m2":0.0025}},{"type":"Feature","geometry":{"type":"Polygon","coordinates":[[[8.200000000000001,8.8],[8.3,8.8],[8.3,8.85],[8.200000000000001,8.85],[8.200000000000001,8.8]]]},"properties":{"source":"slicemap-v1","room":"project_20260905","importedAt":"2026-09-06T00:37:34.491Z","category":"wall","kind":"block","area_m2":0.005}},{"type":"Feature","geometry":{"type":"Polygon","coordinates":[[[9.950000000000001,8.8],[10.05,8.8],[10.05,8.85],[9.950000000000001,8.85],[9.950000000000001,8.8]]]},"properties":{"source":"slicemap-v1","room":"project_20260905","importedAt":"2026-09-06T00:37:34.491Z","category":"furniture","kind":"block","area_m2":0.005}},{"type":"Feature","geometry":{"type":"Polygon","coordinates":[[[10.100000000000001,8.8],[10.15,8.8],[10.15,8.85],[10.100000000000001,8.85],[10.100000000000001,8.8]]]},"properties":{"source":"slicemap-v1","room":"project_20260905","importedAt":"2026-09-06T00:37:34.491Z","category":"furniture","kind":"block","area_m2":0.0025}},{"type":"Feature","geometry":{"type":"Polygon","coordinates":[[[11.8,8.8],[11.850000000000001,8.8],[11.850000000000001,8.85],[11.8,8.85],[11.8,8.8]]]},"properties":{"source":"slicemap-v1","room":"project_20260905","importedAt":"2026-09-06T00:37:34.491Z","category":"furniture","kind":"block","area_m2":0.0025}},{"type":"Feature","geometry":{"type":"Polygon","coordinates":[[[12.15,8.8],[12.450000000000001,8.8],[12.450000000000001,8.85],[12.15,8.85],[12.15,8.8]]]},"properties":{"source":"slicemap-v1","room":"project_20260905","importedAt":"2026-09-06T00:37:34.491Z","category":"furniture","kind":"block","area_m2":0.015}},{"type":"Feature","geometry":{"type":"Polygon","coordinates":[[[3.45,8.85],[3.5,8.85],[3.5,8.9],[3.45,8.9],[3.45,8.85]]]},"properties":{"source":"slicemap-v1","room":"project_20260905","importedAt":"2026-09-06T00:37:34.491Z","category":"furniture","kind":"block","area_m2":0.0025}},{"type":"Feature","geometry":{"type":"Polygon","coordinates":[[[3.7,8.85],[3.75,8.85],[3.75,8.9],[3.7,8.9],[3.7,8.85]]]},"properties":{"source":"slicemap-v1","room":"project_20260905","importedAt":"2026-09-06T00:37:34.491Z","category":"furniture","kind":"block","area_m2":0.0025}},{"type":"Feature","geometry":{"type":"Polygon","coordinates":[[[4.55,8.85],[4.65,8.85],[4.65,8.9],[4.55,8.9],[4.55,8.85]]]},"properties":{"source":"slicemap-v1","room":"project_20260905","importedAt":"2026-09-06T00:37:34.491Z","category":"furniture","kind":"block","area_m2":0.005}},{"type":"Feature","geometry":{"type":"Polygon","coordinates":[[[7.75,8.85],[7.8500000000000005,8.85],[7.8500000000000005,8.9],[7.75,8.9],[7.75,8.85]]]},"properties":{"source":"slicemap-v1","room":"project_20260905","importedAt":"2026-09-06T00:37:34.491Z","category":"furniture","kind":"block","area_m2":0.005}},{"type":"Feature","geometry":{"type":"Polygon","coordinates":[[[8.200000000000001,8.85],[8.25,8.85],[8.25,8.9],[8.200000000000001,8.9],[8.200000000000001,8.85]]]},"properties":{"source":"slicemap-v1","room":"project_20260905","importedAt":"2026-09-06T00:37:34.491Z","category":"wall","kind":"block","area_m2":0.0025}},{"type":"Feature","geometry":{"type":"Polygon","coordinates":[[[9.950000000000001,8.85],[10.15,8.85],[10.15,8.950000000000001],[9.950000000000001,8.950000000000001],[9.950000000000001,8.85]]]},"properties":{"source":"slicemap-v1","room":"project_20260905","importedAt":"2026-09-06T00:37:34.491Z","category":"furniture","kind":"block","area_m2":0.02}},{"type":"Feature","geometry":{"type":"Polygon","coordinates":[[[12.25,8.85],[12.350000000000001,8.85],[12.350000000000001,8.9],[12.25,8.9],[12.25,8.85]]]},"properties":{"source":"slicemap-v1","room":"project_20260905","importedAt":"2026-09-06T00:37:34.491Z","category":"furniture","kind":"block","area_m2":0.005}},{"type":"Feature","geometry":{"type":"Polygon","coordinates":[[[3.4000000000000004,8.9],[3.5500000000000003,8.9],[3.5500000000000003,8.950000000000001],[3.4000000000000004,8.950000000000001],[3.4000000000000004,8.9]]]},"properties":{"source":"slicemap-v1","room":"project_20260905","importedAt":"2026-09-06T00:37:34.491Z","category":"furniture","kind":"block","area_m2":0.0075}},{"type":"Feature","geometry":{"type":"Polygon","coordinates":[[[4.5,8.9],[4.7,8.9],[4.7,8.950000000000001],[4.5,8.950000000000001],[4.5,8.9]]]},"properties":{"source":"slicemap-v1","room":"project_20260905","importedAt":"2026-09-06T00:37:34.491Z","category":"furniture","kind":"block","area_m2":0.01}},{"type":"Feature","geometry":{"type":"Polygon","coordinates":[[[7.800000000000001,8.9],[7.8500000000000005,8.9],[7.8500000000000005,8.950000000000001],[7.800000000000001,8.950000000000001],[7.800000000000001,8.9]]]},"properties":{"source":"slicemap-v1","room":"project_20260905","importedAt":"2026-09-06T00:37:34.491Z","category":"furniture","kind":"block","area_m2":0.0025}},{"type":"Feature","geometry":{"type":"Polygon","coordinates":[[[8.200000000000001,8.9],[8.3,8.9],[8.3,9],[8.200000000000001,9],[8.200000000000001,8.9]]]},"properties":{"source":"slicemap-v1","room":"project_20260905","importedAt":"2026-09-06T00:37:34.491Z","category":"wall","kind":"block","area_m2":0.01}},{"type":"Feature","geometry":{"type":"Polygon","coordinates":[[[10.200000000000001,8.9],[10.25,8.9],[10.25,8.950000000000001],[10.200000000000001,8.950000000000001],[10.200000000000001,8.9]]]},"properties":{"source":"slicemap-v1","room":"project_20260905","importedAt":"2026-09-06T00:37:34.491Z","category":"furniture","kind":"block","area_m2":0.0025}},{"type":"Feature","geometry":{"type":"Polygon","coordinates":[[[3.45,8.950000000000001],[3.5500000000000003,8.950000000000001],[3.5500000000000003,9],[3.45,9],[3.45,8.950000000000001]]]},"properties":{"source":"slicemap-v1","room":"project_20260905","importedAt":"2026-09-06T00:37:34.491Z","category":"furniture","kind":"block","area_m2":0.005}},{"type":"Feature","geometry":{"type":"Polygon","coordinates":[[[4.3500000000000005,8.950000000000001],[4.65,8.950000000000001],[4.65,9],[4.3500000000000005,9],[4.3500000000000005,8.950000000000001]]]},"properties":{"source":"slicemap-v1","room":"project_20260905","importedAt":"2026-09-06T00:37:34.491Z","category":"furniture","kind":"block","area_m2":0.015}},{"type":"Feature","geometry":{"type":"Polygon","coordinates":[[[9.9,8.950000000000001],[10.05,8.950000000000001],[10.05,9],[9.9,9],[9.9,8.950000000000001]]]},"properties":{"source":"slicemap-v1","room":"project_20260905","importedAt":"2026-09-06T00:37:34.491Z","category":"furniture","kind":"block","area_m2":0.0075}},{"type":"Feature","geometry":{"type":"Polygon","coordinates":[[[10.25,8.950000000000001],[10.3,8.950000000000001],[10.3,9],[10.25,9],[10.25,8.950000000000001]]]},"properties":{"source":"slicemap-v1","room":"project_20260905","importedAt":"2026-09-06T00:37:34.491Z","category":"furniture","kind":"block","area_m2":0.0025}},{"type":"Feature","geometry":{"type":"Polygon","coordinates":[[[3.5,9],[3.6,9],[3.6,9.05],[3.5,9.05],[3.5,9]]]},"properties":{"source":"slicemap-v1","room":"project_20260905","importedAt":"2026-09-06T00:37:34.491Z","category":"furniture","kind":"block","area_m2":0.005}},{"type":"Feature","geometry":{"type":"Polygon","coordinates":[[[4.3,9],[4.7,9],[4.7,9.05],[4.3,9.05],[4.3,9]]]},"properties":{"source":"slicemap-v1","room":"project_20260905","importedAt":"2026-09-06T00:37:34.491Z","category":"furniture","kind":"block","area_m2":0.02}},{"type":"Feature","geometry":{"type":"Polygon","coordinates":[[[7.800000000000001,9],[7.8500000000000005,9],[7.8500000000000005,9.05],[7.800000000000001,9.05],[7.800000000000001,9]]]},"properties":{"source":"slicemap-v1","room":"project_20260905","importedAt":"2026-09-06T00:37:34.491Z","category":"furniture","kind":"block","area_m2":0.0025}},{"type":"Feature","geometry":{"type":"Polygon","coordinates":[[[8.200000000000001,9],[8.25,9],[8.25,9.1],[8.200000000000001,9.1],[8.200000000000001,9]]]},"properties":{"source":"slicemap-v1","room":"project_20260905","importedAt":"2026-09-06T00:37:34.491Z","category":"wall","kind":"block","area_m2":0.005}},{"type":"Feature","geometry":{"type":"Polygon","coordinates":[[[9.9,9],[10,9],[10,9.05],[9.9,9.05],[9.9,9]]]},"properties":{"source":"slicemap-v1","room":"project_20260905","importedAt":"2026-09-06T00:37:34.491Z","category":"furniture","kind":"block","area_m2":0.005}},{"type":"Feature","geometry":{"type":"Polygon","coordinates":[[[3.45,9.05],[3.6500000000000004,9.05],[3.6500000000000004,9.15],[3.45,9.15],[3.45,9.05]]]},"properties":{"source":"slicemap-v1","room":"project_20260905","importedAt":"2026-09-06T00:37:34.491Z","category":"furniture","kind":"block","area_m2":0.02}},{"type":"Feature","geometry":{"type":"Polygon","coordinates":[[[4.15,9.05],[4.2,9.05],[4.2,9.1],[4.15,9.1],[4.15,9.05]]]},"properties":{"source":"slicemap-v1","room":"project_20260905","importedAt":"2026-09-06T00:37:34.491Z","category":"furniture","kind":"block","area_m2":0.0025}},{"type":"Feature","geometry":{"type":"Polygon","coordinates":[[[4.25,9.05],[4.75,9.05],[4.75,9.1],[4.25,9.1],[4.25,9.05]]]},"properties":{"source":"slicemap-v1","room":"project_20260905","importedAt":"2026-09-06T00:37:34.491Z","category":"furniture","kind":"block","area_m2":0.025}},{"type":"Feature","geometry":{"type":"Polygon","coordinates":[[[8.25,9.05],[8.3,9.05],[8.3,9.1],[8.25,9.1],[8.25,9.05]]]},"properties":{"source":"slicemap-v1","room":"project_20260905","importedAt":"2026-09-06T00:37:34.491Z","category":"furniture","kind":"block","area_m2":0.0025}},{"type":"Feature","geometry":{"type":"Polygon","coordinates":[[[9.850000000000001,9.05],[10,9.05],[10,9.15],[9.850000000000001,9.15],[9.850000000000001,9.05]]]},"properties":{"source":"slicemap-v1","room":"project_20260905","importedAt":"2026-09-06T00:37:34.491Z","category":"furniture","kind":"block","area_m2":0.015}},{"type":"Feature","geometry":{"type":"Polygon","coordinates":[[[3.85,9.1],[4,9.1],[4,9.15],[3.85,9.15],[3.85,9.1]]]},"properties":{"source":"slicemap-v1","room":"project_20260905","importedAt":"2026-09-06T00:37:34.491Z","category":"furniture","kind":"block","area_m2":0.0075}},{"type":"Feature","geometry":{"type":"Polygon","coordinates":[[[4.05,9.1],[4.2,9.1],[4.2,9.200000000000001],[4.05,9.200000000000001],[4.05,9.1]]]},"properties":{"source":"slicemap-v1","room":"project_20260905","importedAt":"2026-09-06T00:37:34.491Z","category":"furniture","kind":"block","area_m2":0.015}},{"type":"Feature","geometry":{"type":"Polygon","coordinates":[[[4.3,9.1],[4.800000000000001,9.1],[4.800000000000001,9.15],[4.3,9.15],[4.3,9.1]]]},"properties":{"source":"slicemap-v1","room":"project_20260905","importedAt":"2026-09-06T00:37:34.491Z","category":"furniture","kind":"block","area_m2":0.025}},{"type":"Feature","geometry":{"type":"Polygon","coordinates":[[[7.800000000000001,9.1],[7.8500000000000005,9.1],[7.8500000000000005,9.200000000000001],[7.800000000000001,9.200000000000001],[7.800000000000001,9.1]]]},"properties":{"source":"slicemap-v1","room":"project_20260905","importedAt":"2026-09-06T00:37:34.491Z","category":"furniture","kind":"block","area_m2":0.005}},{"type":"Feature","geometry":{"type":"Polygon","coordinates":[[[8.1,9.1],[8.15,9.1],[8.15,9.15],[8.1,9.15],[8.1,9.1]]]},"properties":{"source":"slicemap-v1","room":"project_20260905","importedAt":"2026-09-06T00:37:34.491Z","category":"furniture","kind":"block","area_m2":0.0025}},{"type":"Feature","geometry":{"type":"Polygon","coordinates":[[[8.200000000000001,9.1],[8.3,9.1],[8.3,9.15],[8.200000000000001,9.15],[8.200000000000001,9.1]]]},"properties":{"source":"slicemap-v1","room":"project_20260905","importedAt":"2026-09-06T00:37:34.491Z","category":"wall","kind":"block","area_m2":0.005}},{"type":"Feature","geometry":{"type":"Polygon","coordinates":[[[3.5,9.15],[3.6,9.15],[3.6,9.200000000000001],[3.5,9.200000000000001],[3.5,9.15]]]},"properties":{"source":"slicemap-v1","room":"project_20260905","importedAt":"2026-09-06T00:37:34.491Z","category":"furniture","kind":"block","area_m2":0.005}},{"type":"Feature","geometry":{"type":"Polygon","coordinates":[[[3.8000000000000003,9.15],[3.95,9.15],[3.95,9.200000000000001],[3.8000000000000003,9.200000000000001],[3.8000000000000003,9.15]]]},"properties":{"source":"slicemap-v1","room":"project_20260905","importedAt":"2026-09-06T00:37:34.491Z","category":"furniture","kind":"block","area_m2":0.0075}},{"type":"Feature","geometry":{"type":"Polygon","coordinates":[[[4.3,9.15],[4.75,9.15],[4.75,9.200000000000001],[4.3,9.200000000000001],[4.3,9.15]]]},"properties":{"source":"slicemap-v1","room":"project_20260905","importedAt":"2026-09-06T00:37:34.491Z","category":"furniture","kind":"block","area_m2":0.0225}},{"type":"Feature","geometry":{"type":"Polygon","coordinates":[[[8.05,9.15],[8.200000000000001,9.15],[8.200000000000001,9.200000000000001],[8.05,9.200000000000001],[8.05,9.15]]]},"properties":{"source":"slicemap-v1","room":"project_20260905","importedAt":"2026-09-06T00:37:34.491Z","category":"furniture","kind":"block","area_m2":0.0075}},{"type":"Feature","geometry":{"type":"Polygon","coordinates":[[[8.200000000000001,9.15],[8.25,9.15],[8.25,9.200000000000001],[8.200000000000001,9.200000000000001],[8.200000000000001,9.15]]]},"properties":{"source":"slicemap-v1","room":"project_20260905","importedAt":"2026-09-06T00:37:34.491Z","category":"wall","kind":"block","area_m2":0.0025}},{"type":"Feature","geometry":{"type":"Polygon","coordinates":[[[9.8,9.15],[9.950000000000001,9.15],[9.950000000000001,9.200000000000001],[9.8,9.200000000000001],[9.8,9.15]]]},"properties":{"source":"slicemap-v1","room":"project_20260905","importedAt":"2026-09-06T00:37:34.491Z","category":"furniture","kind":"block","area_m2":0.0075}},{"type":"Feature","geometry":{"type":"Polygon","coordinates":[[[9.950000000000001,9.15],[10,9.15],[10,9.25],[9.950000000000001,9.25],[9.950000000000001,9.15]]]},"properties":{"source":"slicemap-v1","room":"project_20260905","importedAt":"2026-09-06T00:37:34.491Z","category":"wall","kind":"block","area_m2":0.005}},{"type":"Feature","geometry":{"type":"Polygon","coordinates":[[[3.45,9.200000000000001],[3.5500000000000003,9.200000000000001],[3.5500000000000003,9.25],[3.45,9.25],[3.45,9.200000000000001]]]},"properties":{"source":"slicemap-v1","room":"project_20260905","importedAt":"2026-09-06T00:37:34.491Z","category":"furniture","kind":"block","area_m2":0.005}},{"type":"Feature","geometry":{"type":"Polygon","coordinates":[[[3.8000000000000003,9.200000000000001],[3.9000000000000004,9.200000000000001],[3.9000000000000004,9.25],[3.8000000000000003,9.25],[3.8000000000000003,9.200000000000001]]]},"properties":{"source":"slicemap-v1","room":"project_20260905","importedAt":"2026-09-06T00:37:34.491Z","category":"furniture","kind":"block","area_m2":0.005}},{"type":"Feature","geometry":{"type":"Polygon","coordinates":[[[4.15,9.200000000000001],[4.75,9.200000000000001],[4.75,9.25],[4.15,9.25],[4.15,9.200000000000001]]]},"properties":{"source":"slicemap-v1","room":"project_20260905","importedAt":"2026-09-06T00:37:34.491Z","category":"furniture","kind":"block","area_m2":0.03}},{"type":"Feature","geometry":{"type":"Polygon","coordinates":[[[7.800000000000001,9.200000000000001],[7.9,9.200000000000001],[7.9,9.25],[7.800000000000001,9.25],[7.800000000000001,9.200000000000001]]]},"properties":{"source":"slicemap-v1","room":"project_20260905","importedAt":"2026-09-06T00:37:34.491Z","category":"furniture","kind":"block","area_m2":0.005}},{"type":"Feature","geometry":{"type":"Polygon","coordinates":[[[8,9.200000000000001],[8.25,9.200000000000001],[8.25,9.25],[8,9.25],[8,9.200000000000001]]]},"properties":{"source":"slicemap-v1","room":"project_20260905","importedAt":"2026-09-06T00:37:34.491Z","category":"furniture","kind":"block","area_m2":0.0125}},{"type":"Feature","geometry":{"type":"Polygon","coordinates":[[[9.850000000000001,9.200000000000001],[9.9,9.200000000000001],[9.9,9.25],[9.850000000000001,9.25],[9.850000000000001,9.200000000000001]]]},"properties":{"source":"slicemap-v1","room":"project_20260905","importedAt":"2026-09-06T00:37:34.491Z","category":"wall","kind":"block","area_m2":0.0025}},{"type":"Feature","geometry":{"type":"Polygon","coordinates":[[[9.9,9.200000000000001],[9.950000000000001,9.200000000000001],[9.950000000000001,9.25],[9.9,9.25],[9.9,9.200000000000001]]]},"properties":{"source":"slicemap-v1","room":"project_20260905","importedAt":"2026-09-06T00:37:34.491Z","category":"furniture","kind":"block","area_m2":0.0025}},{"type":"Feature","geometry":{"type":"Polygon","coordinates":[[[3.8000000000000003,9.25],[3.85,9.25],[3.85,9.3],[3.8000000000000003,9.3],[3.8000000000000003,9.25]]]},"properties":{"source":"slicemap-v1","room":"project_20260905","importedAt":"2026-09-06T00:37:34.491Z","category":"furniture","kind":"block","area_m2":0.0025}},{"type":"Feature","geometry":{"type":"Polygon","coordinates":[[[4.15,9.25],[4.25,9.25],[4.25,9.3],[4.15,9.3],[4.15,9.25]]]},"properties":{"source":"slicemap-v1","room":"project_20260905","importedAt":"2026-09-06T00:37:34.491Z","category":"furniture","kind":"block","area_m2":0.005}},{"type":"Feature","geometry":{"type":"Polygon","coordinates":[[[4.3,9.25],[4.75,9.25],[4.75,9.3],[4.3,9.3],[4.3,9.25]]]},"properties":{"source":"slicemap-v1","room":"project_20260905","importedAt":"2026-09-06T00:37:34.491Z","category":"furniture","kind":"block","area_m2":0.0225}},{"type":"Feature","geometry":{"type":"Polygon","coordinates":[[[7.800000000000001,9.25],[7.95,9.25],[7.95,9.35],[7.800000000000001,9.35],[7.800000000000001,9.25]]]},"properties":{"source":"slicemap-v1","room":"project_20260905","importedAt":"2026-09-06T00:37:34.491Z","category":"furniture","kind":"block","area_m2":0.015}},{"type":"Feature","geometry":{"type":"Polygon","coordinates":[[[8,9.25],[8.05,9.25],[8.05,9.3],[8,9.3],[8,9.25]]]},"properties":{"source":"slicemap-v1","room":"project_20260905","importedAt":"2026-09-06T00:37:34.491Z","category":"furniture","kind":"block","area_m2":0.0025}},{"type":"Feature","geometry":{"type":"Polygon","coordinates":[[[9.9,9.25],[10.05,9.25],[10.05,9.3],[9.9,9.3],[9.9,9.25]]]},"properties":{"source":"slicemap-v1","room":"project_20260905","importedAt":"2026-09-06T00:37:34.491Z","category":"furniture","kind":"block","area_m2":0.0075}},{"type":"Feature","geometry":{"type":"Polygon","coordinates":[[[3.75,9.3],[3.8000000000000003,9.3],[3.8000000000000003,9.35],[3.75,9.35],[3.75,9.3]]]},"properties":{"source":"slicemap-v1","room":"project_20260905","importedAt":"2026-09-06T00:37:34.491Z","category":"furniture","kind":"block","area_m2":0.0025}},{"type":"Feature","geometry":{"type":"Polygon","coordinates":[[[4.15,9.3],[4.75,9.3],[4.75,9.35],[4.15,9.35],[4.15,9.3]]]},"properties":{"source":"slicemap-v1","room":"project_20260905","importedAt":"2026-09-06T00:37:34.491Z","category":"furniture","kind":"block","area_m2":0.03}},{"type":"Feature","geometry":{"type":"Polygon","coordinates":[[[8.25,9.3],[8.35,9.3],[8.35,9.35],[8.25,9.35],[8.25,9.3]]]},"properties":{"source":"slicemap-v1","room":"project_20260905","importedAt":"2026-09-06T00:37:34.491Z","category":"wall","kind":"block","area_m2":0.005}},{"type":"Feature","geometry":{"type":"Polygon","coordinates":[[[10.05,9.3],[10.100000000000001,9.3],[10.100000000000001,9.35],[10.05,9.35],[10.05,9.3]]]},"properties":{"source":"slicemap-v1","room":"project_20260905","importedAt":"2026-09-06T00:37:34.491Z","category":"furniture","kind":"block","area_m2":0.0025}},{"type":"Feature","geometry":{"type":"Polygon","coordinates":[[[3.45,9.35],[3.5,9.35],[3.5,9.4],[3.45,9.4],[3.45,9.35]]]},"properties":{"source":"slicemap-v1","room":"project_20260905","importedAt":"2026-09-06T00:37:34.491Z","category":"wall","kind":"block","area_m2":0.0025}},{"type":"Feature","geometry":{"type":"Polygon","coordinates":[[[3.5500000000000003,9.35],[3.75,9.35],[3.75,9.4],[3.5500000000000003,9.4],[3.5500000000000003,9.35]]]},"properties":{"source":"slicemap-v1","room":"project_20260905","importedAt":"2026-09-06T00:37:34.491Z","category":"furniture","kind":"block","area_m2":0.01}},{"type":"Feature","geometry":{"type":"Polygon","coordinates":[[[4.2,9.35],[4.3,9.35],[4.3,9.4],[4.2,9.4],[4.2,9.35]]]},"properties":{"source":"slicemap-v1","room":"project_20260905","importedAt":"2026-09-06T00:37:34.491Z","category":"furniture","kind":"block","area_m2":0.005}},{"type":"Feature","geometry":{"type":"Polygon","coordinates":[[[4.4,9.35],[4.45,9.35],[4.45,9.4],[4.4,9.4],[4.4,9.35]]]},"properties":{"source":"slicemap-v1","room":"project_20260905","importedAt":"2026-09-06T00:37:34.491Z","category":"furniture","kind":"block","area_m2":0.0025}},{"type":"Feature","geometry":{"type":"Polygon","coordinates":[[[4.6000000000000005,9.35],[4.75,9.35],[4.75,9.4],[4.6000000000000005,9.4],[4.6000000000000005,9.35]]]},"properties":{"source":"slicemap-v1","room":"project_20260905","importedAt":"2026-09-06T00:37:34.491Z","category":"furniture","kind":"block","area_m2":0.0075}},{"type":"Feature","geometry":{"type":"Polygon","coordinates":[[[7.8500000000000005,9.35],[7.95,9.35],[7.95,9.4],[7.8500000000000005,9.4],[7.8500000000000005,9.35]]]},"properties":{"source":"slicemap-v1","room":"project_20260905","importedAt":"2026-09-06T00:37:34.491Z","category":"furniture","kind":"block","area_m2":0.005}},{"type":"Feature","geometry":{"type":"Polygon","coordinates":[[[7.95,9.35],[8,9.35],[8,9.450000000000001],[7.95,9.450000000000001],[7.95,9.35]]]},"properties":{"source":"slicemap-v1","room":"project_20260905","importedAt":"2026-09-06T00:37:34.491Z","category":"wall","kind":"block","area_m2":0.005}},{"type":"Feature","geometry":{"type":"Polygon","coordinates":[[[8,9.35],[8.05,9.35],[8.05,9.4],[8,9.4],[8,9.35]]]},"properties":{"source":"slicemap-v1","room":"project_20260905","importedAt":"2026-09-06T00:37:34.491Z","category":"furniture","kind":"block","area_m2":0.0025}},{"type":"Feature","geometry":{"type":"Polygon","coordinates":[[[8.05,9.35],[8.450000000000001,9.35],[8.450000000000001,9.4],[8.05,9.4],[8.05,9.35]]]},"properties":{"source":"slicemap-v1","room":"project_20260905","importedAt":"2026-09-06T00:37:34.491Z","category":"wall","kind":"block","area_m2":0.02}},{"type":"Feature","geometry":{"type":"Polygon","coordinates":[[[3.4000000000000004,9.4],[3.5,9.4],[3.5,9.450000000000001],[3.4000000000000004,9.450000000000001],[3.4000000000000004,9.4]]]},"properties":{"source":"slicemap-v1","room":"project_20260905","importedAt":"2026-09-06T00:37:34.491Z","category":"wall","kind":"block","area_m2":0.005}},{"type":"Feature","geometry":{"type":"Polygon","coordinates":[[[3.5,9.4],[3.7,9.4],[3.7,9.450000000000001],[3.5,9.450000000000001],[3.5,9.4]]]},"properties":{"source":"slicemap-v1","room":"project_20260905","importedAt":"2026-09-06T00:37:34.491Z","category":"furniture","kind":"block","area_m2":0.01}},{"type":"Feature","geometry":{"type":"Polygon","coordinates":[[[4.25,9.4],[4.3500000000000005,9.4],[4.3500000000000005,9.450000000000001],[4.25,9.450000000000001],[4.25,9.4]]]},"properties":{"source":"slicemap-v1","room":"project_20260905","importedAt":"2026-09-06T00:37:34.491Z","category":"furniture","kind":"block","area_m2":0.005}},{"type":"Feature","geometry":{"type":"Polygon","coordinates":[[[4.6000000000000005,9.4],[4.65,9.4],[4.65,9.450000000000001],[4.6000000000000005,9.450000000000001],[4.6000000000000005,9.4]]]},"properties":{"source":"slicemap-v1","room":"project_20260905","importedAt":"2026-09-06T00:37:34.491Z","category":"furniture","kind":"block","area_m2":0.0025}},{"type":"Feature","geometry":{"type":"Polygon","coordinates":[[[8.1,9.4],[8.200000000000001,9.4],[8.200000000000001,9.450000000000001],[8.1,9.450000000000001],[8.1,9.4]]]},"properties":{"source":"slicemap-v1","room":"project_20260905","importedAt":"2026-09-06T00:37:34.491Z","category":"wall","kind":"block","area_m2":0.005}},{"type":"Feature","geometry":{"type":"Polygon","coordinates":[[[8.35,9.4],[8.4,9.4],[8.4,9.5],[8.35,9.5],[8.35,9.4]]]},"properties":{"source":"slicemap-v1","room":"project_20260905","importedAt":"2026-09-06T00:37:34.491Z","category":"wall","kind":"block","area_m2":0.005}},{"type":"Feature","geometry":{"type":"Polygon","coordinates":[[[8.4,9.4],[8.450000000000001,9.4],[8.450000000000001,9.5],[8.4,9.5],[8.4,9.4]]]},"properties":{"source":"slicemap-v1","room":"project_20260905","importedAt":"2026-09-06T00:37:34.491Z","category":"furniture","kind":"block","area_m2":0.005}},{"type":"Feature","geometry":{"type":"Polygon","coordinates":[[[10.05,9.4],[10.200000000000001,9.4],[10.200000000000001,9.450000000000001],[10.05,9.450000000000001],[10.05,9.4]]]},"properties":{"source":"slicemap-v1","room":"project_20260905","importedAt":"2026-09-06T00:37:34.491Z","category":"furniture","kind":"block","area_m2":0.0075}},{"type":"Feature","geometry":{"type":"Polygon","coordinates":[[[3.45,9.450000000000001],[3.5,9.450000000000001],[3.5,9.5],[3.45,9.5],[3.45,9.450000000000001]]]},"properties":{"source":"slicemap-v1","room":"project_20260905","importedAt":"2026-09-06T00:37:34.491Z","category":"wall","kind":"block","area_m2":0.0025}},{"type":"Feature","geometry":{"type":"Polygon","coordinates":[[[3.5500000000000003,9.450000000000001],[3.6,9.450000000000001],[3.6,9.5],[3.5500000000000003,9.5],[3.5500000000000003,9.450000000000001]]]},"properties":{"source":"slicemap-v1","room":"project_20260905","importedAt":"2026-09-06T00:37:34.491Z","category":"furniture","kind":"block","area_m2":0.0025}},{"type":"Feature","geometry":{"type":"Polygon","coordinates":[[[4.25,9.450000000000001],[4.3,9.450000000000001],[4.3,9.5],[4.25,9.5],[4.25,9.450000000000001]]]},"properties":{"source":"slicemap-v1","room":"project_20260905","importedAt":"2026-09-06T00:37:34.491Z","category":"furniture","kind":"block","area_m2":0.0025}},{"type":"Feature","geometry":{"type":"Polygon","coordinates":[[[4.800000000000001,9.450000000000001],[4.8500000000000005,9.450000000000001],[4.8500000000000005,9.5],[4.800000000000001,9.5],[4.800000000000001,9.450000000000001]]]},"properties":{"source":"slicemap-v1","room":"project_20260905","importedAt":"2026-09-06T00:37:34.491Z","category":"furniture","kind":"block","area_m2":0.0025}},{"type":"Feature","geometry":{"type":"Polygon","coordinates":[[[10.100000000000001,9.450000000000001],[10.25,9.450000000000001],[10.25,9.5],[10.100000000000001,9.5],[10.100000000000001,9.450000000000001]]]},"properties":{"source":"slicemap-v1","room":"project_20260905","importedAt":"2026-09-06T00:37:34.491Z","category":"furniture","kind":"block","area_m2":0.0075}},{"type":"Feature","geometry":{"type":"Polygon","coordinates":[[[4.3,9.5],[4.3500000000000005,9.5],[4.3500000000000005,9.55],[4.3,9.55],[4.3,9.5]]]},"properties":{"source":"slicemap-v1","room":"project_20260905","importedAt":"2026-09-06T00:37:34.491Z","category":"furniture","kind":"block","area_m2":0.0025}},{"type":"Feature","geometry":{"type":"Polygon","coordinates":[[[4.45,9.5],[4.65,9.5],[4.65,9.55],[4.45,9.55],[4.45,9.5]]]},"properties":{"source":"slicemap-v1","room":"project_20260905","importedAt":"2026-09-06T00:37:34.491Z","category":"furniture","kind":"block","area_m2":0.01}},{"type":"Feature","geometry":{"type":"Polygon","coordinates":[[[8.35,9.5],[8.450000000000001,9.5],[8.450000000000001,9.55],[8.35,9.55],[8.35,9.5]]]},"properties":{"source":"slicemap-v1","room":"project_20260905","importedAt":"2026-09-06T00:37:34.491Z","category":"wall","kind":"block","area_m2":0.005}},{"type":"Feature","geometry":{"type":"Polygon","coordinates":[[[8.450000000000001,9.5],[8.5,9.5],[8.5,9.55],[8.450000000000001,9.55],[8.450000000000001,9.5]]]},"properties":{"source":"slicemap-v1","room":"project_20260905","importedAt":"2026-09-06T00:37:34.491Z","category":"furniture","kind":"block","area_m2":0.0025}},{"type":"Feature","geometry":{"type":"Polygon","coordinates":[[[10.100000000000001,9.5],[10.350000000000001,9.5],[10.350000000000001,9.55],[10.100000000000001,9.55],[10.100000000000001,9.5]]]},"properties":{"source":"slicemap-v1","room":"project_20260905","importedAt":"2026-09-06T00:37:34.491Z","category":"furniture","kind":"block","area_m2":0.0125}},{"type":"Feature","geometry":{"type":"Polygon","coordinates":[[[10.4,9.5],[10.5,9.5],[10.5,9.55],[10.4,9.55],[10.4,9.5]]]},"properties":{"source":"slicemap-v1","room":"project_20260905","importedAt":"2026-09-06T00:37:34.491Z","category":"furniture","kind":"block","area_m2":0.005}},{"type":"Feature","geometry":{"type":"Polygon","coordinates":[[[4.25,9.55],[4.7,9.55],[4.7,9.600000000000001],[4.25,9.600000000000001],[4.25,9.55]]]},"properties":{"source":"slicemap-v1","room":"project_20260905","importedAt":"2026-09-06T00:37:34.491Z","category":"furniture","kind":"block","area_m2":0.0225}},{"type":"Feature","geometry":{"type":"Polygon","coordinates":[[[8.4,9.55],[8.55,9.55],[8.55,9.600000000000001],[8.4,9.600000000000001],[8.4,9.55]]]},"properties":{"source":"slicemap-v1","room":"project_20260905","importedAt":"2026-09-06T00:37:34.491Z","category":"wall","kind":"block","area_m2":0.0075}},{"type":"Feature","geometry":{"type":"Polygon","coordinates":[[[10.15,9.55],[10.200000000000001,9.55],[10.200000000000001,9.600000000000001],[10.15,9.600000000000001],[10.15,9.55]]]},"properties":{"source":"slicemap-v1","room":"project_20260905","importedAt":"2026-09-06T00:37:34.491Z","category":"furniture","kind":"block","area_m2":0.0025}},{"type":"Feature","geometry":{"type":"Polygon","coordinates":[[[10.25,9.55],[10.55,9.55],[10.55,9.600000000000001],[10.25,9.600000000000001],[10.25,9.55]]]},"properties":{"source":"slicemap-v1","room":"project_20260905","importedAt":"2026-09-06T00:37:34.491Z","category":"furniture","kind":"block","area_m2":0.015}},{"type":"Feature","geometry":{"type":"Polygon","coordinates":[[[4.3,9.600000000000001],[4.4,9.600000000000001],[4.4,9.65],[4.3,9.65],[4.3,9.600000000000001]]]},"properties":{"source":"slicemap-v1","room":"project_20260905","importedAt":"2026-09-06T00:37:34.491Z","category":"furniture","kind":"block","area_m2":0.005}},{"type":"Feature","geometry":{"type":"Polygon","coordinates":[[[4.45,9.600000000000001],[4.55,9.600000000000001],[4.55,9.65],[4.45,9.65],[4.45,9.600000000000001]]]},"properties":{"source":"slicemap-v1","room":"project_20260905","importedAt":"2026-09-06T00:37:34.491Z","category":"furniture","kind":"block","area_m2":0.005}},{"type":"Feature","geometry":{"type":"Polygon","coordinates":[[[8.35,9.600000000000001],[8.4,9.600000000000001],[8.4,9.65],[8.35,9.65],[8.35,9.600000000000001]]]},"properties":{"source":"slicemap-v1","room":"project_20260905","importedAt":"2026-09-06T00:37:34.491Z","category":"furniture","kind":"block","area_m2":0.0025}},{"type":"Feature","geometry":{"type":"Polygon","coordinates":[[[8.4,9.600000000000001],[8.5,9.600000000000001],[8.5,9.65],[8.4,9.65],[8.4,9.600000000000001]]]},"properties":{"source":"slicemap-v1","room":"project_20260905","importedAt":"2026-09-06T00:37:34.491Z","category":"wall","kind":"block","area_m2":0.005}},{"type":"Feature","geometry":{"type":"Polygon","coordinates":[[[10.100000000000001,9.600000000000001],[10.25,9.600000000000001],[10.25,9.65],[10.100000000000001,9.65],[10.100000000000001,9.600000000000001]]]},"properties":{"source":"slicemap-v1","room":"project_20260905","importedAt":"2026-09-06T00:37:34.491Z","category":"furniture","kind":"block","area_m2":0.0075}},{"type":"Feature","geometry":{"type":"Polygon","coordinates":[[[10.3,9.600000000000001],[10.350000000000001,9.600000000000001],[10.350000000000001,9.65],[10.3,9.65],[10.3,9.600000000000001]]]},"properties":{"source":"slicemap-v1","room":"project_20260905","importedAt":"2026-09-06T00:37:34.491Z","category":"furniture","kind":"block","area_m2":0.0025}},{"type":"Feature","geometry":{"type":"Polygon","coordinates":[[[10.4,9.600000000000001],[10.450000000000001,9.600000000000001],[10.450000000000001,9.65],[10.4,9.65],[10.4,9.600000000000001]]]},"properties":{"source":"slicemap-v1","room":"project_20260905","importedAt":"2026-09-06T00:37:34.491Z","category":"furniture","kind":"block","area_m2":0.0025}},{"type":"Feature","geometry":{"type":"Polygon","coordinates":[[[4.3,9.65],[4.3500000000000005,9.65],[4.3500000000000005,9.700000000000001],[4.3,9.700000000000001],[4.3,9.65]]]},"properties":{"source":"slicemap-v1","room":"project_20260905","importedAt":"2026-09-06T00:37:34.491Z","category":"furniture","kind":"block","area_m2":0.0025}},{"type":"Feature","geometry":{"type":"Polygon","coordinates":[[[4.45,9.65],[4.5,9.65],[4.5,9.700000000000001],[4.45,9.700000000000001],[4.45,9.65]]]},"properties":{"source":"slicemap-v1","room":"project_20260905","importedAt":"2026-09-06T00:37:34.491Z","category":"furniture","kind":"block","area_m2":0.0025}},{"type":"Feature","geometry":{"type":"Polygon","coordinates":[[[8.25,9.65],[8.450000000000001,9.65],[8.450000000000001,9.700000000000001],[8.25,9.700000000000001],[8.25,9.65]]]},"properties":{"source":"slicemap-v1","room":"project_20260905","importedAt":"2026-09-06T00:37:34.491Z","category":"wall","kind":"block","area_m2":0.01}},{"type":"Feature","geometry":{"type":"Polygon","coordinates":[[[10.100000000000001,9.65],[10.15,9.65],[10.15,9.700000000000001],[10.100000000000001,9.700000000000001],[10.100000000000001,9.65]]]},"properties":{"source":"slicemap-v1","room":"project_20260905","importedAt":"2026-09-06T00:37:34.491Z","category":"furniture","kind":"block","area_m2":0.0025}},{"type":"Feature","geometry":{"type":"Polygon","coordinates":[[[4.3,9.700000000000001],[4.4,9.700000000000001],[4.4,9.75],[4.3,9.75],[4.3,9.700000000000001]]]},"properties":{"source":"slicemap-v1","room":"project_20260905","importedAt":"2026-09-06T00:37:34.491Z","category":"furniture","kind":"block","area_m2":0.005}},{"type":"Feature","geometry":{"type":"Polygon","coordinates":[[[7.050000000000001,9.700000000000001],[7.25,9.700000000000001],[7.25,9.75],[7.050000000000001,9.75],[7.050000000000001,9.700000000000001]]]},"properties":{"source":"slicemap-v1","room":"project_20260905","importedAt":"2026-09-06T00:37:34.491Z","category":"wall","kind":"block","area_m2":0.01}},{"type":"Feature","geometry":{"type":"Polygon","coordinates":[[[8.05,9.700000000000001],[8.25,9.700000000000001],[8.25,9.75],[8.05,9.75],[8.05,9.700000000000001]]]},"properties":{"source":"slicemap-v1","room":"project_20260905","importedAt":"2026-09-06T00:37:34.491Z","category":"wall","kind":"block","area_m2":0.01}},{"type":"Feature","geometry":{"type":"Polygon","coordinates":[[[10,9.700000000000001],[10.100000000000001,9.700000000000001],[10.100000000000001,9.75],[10,9.75],[10,9.700000000000001]]]},"properties":{"source":"slicemap-v1","room":"project_20260905","importedAt":"2026-09-06T00:37:34.491Z","category":"furniture","kind":"block","area_m2":0.005}},{"type":"Feature","geometry":{"type":"Polygon","coordinates":[[[4.3,9.75],[4.3500000000000005,9.75],[4.3500000000000005,9.8],[4.3,9.8],[4.3,9.75]]]},"properties":{"source":"slicemap-v1","room":"project_20260905","importedAt":"2026-09-06T00:37:34.491Z","category":"furniture","kind":"block","area_m2":0.0025}},{"type":"Feature","geometry":{"type":"Polygon","coordinates":[[[6.9,9.75],[7.050000000000001,9.75],[7.050000000000001,9.850000000000001],[6.9,9.850000000000001],[6.9,9.75]]]},"properties":{"source":"slicemap-v1","room":"project_20260905","importedAt":"2026-09-06T00:37:34.491Z","category":"furniture","kind":"block","area_m2":0.015}},{"type":"Feature","geometry":{"type":"Polygon","coordinates":[[[7.050000000000001,9.75],[7.1000000000000005,9.75],[7.1000000000000005,9.8],[7.050000000000001,9.8],[7.050000000000001,9.75]]]},"properties":{"source":"slicemap-v1","room":"project_20260905","importedAt":"2026-09-06T00:37:34.491Z","category":"wall","kind":"block","area_m2":0.0025}},{"type":"Feature","geometry":{"type":"Polygon","coordinates":[[[7.8500000000000005,9.75],[8.1,9.75],[8.1,9.8],[7.8500000000000005,9.8],[7.8500000000000005,9.75]]]},"properties":{"source":"slicemap-v1","room":"project_20260905","importedAt":"2026-09-06T00:37:34.491Z","category":"wall","kind":"block","area_m2":0.0125}},{"type":"Feature","geometry":{"type":"Polygon","coordinates":[[[10,9.75],[10.05,9.75],[10.05,9.8],[10,9.8],[10,9.75]]]},"properties":{"source":"slicemap-v1","room":"project_20260905","importedAt":"2026-09-06T00:37:34.491Z","category":"furniture","kind":"block","area_m2":0.0025}},{"type":"Feature","geometry":{"type":"Polygon","coordinates":[[[7.7,9.8],[7.8500000000000005,9.8],[7.8500000000000005,9.850000000000001],[7.7,9.850000000000001],[7.7,9.8]]]},"properties":{"source":"slicemap-v1","room":"project_20260905","importedAt":"2026-09-06T00:37:34.491Z","category":"wall","kind":"block","area_m2":0.0075}},{"type":"Feature","geometry":{"type":"Polygon","coordinates":[[[9.950000000000001,9.8],[10.05,9.8],[10.05,9.9],[9.950000000000001,9.9],[9.950000000000001,9.8]]]},"properties":{"source":"slicemap-v1","room":"project_20260905","importedAt":"2026-09-06T00:37:34.491Z","category":"furniture","kind":"block","area_m2":0.01}},{"type":"Feature","geometry":{"type":"Polygon","coordinates":[[[6.95,9.850000000000001],[7.050000000000001,9.850000000000001],[7.050000000000001,9.9],[6.95,9.9],[6.95,9.850000000000001]]]},"properties":{"source":"slicemap-v1","room":"project_20260905","importedAt":"2026-09-06T00:37:34.491Z","category":"furniture","kind":"block","area_m2":0.005}},{"type":"Feature","geometry":{"type":"Polygon","coordinates":[[[7.5,9.850000000000001],[7.7,9.850000000000001],[7.7,9.9],[7.5,9.9],[7.5,9.850000000000001]]]},"properties":{"source":"slicemap-v1","room":"project_20260905","importedAt":"2026-09-06T00:37:34.491Z","category":"wall","kind":"block","area_m2":0.01}},{"type":"Feature","geometry":{"type":"Polygon","coordinates":[[[6.95,9.9],[7,9.9],[7,10],[6.95,10],[6.95,9.9]]]},"properties":{"source":"slicemap-v1","room":"project_20260905","importedAt":"2026-09-06T00:37:34.491Z","category":"furniture","kind":"block","area_m2":0.005}},{"type":"Feature","geometry":{"type":"Polygon","coordinates":[[[7.2,9.9],[7.300000000000001,9.9],[7.300000000000001,9.950000000000001],[7.2,9.950000000000001],[7.2,9.9]]]},"properties":{"source":"slicemap-v1","room":"project_20260905","importedAt":"2026-09-06T00:37:34.491Z","category":"furniture","kind":"block","area_m2":0.005}},{"type":"Feature","geometry":{"type":"Polygon","coordinates":[[[7.4,9.9],[7.6000000000000005,9.9],[7.6000000000000005,9.950000000000001],[7.4,9.950000000000001],[7.4,9.9]]]},"properties":{"source":"slicemap-v1","room":"project_20260905","importedAt":"2026-09-06T00:37:34.491Z","category":"wall","kind":"block","area_m2":0.01}},{"type":"Feature","geometry":{"type":"Polygon","coordinates":[[[10,9.9],[10.05,9.9],[10.05,9.950000000000001],[10,9.950000000000001],[10,9.9]]]},"properties":{"source":"slicemap-v1","room":"project_20260905","importedAt":"2026-09-06T00:37:34.491Z","category":"furniture","kind":"block","area_m2":0.0025}},{"type":"Feature","geometry":{"type":"Polygon","coordinates":[[[7.25,9.950000000000001],[7.45,9.950000000000001],[7.45,10],[7.25,10],[7.25,9.950000000000001]]]},"properties":{"source":"slicemap-v1","room":"project_20260905","importedAt":"2026-09-06T00:37:34.491Z","category":"wall","kind":"block","area_m2":0.01}},{"type":"Feature","geometry":{"type":"Polygon","coordinates":[[[10,9.950000000000001],[10.100000000000001,9.950000000000001],[10.100000000000001,10.05],[10,10.05],[10,9.950000000000001]]]},"properties":{"source":"slicemap-v1","room":"project_20260905","importedAt":"2026-09-06T00:37:34.491Z","category":"furniture","kind":"block","area_m2":0.01}},{"type":"Feature","geometry":{"type":"Polygon","coordinates":[[[7.25,10],[7.300000000000001,10],[7.300000000000001,10.05],[7.25,10.05],[7.25,10]]]},"properties":{"source":"slicemap-v1","room":"project_20260905","importedAt":"2026-09-06T00:37:34.491Z","category":"wall","kind":"block","area_m2":0.0025}},{"type":"Feature","geometry":{"type":"Polygon","coordinates":[[[7.300000000000001,10],[7.4,10],[7.4,10.05],[7.300000000000001,10.05],[7.300000000000001,10]]]},"properties":{"source":"slicemap-v1","room":"project_20260905","importedAt":"2026-09-06T00:37:34.491Z","category":"furniture","kind":"block","area_m2":0.005}},{"type":"Feature","geometry":{"type":"Polygon","coordinates":[[[6.95,10.05],[7,10.05],[7,10.100000000000001],[6.95,10.100000000000001],[6.95,10.05]]]},"properties":{"source":"slicemap-v1","room":"project_20260905","importedAt":"2026-09-06T00:37:34.491Z","category":"wall","kind":"block","area_m2":0.0025}},{"type":"Feature","geometry":{"type":"Polygon","coordinates":[[[10.05,10.05],[10.15,10.05],[10.15,10.100000000000001],[10.05,10.100000000000001],[10.05,10.05]]]},"properties":{"source":"slicemap-v1","room":"project_20260905","importedAt":"2026-09-06T00:37:34.491Z","category":"furniture","kind":"block","area_m2":0.005}},{"type":"Feature","geometry":{"type":"Polygon","coordinates":[[[6.95,10.100000000000001],[7.050000000000001,10.100000000000001],[7.050000000000001,10.25],[6.95,10.25],[6.95,10.100000000000001]]]},"properties":{"source":"slicemap-v1","room":"project_20260905","importedAt":"2026-09-06T00:37:34.491Z","category":"furniture","kind":"block","area_m2":0.015}},{"type":"Feature","geometry":{"type":"Polygon","coordinates":[[[10.100000000000001,10.100000000000001],[10.15,10.100000000000001],[10.15,10.15],[10.100000000000001,10.15],[10.100000000000001,10.100000000000001]]]},"properties":{"source":"slicemap-v1","room":"project_20260905","importedAt":"2026-09-06T00:37:34.491Z","category":"furniture","kind":"block","area_m2":0.0025}},{"type":"Feature","geometry":{"type":"Polygon","coordinates":[[[7,10.25],[7.050000000000001,10.25],[7.050000000000001,10.4],[7,10.4],[7,10.25]]]},"properties":{"source":"slicemap-v1","room":"project_20260905","importedAt":"2026-09-06T00:37:34.491Z","category":"furniture","kind":"block","area_m2":0.0075}},{"type":"Feature","geometry":{"type":"Polygon","coordinates":[[[7,10.4],[7.1000000000000005,10.4],[7.1000000000000005,10.5],[7,10.5],[7,10.4]]]},"properties":{"source":"slicemap-v1","room":"project_20260905","importedAt":"2026-09-06T00:37:34.491Z","category":"furniture","kind":"block","area_m2":0.01}},{"type":"Feature","geometry":{"type":"Polygon","coordinates":[[[7,10.5],[7.050000000000001,10.5],[7.050000000000001,10.65],[7,10.65],[7,10.5]]]},"properties":{"source":"slicemap-v1","room":"project_20260905","importedAt":"2026-09-06T00:37:34.491Z","category":"furniture","kind":"block","area_m2":0.0075}},{"type":"Feature","geometry":{"type":"Polygon","coordinates":[[[8.4,10.5],[8.450000000000001,10.5],[8.450000000000001,10.55],[8.4,10.55],[8.4,10.5]]]},"properties":{"source":"slicemap-v1","room":"project_20260905","importedAt":"2026-09-06T00:37:34.491Z","category":"furniture","kind":"block","area_m2":0.0025}},{"type":"Feature","geometry":{"type":"Polygon","coordinates":[[[8.450000000000001,10.5],[8.55,10.5],[8.55,10.55],[8.450000000000001,10.55],[8.450000000000001,10.5]]]},"properties":{"source":"slicemap-v1","room":"project_20260905","importedAt":"2026-09-06T00:37:34.491Z","category":"wall","kind":"block","area_m2":0.005}},{"type":"Feature","geometry":{"type":"Polygon","coordinates":[[[8.85,10.5],[8.9,10.5],[8.9,10.55],[8.85,10.55],[8.85,10.5]]]},"properties":{"source":"slicemap-v1","room":"project_20260905","importedAt":"2026-09-06T00:37:34.491Z","category":"furniture","kind":"block","area_m2":0.0025}},{"type":"Feature","geometry":{"type":"Polygon","coordinates":[[[8.35,10.55],[8.450000000000001,10.55],[8.450000000000001,10.600000000000001],[8.35,10.600000000000001],[8.35,10.55]]]},"properties":{"source":"slicemap-v1","room":"project_20260905","importedAt":"2026-09-06T00:37:34.491Z","category":"wall","kind":"block","area_m2":0.005}},{"type":"Feature","geometry":{"type":"Polygon","coordinates":[[[8.5,10.55],[8.6,10.55],[8.6,10.75],[8.5,10.75],[8.5,10.55]]]},"properties":{"source":"slicemap-v1","room":"project_20260905","importedAt":"2026-09-06T00:37:34.491Z","category":"wall","kind":"block","area_m2":0.02}},{"type":"Feature","geometry":{"type":"Polygon","coordinates":[[[8.75,10.55],[8.950000000000001,10.55],[8.950000000000001,10.600000000000001],[8.75,10.600000000000001],[8.75,10.55]]]},"properties":{"source":"slicemap-v1","room":"project_20260905","importedAt":"2026-09-06T00:37:34.491Z","category":"furniture","kind":"block","area_m2":0.01}},{"type":"Feature","geometry":{"type":"Polygon","coordinates":[[[8.3,10.600000000000001],[8.4,10.600000000000001],[8.4,10.65],[8.3,10.65],[8.3,10.600000000000001]]]},"properties":{"source":"slicemap-v1","room":"project_20260905","importedAt":"2026-09-06T00:37:34.491Z","category":"furniture","kind":"block","area_m2":0.005}},{"type":"Feature","geometry":{"type":"Polygon","coordinates":[[[8.65,10.600000000000001],[9.05,10.600000000000001],[9.05,10.65],[8.65,10.65],[8.65,10.600000000000001]]]},"properties":{"source":"slicemap-v1","room":"project_20260905","importedAt":"2026-09-06T00:37:34.491Z","category":"furniture","kind":"block","area_m2":0.02}},{"type":"Feature","geometry":{"type":"Polygon","coordinates":[[[7,10.65],[7.1000000000000005,10.65],[7.1000000000000005,10.700000000000001],[7,10.700000000000001],[7,10.65]]]},"properties":{"source":"slicemap-v1","room":"project_20260905","importedAt":"2026-09-06T00:37:34.491Z","category":"furniture","kind":"block","area_m2":0.005}},{"type":"Feature","geometry":{"type":"Polygon","coordinates":[[[8.6,10.65],[8.700000000000001,10.65],[8.700000000000001,10.700000000000001],[8.6,10.700000000000001],[8.6,10.65]]]},"properties":{"source":"slicemap-v1","room":"project_20260905","importedAt":"2026-09-06T00:37:34.491Z","category":"furniture","kind":"block","area_m2":0.005}},{"type":"Feature","geometry":{"type":"Polygon","coordinates":[[[8.9,10.65],[9.1,10.65],[9.1,10.700000000000001],[8.9,10.700000000000001],[8.9,10.65]]]},"properties":{"source":"slicemap-v1","room":"project_20260905","importedAt":"2026-09-06T00:37:34.491Z","category":"furniture","kind":"block","area_m2":0.01}},{"type":"Feature","geometry":{"type":"Polygon","coordinates":[[[7.050000000000001,10.700000000000001],[7.1000000000000005,10.700000000000001],[7.1000000000000005,10.9],[7.050000000000001,10.9],[7.050000000000001,10.700000000000001]]]},"properties":{"source":"slicemap-v1","room":"project_20260905","importedAt":"2026-09-06T00:37:34.491Z","category":"furniture","kind":"block","area_m2":0.01}},{"type":"Feature","geometry":{"type":"Polygon","coordinates":[[[8.6,10.700000000000001],[8.65,10.700000000000001],[8.65,10.75],[8.6,10.75],[8.6,10.700000000000001]]]},"properties":{"source":"slicemap-v1","room":"project_20260905","importedAt":"2026-09-06T00:37:34.491Z","category":"furniture","kind":"block","area_m2":0.0025}},{"type":"Feature","geometry":{"type":"Polygon","coordinates":[[[9.05,10.700000000000001],[9.15,10.700000000000001],[9.15,10.850000000000001],[9.05,10.850000000000001],[9.05,10.700000000000001]]]},"properties":{"source":"slicemap-v1","room":"project_20260905","importedAt":"2026-09-06T00:37:34.491Z","category":"furniture","kind":"block","area_m2":0.015}},{"type":"Feature","geometry":{"type":"Polygon","coordinates":[[[8.55,10.75],[8.6,10.75],[8.6,10.8],[8.55,10.8],[8.55,10.75]]]},"properties":{"source":"slicemap-v1","room":"project_20260905","importedAt":"2026-09-06T00:37:34.491Z","category":"wall","kind":"block","area_m2":0.0025}},{"type":"Feature","geometry":{"type":"Polygon","coordinates":[[[10.15,10.75],[10.25,10.75],[10.25,10.8],[10.15,10.8],[10.15,10.75]]]},"properties":{"source":"slicemap-v1","room":"project_20260905","importedAt":"2026-09-06T00:37:34.491Z","category":"wall","kind":"block","area_m2":0.005}},{"type":"Feature","geometry":{"type":"Polygon","coordinates":[[[8.35,10.8],[8.4,10.8],[8.4,10.850000000000001],[8.35,10.850000000000001],[8.35,10.8]]]},"properties":{"source":"slicemap-v1","room":"project_20260905","importedAt":"2026-09-06T00:37:34.491Z","category":"furniture","kind":"block","area_m2":0.0025}},{"type":"Feature","geometry":{"type":"Polygon","coordinates":[[[8.4,10.8],[8.450000000000001,10.8],[8.450000000000001,10.850000000000001],[8.4,10.850000000000001],[8.4,10.8]]]},"properties":{"source":"slicemap-v1","room":"project_20260905","importedAt":"2026-09-06T00:37:34.491Z","category":"wall","kind":"block","area_m2":0.0025}},{"type":"Feature","geometry":{"type":"Polygon","coordinates":[[[10.100000000000001,10.8],[10.15,10.8],[10.15,10.9],[10.100000000000001,10.9],[10.100000000000001,10.8]]]},"properties":{"source":"slicemap-v1","room":"project_20260905","importedAt":"2026-09-06T00:37:34.491Z","category":"wall","kind":"block","area_m2":0.005}},{"type":"Feature","geometry":{"type":"Polygon","coordinates":[[[10.15,10.8],[10.200000000000001,10.8],[10.200000000000001,10.850000000000001],[10.15,10.850000000000001],[10.15,10.8]]]},"properties":{"source":"slicemap-v1","room":"project_20260905","importedAt":"2026-09-06T00:37:34.491Z","category":"furniture","kind":"block","area_m2":0.0025}},{"type":"Feature","geometry":{"type":"Polygon","coordinates":[[[10.200000000000001,10.8],[10.3,10.8],[10.3,10.850000000000001],[10.200000000000001,10.850000000000001],[10.200000000000001,10.8]]]},"properties":{"source":"slicemap-v1","room":"project_20260905","importedAt":"2026-09-06T00:37:34.491Z","category":"wall","kind":"block","area_m2":0.005}},{"type":"Feature","geometry":{"type":"Polygon","coordinates":[[[8.4,10.850000000000001],[8.5,10.850000000000001],[8.5,10.950000000000001],[8.4,10.950000000000001],[8.4,10.850000000000001]]]},"properties":{"source":"slicemap-v1","room":"project_20260905","importedAt":"2026-09-06T00:37:34.491Z","category":"wall","kind":"block","area_m2":0.01}},{"type":"Feature","geometry":{"type":"Polygon","coordinates":[[[9.05,10.850000000000001],[9.25,10.850000000000001],[9.25,10.9],[9.05,10.9],[9.05,10.850000000000001]]]},"properties":{"source":"slicemap-v1","room":"project_20260905","importedAt":"2026-09-06T00:37:34.491Z","category":"furniture","kind":"block","area_m2":0.01}},{"type":"Feature","geometry":{"type":"Polygon","coordinates":[[[10,10.850000000000001],[10.05,10.850000000000001],[10.05,10.9],[10,10.9],[10,10.850000000000001]]]},"properties":{"source":"slicemap-v1","room":"project_20260905","importedAt":"2026-09-06T00:37:34.491Z","category":"furniture","kind":"block","area_m2":0.0025}},{"type":"Feature","geometry":{"type":"Polygon","coordinates":[[[10.200000000000001,10.850000000000001],[10.25,10.850000000000001],[10.25,10.9],[10.200000000000001,10.9],[10.200000000000001,10.850000000000001]]]},"properties":{"source":"slicemap-v1","room":"project_20260905","importedAt":"2026-09-06T00:37:34.491Z","category":"furniture","kind":"block","area_m2":0.0025}},{"type":"Feature","geometry":{"type":"Polygon","coordinates":[[[10.25,10.850000000000001],[10.350000000000001,10.850000000000001],[10.350000000000001,10.9],[10.25,10.9],[10.25,10.850000000000001]]]},"properties":{"source":"slicemap-v1","room":"project_20260905","importedAt":"2026-09-06T00:37:34.491Z","category":"wall","kind":"block","area_m2":0.005}},{"type":"Feature","geometry":{"type":"Polygon","coordinates":[[[7.050000000000001,10.9],[7.15,10.9],[7.15,11],[7.050000000000001,11],[7.050000000000001,10.9]]]},"properties":{"source":"slicemap-v1","room":"project_20260905","importedAt":"2026-09-06T00:37:34.491Z","category":"furniture","kind":"block","area_m2":0.01}},{"type":"Feature","geometry":{"type":"Polygon","coordinates":[[[9.05,10.9],[9.15,10.9],[9.15,10.950000000000001],[9.05,10.950000000000001],[9.05,10.9]]]},"properties":{"source":"slicemap-v1","room":"project_20260905","importedAt":"2026-09-06T00:37:34.491Z","category":"wall","kind":"block","area_m2":0.005}},{"type":"Feature","geometry":{"type":"Polygon","coordinates":[[[9.15,10.9],[9.200000000000001,10.9],[9.200000000000001,10.950000000000001],[9.15,10.950000000000001],[9.15,10.9]]]},"properties":{"source":"slicemap-v1","room":"project_20260905","importedAt":"2026-09-06T00:37:34.491Z","category":"furniture","kind":"block","area_m2":0.0025}},{"type":"Feature","geometry":{"type":"Polygon","coordinates":[[[9.600000000000001,10.9],[9.65,10.9],[9.65,10.950000000000001],[9.600000000000001,10.950000000000001],[9.600000000000001,10.9]]]},"properties":{"source":"slicemap-v1","room":"project_20260905","importedAt":"2026-09-06T00:37:34.491Z","category":"furniture","kind":"block","area_m2":0.0025}},{"type":"Feature","geometry":{"type":"Polygon","coordinates":[[[9.700000000000001,10.9],[10.100000000000001,10.9],[10.100000000000001,10.950000000000001],[9.700000000000001,10.950000000000001],[9.700000000000001,10.9]]]},"properties":{"source":"slicemap-v1","room":"project_20260905","importedAt":"2026-09-06T00:37:34.491Z","category":"wall","kind":"block","area_m2":0.02}},{"type":"Feature","geometry":{"type":"Polygon","coordinates":[[[10.3,10.9],[10.4,10.9],[10.4,10.950000000000001],[10.3,10.950000000000001],[10.3,10.9]]]},"properties":{"source":"slicemap-v1","room":"project_20260905","importedAt":"2026-09-06T00:37:34.491Z","category":"furniture","kind":"block","area_m2":0.005}},{"type":"Feature","geometry":{"type":"Polygon","coordinates":[[[8.450000000000001,10.950000000000001],[8.5,10.950000000000001],[8.5,11.4],[8.450000000000001,11.4],[8.450000000000001,10.950000000000001]]]},"properties":{"source":"slicemap-v1","room":"project_20260905","importedAt":"2026-09-06T00:37:34.491Z","category":"wall","kind":"block","area_m2":0.0225}},{"type":"Feature","geometry":{"type":"Polygon","coordinates":[[[9.05,10.950000000000001],[9.15,10.950000000000001],[9.15,11],[9.05,11],[9.05,10.950000000000001]]]},"properties":{"source":"slicemap-v1","room":"project_20260905","importedAt":"2026-09-06T00:37:34.491Z","category":"furniture","kind":"block","area_m2":0.005}},{"type":"Feature","geometry":{"type":"Polygon","coordinates":[[[9.15,10.950000000000001],[9.200000000000001,10.950000000000001],[9.200000000000001,11],[9.15,11],[9.15,10.950000000000001]]]},"properties":{"source":"slicemap-v1","room":"project_20260905","importedAt":"2026-09-06T00:37:34.491Z","category":"wall","kind":"block","area_m2":0.0025}},{"type":"Feature","geometry":{"type":"Polygon","coordinates":[[[9.25,10.950000000000001],[9.3,10.950000000000001],[9.3,11],[9.25,11],[9.25,10.950000000000001]]]},"properties":{"source":"slicemap-v1","room":"project_20260905","importedAt":"2026-09-06T00:37:34.491Z","category":"furniture","kind":"block","area_m2":0.0025}},{"type":"Feature","geometry":{"type":"Polygon","coordinates":[[[9.3,10.950000000000001],[9.700000000000001,10.950000000000001],[9.700000000000001,11],[9.3,11],[9.3,10.950000000000001]]]},"properties":{"source":"slicemap-v1","room":"project_20260905","importedAt":"2026-09-06T00:37:34.491Z","category":"wall","kind":"block","area_m2":0.02}},{"type":"Feature","geometry":{"type":"Polygon","coordinates":[[[9.8,10.950000000000001],[9.850000000000001,10.950000000000001],[9.850000000000001,11],[9.8,11],[9.8,10.950000000000001]]]},"properties":{"source":"slicemap-v1","room":"project_20260905","importedAt":"2026-09-06T00:37:34.491Z","category":"furniture","kind":"block","area_m2":0.0025}},{"type":"Feature","geometry":{"type":"Polygon","coordinates":[[[9.950000000000001,10.950000000000001],[10,10.950000000000001],[10,11],[9.950000000000001,11],[9.950000000000001,10.950000000000001]]]},"properties":{"source":"slicemap-v1","room":"project_20260905","importedAt":"2026-09-06T00:37:34.491Z","category":"furniture","kind":"block","area_m2":0.0025}},{"type":"Feature","geometry":{"type":"Polygon","coordinates":[[[10.4,10.950000000000001],[10.5,10.950000000000001],[10.5,11],[10.4,11],[10.4,10.950000000000001]]]},"properties":{"source":"slicemap-v1","room":"project_20260905","importedAt":"2026-09-06T00:37:34.491Z","category":"furniture","kind":"block","area_m2":0.005}},{"type":"Feature","geometry":{"type":"Polygon","coordinates":[[[7.1000000000000005,11],[7.15,11],[7.15,11.15],[7.1000000000000005,11.15],[7.1000000000000005,11]]]},"properties":{"source":"slicemap-v1","room":"project_20260905","importedAt":"2026-09-06T00:37:34.491Z","category":"furniture","kind":"block","area_m2":0.0075}},{"type":"Feature","geometry":{"type":"Polygon","coordinates":[[[8.15,11],[8.200000000000001,11],[8.200000000000001,11.05],[8.15,11.05],[8.15,11]]]},"properties":{"source":"slicemap-v1","room":"project_20260905","importedAt":"2026-09-06T00:37:34.491Z","category":"wall","kind":"block","area_m2":0.0025}},{"type":"Feature","geometry":{"type":"Polygon","coordinates":[[[8.200000000000001,11],[8.25,11],[8.25,11.05],[8.200000000000001,11.05],[8.200000000000001,11]]]},"properties":{"source":"slicemap-v1","room":"project_20260905","importedAt":"2026-09-06T00:37:34.491Z","category":"furniture","kind":"block","area_m2":0.0025}},{"type":"Feature","geometry":{"type":"Polygon","coordinates":[[[9.1,11],[9.35,11],[9.35,11.05],[9.1,11.05],[9.1,11]]]},"properties":{"source":"slicemap-v1","room":"project_20260905","importedAt":"2026-09-06T00:37:34.491Z","category":"wall","kind":"block","area_m2":0.0125}},{"type":"Feature","geometry":{"type":"Polygon","coordinates":[[[9.4,11],[9.5,11],[9.5,11.05],[9.4,11.05],[9.4,11]]]},"properties":{"source":"slicemap-v1","room":"project_20260905","importedAt":"2026-09-06T00:37:34.491Z","category":"furniture","kind":"block","area_m2":0.005}},{"type":"Feature","geometry":{"type":"Polygon","coordinates":[[[10.350000000000001,11],[10.5,11],[10.5,11.05],[10.350000000000001,11.05],[10.350000000000001,11]]]},"properties":{"source":"slicemap-v1","room":"project_20260905","importedAt":"2026-09-06T00:37:34.491Z","category":"furniture","kind":"block","area_m2":0.0075}},{"type":"Feature","geometry":{"type":"Polygon","coordinates":[[[10.600000000000001,11],[10.65,11],[10.65,11.05],[10.600000000000001,11.05],[10.600000000000001,11]]]},"properties":{"source":"slicemap-v1","room":"project_20260905","importedAt":"2026-09-06T00:37:34.491Z","category":"furniture","kind":"block","area_m2":0.0025}},{"type":"Feature","geometry":{"type":"Polygon","coordinates":[[[8.1,11.05],[8.25,11.05],[8.25,11.100000000000001],[8.1,11.100000000000001],[8.1,11.05]]]},"properties":{"source":"slicemap-v1","room":"project_20260905","importedAt":"2026-09-06T00:37:34.491Z","category":"furniture","kind":"block","area_m2":0.0075}},{"type":"Feature","geometry":{"type":"Polygon","coordinates":[[[10.4,11.05],[10.65,11.05],[10.65,11.100000000000001],[10.4,11.100000000000001],[10.4,11.05]]]},"properties":{"source":"slicemap-v1","room":"project_20260905","importedAt":"2026-09-06T00:37:34.491Z","category":"furniture","kind":"block","area_m2":0.0125}},{"type":"Feature","geometry":{"type":"Polygon","coordinates":[[[8.15,11.100000000000001],[8.200000000000001,11.100000000000001],[8.200000000000001,11.15],[8.15,11.15],[8.15,11.100000000000001]]]},"properties":{"source":"slicemap-v1","room":"project_20260905","importedAt":"2026-09-06T00:37:34.491Z","category":"furniture","kind":"block","area_m2":0.0025}},{"type":"Feature","geometry":{"type":"Polygon","coordinates":[[[10.450000000000001,11.100000000000001],[10.65,11.100000000000001],[10.65,11.15],[10.450000000000001,11.15],[10.450000000000001,11.100000000000001]]]},"properties":{"source":"slicemap-v1","room":"project_20260905","importedAt":"2026-09-06T00:37:34.491Z","category":"furniture","kind":"block","area_m2":0.01}},{"type":"Feature","geometry":{"type":"Polygon","coordinates":[[[10.700000000000001,11.100000000000001],[10.8,11.100000000000001],[10.8,11.15],[10.700000000000001,11.15],[10.700000000000001,11.100000000000001]]]},"properties":{"source":"slicemap-v1","room":"project_20260905","importedAt":"2026-09-06T00:37:34.491Z","category":"furniture","kind":"block","area_m2":0.005}},{"type":"Feature","geometry":{"type":"Polygon","coordinates":[[[10.850000000000001,11.100000000000001],[10.9,11.100000000000001],[10.9,11.15],[10.850000000000001,11.15],[10.850000000000001,11.100000000000001]]]},"properties":{"source":"slicemap-v1","room":"project_20260905","importedAt":"2026-09-06T00:37:34.491Z","category":"furniture","kind":"block","area_m2":0.0025}},{"type":"Feature","geometry":{"type":"Polygon","coordinates":[[[7.1000000000000005,11.15],[7.15,11.15],[7.15,11.3],[7.1000000000000005,11.3],[7.1000000000000005,11.15]]]},"properties":{"source":"slicemap-v1","room":"project_20260905","importedAt":"2026-09-06T00:37:34.491Z","category":"wall","kind":"block","area_m2":0.0075}},{"type":"Feature","geometry":{"type":"Polygon","coordinates":[[[7.15,11.15],[7.2,11.15],[7.2,11.3],[7.15,11.3],[7.15,11.15]]]},"properties":{"source":"slicemap-v1","room":"project_20260905","importedAt":"2026-09-06T00:37:34.491Z","category":"furniture","kind":"block","area_m2":0.0075}},{"type":"Feature","geometry":{"type":"Polygon","coordinates":[[[10.65,11.15],[10.950000000000001,11.15],[10.950000000000001,11.200000000000001],[10.65,11.200000000000001],[10.65,11.15]]]},"properties":{"source":"slicemap-v1","room":"project_20260905","importedAt":"2026-09-06T00:37:34.491Z","category":"furniture","kind":"block","area_m2":0.015}},{"type":"Feature","geometry":{"type":"Polygon","coordinates":[[[8.15,11.200000000000001],[8.200000000000001,11.200000000000001],[8.200000000000001,11.25],[8.15,11.25],[8.15,11.200000000000001]]]},"properties":{"source":"slicemap-v1","room":"project_20260905","importedAt":"2026-09-06T00:37:34.491Z","category":"furniture","kind":"block","area_m2":0.0025}},{"type":"Feature","geometry":{"type":"Polygon","coordinates":[[[10.700000000000001,11.200000000000001],[10.75,11.200000000000001],[10.75,11.25],[10.700000000000001,11.25],[10.700000000000001,11.200000000000001]]]},"properties":{"source":"slicemap-v1","room":"project_20260905","importedAt":"2026-09-06T00:37:34.491Z","category":"furniture","kind":"block","area_m2":0.0025}},{"type":"Feature","geometry":{"type":"Polygon","coordinates":[[[10.8,11.200000000000001],[11,11.200000000000001],[11,11.25],[10.8,11.25],[10.8,11.200000000000001]]]},"properties":{"source":"slicemap-v1","room":"project_20260905","importedAt":"2026-09-06T00:37:34.491Z","category":"furniture","kind":"block","area_m2":0.01}},{"type":"Feature","geometry":{"type":"Polygon","coordinates":[[[10.75,11.25],[11,11.25],[11,11.3],[10.75,11.3],[10.75,11.25]]]},"properties":{"source":"slicemap-v1","room":"project_20260905","importedAt":"2026-09-06T00:37:34.491Z","category":"furniture","kind":"block","area_m2":0.0125}},{"type":"Feature","geometry":{"type":"Polygon","coordinates":[[[7.050000000000001,11.3],[7.2,11.3],[7.2,11.350000000000001],[7.050000000000001,11.350000000000001],[7.050000000000001,11.3]]]},"properties":{"source":"slicemap-v1","room":"project_20260905","importedAt":"2026-09-06T00:37:34.491Z","category":"furniture","kind":"block","area_m2":0.0075}},{"type":"Feature","geometry":{"type":"Polygon","coordinates":[[[10.8,11.3],[10.850000000000001,11.3],[10.850000000000001,11.350000000000001],[10.8,11.350000000000001],[10.8,11.3]]]},"properties":{"source":"slicemap-v1","room":"project_20260905","importedAt":"2026-09-06T00:37:34.491Z","category":"furniture","kind":"block","area_m2":0.0025}},{"type":"Feature","geometry":{"type":"Polygon","coordinates":[[[10.950000000000001,11.3],[11.05,11.3],[11.05,11.350000000000001],[10.950000000000001,11.350000000000001],[10.950000000000001,11.3]]]},"properties":{"source":"slicemap-v1","room":"project_20260905","importedAt":"2026-09-06T00:37:34.491Z","category":"furniture","kind":"block","area_m2":0.005}},{"type":"Feature","geometry":{"type":"Polygon","coordinates":[[[6.95,11.350000000000001],[7,11.350000000000001],[7,11.4],[6.95,11.4],[6.95,11.350000000000001]]]},"properties":{"source":"slicemap-v1","room":"project_20260905","importedAt":"2026-09-06T00:37:34.491Z","category":"wall","kind":"block","area_m2":0.0025}},{"type":"Feature","geometry":{"type":"Polygon","coordinates":[[[7,11.350000000000001],[7.050000000000001,11.350000000000001],[7.050000000000001,11.4],[7,11.4],[7,11.350000000000001]]]},"properties":{"source":"slicemap-v1","room":"project_20260905","importedAt":"2026-09-06T00:37:34.491Z","category":"furniture","kind":"block","area_m2":0.0025}},{"type":"Feature","geometry":{"type":"Polygon","coordinates":[[[7.050000000000001,11.350000000000001],[7.15,11.350000000000001],[7.15,11.4],[7.050000000000001,11.4],[7.050000000000001,11.350000000000001]]]},"properties":{"source":"slicemap-v1","room":"project_20260905","importedAt":"2026-09-06T00:37:34.491Z","category":"wall","kind":"block","area_m2":0.005}},{"type":"Feature","geometry":{"type":"Polygon","coordinates":[[[8.6,11.350000000000001],[8.65,11.350000000000001],[8.65,11.4],[8.6,11.4],[8.6,11.350000000000001]]]},"properties":{"source":"slicemap-v1","room":"project_20260905","importedAt":"2026-09-06T00:37:34.491Z","category":"furniture","kind":"block","area_m2":0.0025}},{"type":"Feature","geometry":{"type":"Polygon","coordinates":[[[8.65,11.350000000000001],[8.700000000000001,11.350000000000001],[8.700000000000001,11.4],[8.65,11.4],[8.65,11.350000000000001]]]},"properties":{"source":"slicemap-v1","room":"project_20260905","importedAt":"2026-09-06T00:37:34.491Z","category":"wall","kind":"block","area_m2":0.0025}},{"type":"Feature","geometry":{"type":"Polygon","coordinates":[[[11.05,11.350000000000001],[11.100000000000001,11.350000000000001],[11.100000000000001,11.4],[11.05,11.4],[11.05,11.350000000000001]]]},"properties":{"source":"slicemap-v1","room":"project_20260905","importedAt":"2026-09-06T00:37:34.491Z","category":"furniture","kind":"block","area_m2":0.0025}},{"type":"Feature","geometry":{"type":"Polygon","coordinates":[[[6.9,11.4],[7.1000000000000005,11.4],[7.1000000000000005,11.450000000000001],[6.9,11.450000000000001],[6.9,11.4]]]},"properties":{"source":"slicemap-v1","room":"project_20260905","importedAt":"2026-09-06T00:37:34.491Z","category":"wall","kind":"block","area_m2":0.01}},{"type":"Feature","geometry":{"type":"Polygon","coordinates":[[[7.1000000000000005,11.4],[7.15,11.4],[7.15,11.450000000000001],[7.1000000000000005,11.450000000000001],[7.1000000000000005,11.4]]]},"properties":{"source":"slicemap-v1","room":"project_20260905","importedAt":"2026-09-06T00:37:34.491Z","category":"furniture","kind":"block","area_m2":0.0025}},{"type":"Feature","geometry":{"type":"Polygon","coordinates":[[[8.450000000000001,11.4],[8.55,11.4],[8.55,11.450000000000001],[8.450000000000001,11.450000000000001],[8.450000000000001,11.4]]]},"properties":{"source":"slicemap-v1","room":"project_20260905","importedAt":"2026-09-06T00:37:34.491Z","category":"wall","kind":"block","area_m2":0.005}},{"type":"Feature","geometry":{"type":"Polygon","coordinates":[[[8.55,11.4],[8.65,11.4],[8.65,11.450000000000001],[8.55,11.450000000000001],[8.55,11.4]]]},"properties":{"source":"slicemap-v1","room":"project_20260905","importedAt":"2026-09-06T00:37:34.491Z","category":"furniture","kind":"block","area_m2":0.005}},{"type":"Feature","geometry":{"type":"Polygon","coordinates":[[[8.700000000000001,11.4],[8.8,11.4],[8.8,11.450000000000001],[8.700000000000001,11.450000000000001],[8.700000000000001,11.4]]]},"properties":{"source":"slicemap-v1","room":"project_20260905","importedAt":"2026-09-06T00:37:34.491Z","category":"furniture","kind":"block","area_m2":0.005}},{"type":"Feature","geometry":{"type":"Polygon","coordinates":[[[8.8,11.4],[9.15,11.4],[9.15,11.450000000000001],[8.8,11.450000000000001],[8.8,11.4]]]},"properties":{"source":"slicemap-v1","room":"project_20260905","importedAt":"2026-09-06T00:37:34.491Z","category":"wall","kind":"block","area_m2":0.0175}},{"type":"Feature","geometry":{"type":"Polygon","coordinates":[[[9.25,11.4],[9.4,11.4],[9.4,11.450000000000001],[9.25,11.450000000000001],[9.25,11.4]]]},"properties":{"source":"slicemap-v1","room":"project_20260905","importedAt":"2026-09-06T00:37:34.491Z","category":"wall","kind":"block","area_m2":0.0075}},{"type":"Feature","geometry":{"type":"Polygon","coordinates":[[[9.4,11.4],[9.5,11.4],[9.5,11.450000000000001],[9.4,11.450000000000001],[9.4,11.4]]]},"properties":{"source":"slicemap-v1","room":"project_20260905","importedAt":"2026-09-06T00:37:34.491Z","category":"furniture","kind":"block","area_m2":0.005}},{"type":"Feature","geometry":{"type":"Polygon","coordinates":[[[9.5,11.4],[9.600000000000001,11.4],[9.600000000000001,11.450000000000001],[9.5,11.450000000000001],[9.5,11.4]]]},"properties":{"source":"slicemap-v1","room":"project_20260905","importedAt":"2026-09-06T00:37:34.491Z","category":"wall","kind":"block","area_m2":0.005}},{"type":"Feature","geometry":{"type":"Polygon","coordinates":[[[6.6000000000000005,11.450000000000001],[6.95,11.450000000000001],[6.95,11.5],[6.6000000000000005,11.5],[6.6000000000000005,11.450000000000001]]]},"properties":{"source":"slicemap-v1","room":"project_20260905","importedAt":"2026-09-06T00:37:34.491Z","category":"wall","kind":"block","area_m2":0.0175}},{"type":"Feature","geometry":{"type":"Polygon","coordinates":[[[7.050000000000001,11.450000000000001],[7.1000000000000005,11.450000000000001],[7.1000000000000005,11.5],[7.050000000000001,11.5],[7.050000000000001,11.450000000000001]]]},"properties":{"source":"slicemap-v1","room":"project_20260905","importedAt":"2026-09-06T00:37:34.491Z","category":"furniture","kind":"block","area_m2":0.0025}},{"type":"Feature","geometry":{"type":"Polygon","coordinates":[[[9,11.450000000000001],[9.05,11.450000000000001],[9.05,11.5],[9,11.5],[9,11.450000000000001]]]},"properties":{"source":"slicemap-v1","room":"project_20260905","importedAt":"2026-09-06T00:37:34.491Z","category":"wall","kind":"block","area_m2":0.0025}},{"type":"Feature","geometry":{"type":"Polygon","coordinates":[[[9.1,11.450000000000001],[9.35,11.450000000000001],[9.35,11.5],[9.1,11.5],[9.1,11.450000000000001]]]},"properties":{"source":"slicemap-v1","room":"project_20260905","importedAt":"2026-09-06T00:37:34.491Z","category":"wall","kind":"block","area_m2":0.0125}},{"type":"Feature","geometry":{"type":"Polygon","coordinates":[[[9.55,11.450000000000001],[9.600000000000001,11.450000000000001],[9.600000000000001,11.5],[9.55,11.5],[9.55,11.450000000000001]]]},"properties":{"source":"slicemap-v1","room":"project_20260905","importedAt":"2026-09-06T00:37:34.491Z","category":"wall","kind":"block","area_m2":0.0025}},{"type":"Feature","geometry":{"type":"Polygon","coordinates":[[[9.600000000000001,11.450000000000001],[9.65,11.450000000000001],[9.65,11.5],[9.600000000000001,11.5],[9.600000000000001,11.450000000000001]]]},"properties":{"source":"slicemap-v1","room":"project_20260905","importedAt":"2026-09-06T00:37:34.491Z","category":"furniture","kind":"block","area_m2":0.0025}},{"type":"Feature","geometry":{"type":"Polygon","coordinates":[[[6.2,11.5],[6.6000000000000005,11.5],[6.6000000000000005,11.55],[6.2,11.55],[6.2,11.5]]]},"properties":{"source":"slicemap-v1","room":"project_20260905","importedAt":"2026-09-06T00:37:34.491Z","category":"wall","kind":"block","area_m2":0.02}},{"type":"Feature","geometry":{"type":"Polygon","coordinates":[[[6.6000000000000005,11.5],[6.7,11.5],[6.7,11.55],[6.6000000000000005,11.55],[6.6000000000000005,11.5]]]},"properties":{"source":"slicemap-v1","room":"project_20260905","importedAt":"2026-09-06T00:37:34.491Z","category":"furniture","kind":"block","area_m2":0.005}},{"type":"Feature","geometry":{"type":"Polygon","coordinates":[[[7,11.5],[7.050000000000001,11.5],[7.050000000000001,11.55],[7,11.55],[7,11.5]]]},"properties":{"source":"slicemap-v1","room":"project_20260905","importedAt":"2026-09-06T00:37:34.491Z","category":"furniture","kind":"block","area_m2":0.0025}},{"type":"Feature","geometry":{"type":"Polygon","coordinates":[[[9.55,11.5],[9.8,11.5],[9.8,11.55],[9.55,11.55],[9.55,11.5]]]},"properties":{"source":"slicemap-v1","room":"project_20260905","importedAt":"2026-09-06T00:37:34.491Z","category":"furniture","kind":"block","area_m2":0.0125}},{"type":"Feature","geometry":{"type":"Polygon","coordinates":[[[10.100000000000001,11.5],[10.15,11.5],[10.15,11.55],[10.100000000000001,11.55],[10.100000000000001,11.5]]]},"properties":{"source":"slicemap-v1","room":"project_20260905","importedAt":"2026-09-06T00:37:34.491Z","category":"furniture","kind":"block","area_m2":0.0025}},{"type":"Feature","geometry":{"type":"Polygon","coordinates":[[[5.8500000000000005,11.55],[6.25,11.55],[6.25,11.600000000000001],[5.8500000000000005,11.600000000000001],[5.8500000000000005,11.55]]]},"properties":{"source":"slicemap-v1","room":"project_20260905","importedAt":"2026-09-06T00:37:34.491Z","category":"wall","kind":"block","area_m2":0.02}},{"type":"Feature","geometry":{"type":"Polygon","coordinates":[[[10.100000000000001,11.55],[10.200000000000001,11.55],[10.200000000000001,11.600000000000001],[10.100000000000001,11.600000000000001],[10.100000000000001,11.55]]]},"properties":{"source":"slicemap-v1","room":"project_20260905","importedAt":"2026-09-06T00:37:34.491Z","category":"furniture","kind":"block","area_m2":0.005}},{"type":"Feature","geometry":{"type":"Polygon","coordinates":[[[5.4,11.600000000000001],[5.45,11.600000000000001],[5.45,11.65],[5.4,11.65],[5.4,11.600000000000001]]]},"properties":{"source":"slicemap-v1","room":"project_20260905","importedAt":"2026-09-06T00:37:34.491Z","category":"furniture","kind":"block","area_m2":0.0025}},{"type":"Feature","geometry":{"type":"Polygon","coordinates":[[[5.45,11.600000000000001],[5.9,11.600000000000001],[5.9,11.65],[5.45,11.65],[5.45,11.600000000000001]]]},"properties":{"source":"slicemap-v1","room":"project_20260905","importedAt":"2026-09-06T00:37:34.491Z","category":"wall","kind":"block","area_m2":0.0225}},{"type":"Feature","geometry":{"type":"Polygon","coordinates":[[[10.15,11.600000000000001],[10.200000000000001,11.600000000000001],[10.200000000000001,11.75],[10.15,11.75],[10.15,11.600000000000001]]]},"properties":{"source":"slicemap-v1","room":"project_20260905","importedAt":"2026-09-06T00:37:34.491Z","category":"furniture","kind":"block","area_m2":0.0075}},{"type":"Feature","geometry":{"type":"Polygon","coordinates":[[[5.2,11.65],[5.25,11.65],[5.25,12.100000000000001],[5.2,12.100000000000001],[5.2,11.65]]]},"properties":{"source":"slicemap-v1","room":"project_20260905","importedAt":"2026-09-06T00:37:34.491Z","category":"wall","kind":"block","area_m2":0.0225}},{"type":"Feature","geometry":{"type":"Polygon","coordinates":[[[5.25,11.65],[5.5,11.65],[5.5,11.700000000000001],[5.25,11.700000000000001],[5.25,11.65]]]},"properties":{"source":"slicemap-v1","room":"project_20260905","importedAt":"2026-09-06T00:37:34.491Z","category":"furniture","kind":"block","area_m2":0.0125}},{"type":"Feature","geometry":{"type":"Polygon","coordinates":[[[10.15,11.75],[10.200000000000001,11.75],[10.200000000000001,11.850000000000001],[10.15,11.850000000000001],[10.15,11.75]]]},"properties":{"source":"slicemap-v1","room":"project_20260905","importedAt":"2026-09-06T00:37:34.491Z","category":"wall","kind":"block","area_m2":0.005}},{"type":"Feature","geometry":{"type":"Polygon","coordinates":[[[10.100000000000001,11.8],[10.15,11.8],[10.15,11.850000000000001],[10.100000000000001,11.850000000000001],[10.100000000000001,11.8]]]},"properties":{"source":"slicemap-v1","room":"project_20260905","importedAt":"2026-09-06T00:37:34.491Z","category":"furniture","kind":"block","area_m2":0.0025}},{"type":"Feature","geometry":{"type":"Polygon","coordinates":[[[5.1000000000000005,11.850000000000001],[5.15,11.850000000000001],[5.15,12],[5.1000000000000005,12],[5.1000000000000005,11.850000000000001]]]},"properties":{"source":"slicemap-v1","room":"project_20260905","importedAt":"2026-09-06T00:37:34.491Z","category":"furniture","kind":"block","area_m2":0.0075}},{"type":"Feature","geometry":{"type":"Polygon","coordinates":[[[10.100000000000001,11.850000000000001],[10.3,11.850000000000001],[10.3,11.9],[10.100000000000001,11.9],[10.100000000000001,11.850000000000001]]]},"properties":{"source":"slicemap-v1","room":"project_20260905","importedAt":"2026-09-06T00:37:34.491Z","category":"furniture","kind":"block","area_m2":0.01}},{"type":"Feature","geometry":{"type":"Polygon","coordinates":[[[10.05,11.9],[10.25,11.9],[10.25,11.950000000000001],[10.05,11.950000000000001],[10.05,11.9]]]},"properties":{"source":"slicemap-v1","room":"project_20260905","importedAt":"2026-09-06T00:37:34.491Z","category":"furniture","kind":"block","area_m2":0.01}},{"type":"Feature","geometry":{"type":"Polygon","coordinates":[[[9.950000000000001,11.950000000000001],[10.200000000000001,11.950000000000001],[10.200000000000001,12],[9.950000000000001,12],[9.950000000000001,11.950000000000001]]]},"properties":{"source":"slicemap-v1","room":"project_20260905","importedAt":"2026-09-06T00:37:34.491Z","category":"furniture","kind":"block","area_m2":0.0125}},{"type":"Feature","geometry":{"type":"Polygon","coordinates":[[[5.1000000000000005,12],[5.2,12],[5.2,12.05],[5.1000000000000005,12.05],[5.1000000000000005,12]]]},"properties":{"source":"slicemap-v1","room":"project_20260905","importedAt":"2026-09-06T00:37:34.491Z","category":"furniture","kind":"block","area_m2":0.005}},{"type":"Feature","geometry":{"type":"Polygon","coordinates":[[[8.55,12],[8.6,12],[8.6,12.100000000000001],[8.55,12.100000000000001],[8.55,12]]]},"properties":{"source":"slicemap-v1","room":"project_20260905","importedAt":"2026-09-06T00:37:34.491Z","category":"wall","kind":"block","area_m2":0.005}},{"type":"Feature","geometry":{"type":"Polygon","coordinates":[[[8.6,12],[8.700000000000001,12],[8.700000000000001,12.05],[8.6,12.05],[8.6,12]]]},"properties":{"source":"slicemap-v1","room":"project_20260905","importedAt":"2026-09-06T00:37:34.491Z","category":"furniture","kind":"block","area_m2":0.005}},{"type":"Feature","geometry":{"type":"Polygon","coordinates":[[[9.9,12],[10,12],[10,12.05],[9.9,12.05],[9.9,12]]]},"properties":{"source":"slicemap-v1","room":"project_20260905","importedAt":"2026-09-06T00:37:34.491Z","category":"furniture","kind":"block","area_m2":0.005}},{"type":"Feature","geometry":{"type":"Polygon","coordinates":[[[5.15,12.05],[5.2,12.05],[5.2,12.25],[5.15,12.25],[5.15,12.05]]]},"properties":{"source":"slicemap-v1","room":"project_20260905","importedAt":"2026-09-06T00:37:34.491Z","category":"furniture","kind":"block","area_m2":0.01}},{"type":"Feature","geometry":{"type":"Polygon","coordinates":[[[5.2,12.100000000000001],[5.300000000000001,12.100000000000001],[5.300000000000001,12.15],[5.2,12.15],[5.2,12.100000000000001]]]},"properties":{"source":"slicemap-v1","room":"project_20260905","importedAt":"2026-09-06T00:37:34.491Z","category":"wall","kind":"block","area_m2":0.005}},{"type":"Feature","geometry":{"type":"Polygon","coordinates":[[[8.55,12.100000000000001],[8.65,12.100000000000001],[8.65,12.15],[8.55,12.15],[8.55,12.100000000000001]]]},"properties":{"source":"slicemap-v1","room":"project_20260905","importedAt":"2026-09-06T00:37:34.491Z","category":"wall","kind":"block","area_m2":0.005}},{"type":"Feature","geometry":{"type":"Polygon","coordinates":[[[5.25,12.15],[5.300000000000001,12.15],[5.300000000000001,12.4],[5.25,12.4],[5.25,12.15]]]},"properties":{"source":"slicemap-v1","room":"project_20260905","importedAt":"2026-09-06T00:37:34.491Z","category":"wall","kind":"block","area_m2":0.0125}},{"type":"Feature","geometry":{"type":"Polygon","coordinates":[[[8.6,12.15],[8.65,12.15],[8.65,12.65],[8.6,12.65],[8.6,12.15]]]},"properties":{"source":"slicemap-v1","room":"project_20260905","importedAt":"2026-09-06T00:37:34.491Z","category":"wall","kind":"block","area_m2":0.025}},{"type":"Feature","geometry":{"type":"Polygon","coordinates":[[[5.25,12.4],[5.3500000000000005,12.4],[5.3500000000000005,12.450000000000001],[5.25,12.450000000000001],[5.25,12.4]]]},"properties":{"source":"slicemap-v1","room":"project_20260905","importedAt":"2026-09-06T00:37:34.491Z","category":"wall","kind":"block","area_m2":0.005}},{"type":"Feature","geometry":{"type":"Polygon","coordinates":[[[5.300000000000001,12.450000000000001],[5.3500000000000005,12.450000000000001],[5.3500000000000005,12.9],[5.300000000000001,12.9],[5.300000000000001,12.450000000000001]]]},"properties":{"source":"slicemap-v1","room":"project_20260905","importedAt":"2026-09-06T00:37:34.491Z","category":"wall","kind":"block","area_m2":0.0225}},{"type":"Feature","geometry":{"type":"Polygon","coordinates":[[[8.6,12.65],[8.65,12.65],[8.65,12.700000000000001],[8.6,12.700000000000001],[8.6,12.65]]]},"properties":{"source":"slicemap-v1","room":"project_20260905","importedAt":"2026-09-06T00:37:34.491Z","category":"furniture","kind":"block","area_m2":0.0025}},{"type":"Feature","geometry":{"type":"Polygon","coordinates":[[[8.450000000000001,12.700000000000001],[8.6,12.700000000000001],[8.6,12.75],[8.450000000000001,12.75],[8.450000000000001,12.700000000000001]]]},"properties":{"source":"slicemap-v1","room":"project_20260905","importedAt":"2026-09-06T00:37:34.491Z","category":"furniture","kind":"block","area_m2":0.0075}},{"type":"Feature","geometry":{"type":"Polygon","coordinates":[[[8.450000000000001,12.75],[8.5,12.75],[8.5,12.950000000000001],[8.450000000000001,12.950000000000001],[8.450000000000001,12.75]]]},"properties":{"source":"slicemap-v1","room":"project_20260905","importedAt":"2026-09-06T00:37:34.491Z","category":"furniture","kind":"block","area_m2":0.01}},{"type":"Feature","geometry":{"type":"Polygon","coordinates":[[[6,12.8],[6.3500000000000005,12.8],[6.3500000000000005,12.850000000000001],[6,12.850000000000001],[6,12.8]]]},"properties":{"source":"slicemap-v1","room":"project_20260905","importedAt":"2026-09-06T00:37:34.491Z","category":"furniture","kind":"block","area_m2":0.0175}},{"type":"Feature","geometry":{"type":"Polygon","coordinates":[[[6,12.850000000000001],[6.45,12.850000000000001],[6.45,13.05],[6,13.05],[6,12.850000000000001]]]},"properties":{"source":"slicemap-v1","room":"project_20260905","importedAt":"2026-09-06T00:37:34.491Z","category":"furniture","kind":"block","area_m2":0.09}},{"type":"Feature","geometry":{"type":"Polygon","coordinates":[[[7.6000000000000005,12.850000000000001],[7.7,12.850000000000001],[7.7,12.9],[7.6000000000000005,12.9],[7.6000000000000005,12.850000000000001]]]},"properties":{"source":"slicemap-v1","room":"project_20260905","importedAt":"2026-09-06T00:37:34.491Z","category":"furniture","kind":"block","area_m2":0.005}},{"type":"Feature","geometry":{"type":"Polygon","coordinates":[[[5.3500000000000005,12.9],[5.4,12.9],[5.4,13.200000000000001],[5.3500000000000005,13.200000000000001],[5.3500000000000005,12.9]]]},"properties":{"source":"slicemap-v1","room":"project_20260905","importedAt":"2026-09-06T00:37:34.491Z","category":"wall","kind":"block","area_m2":0.015}},{"type":"Feature","geometry":{"type":"Polygon","coordinates":[[[7.5,12.9],[7.7,12.9],[7.7,13],[7.5,13],[7.5,12.9]]]},"properties":{"source":"slicemap-v1","room":"project_20260905","importedAt":"2026-09-06T00:37:34.491Z","category":"furniture","kind":"block","area_m2":0.02}},{"type":"Feature","geometry":{"type":"Polygon","coordinates":[[[8.35,12.950000000000001],[8.5,12.950000000000001],[8.5,13],[8.35,13],[8.35,12.950000000000001]]]},"properties":{"source":"slicemap-v1","room":"project_20260905","importedAt":"2026-09-06T00:37:34.491Z","category":"furniture","kind":"block","area_m2":0.0075}},{"type":"Feature","geometry":{"type":"Polygon","coordinates":[[[7.1000000000000005,13],[7.2,13],[7.2,13.05],[7.1000000000000005,13.05],[7.1000000000000005,13]]]},"properties":{"source":"slicemap-v1","room":"project_20260905","importedAt":"2026-09-06T00:37:34.491Z","category":"furniture","kind":"block","area_m2":0.005}},{"type":"Feature","geometry":{"type":"Polygon","coordinates":[[[7.25,13],[7.300000000000001,13],[7.300000000000001,13.05],[7.25,13.05],[7.25,13]]]},"properties":{"source":"slicemap-v1","room":"project_20260905","importedAt":"2026-09-06T00:37:34.491Z","category":"furniture","kind":"block","area_m2":0.0025}},{"type":"Feature","geometry":{"type":"Polygon","coordinates":[[[6.050000000000001,13.05],[6.550000000000001,13.05],[6.550000000000001,13.100000000000001],[6.050000000000001,13.100000000000001],[6.050000000000001,13.05]]]},"properties":{"source":"slicemap-v1","room":"project_20260905","importedAt":"2026-09-06T00:37:34.491Z","category":"furniture","kind":"block","area_m2":0.025}},{"type":"Feature","geometry":{"type":"Polygon","coordinates":[[[6.6000000000000005,13.05],[6.65,13.05],[6.65,13.100000000000001],[6.6000000000000005,13.100000000000001],[6.6000000000000005,13.05]]]},"properties":{"source":"slicemap-v1","room":"project_20260905","importedAt":"2026-09-06T00:37:34.491Z","category":"furniture","kind":"block","area_m2":0.0025}},{"type":"Feature","geometry":{"type":"Polygon","coordinates":[[[6.75,13.05],[6.95,13.05],[6.95,13.100000000000001],[6.75,13.100000000000001],[6.75,13.05]]]},"properties":{"source":"slicemap-v1","room":"project_20260905","importedAt":"2026-09-06T00:37:34.491Z","category":"furniture","kind":"block","area_m2":0.01}},{"type":"Feature","geometry":{"type":"Polygon","coordinates":[[[7,13.05],[7.4,13.05],[7.4,13.100000000000001],[7,13.100000000000001],[7,13.05]]]},"properties":{"source":"slicemap-v1","room":"project_20260905","importedAt":"2026-09-06T00:37:34.491Z","category":"furniture","kind":"block","area_m2":0.02}},{"type":"Feature","geometry":{"type":"Polygon","coordinates":[[[6.1000000000000005,13.100000000000001],[6.5,13.100000000000001],[6.5,13.15],[6.1000000000000005,13.15],[6.1000000000000005,13.100000000000001]]]},"properties":{"source":"slicemap-v1","room":"project_20260905","importedAt":"2026-09-06T00:37:34.491Z","category":"furniture","kind":"block","area_m2":0.02}},{"type":"Feature","geometry":{"type":"Polygon","coordinates":[[[6.550000000000001,13.100000000000001],[6.65,13.100000000000001],[6.65,13.15],[6.550000000000001,13.15],[6.550000000000001,13.100000000000001]]]},"properties":{"source":"slicemap-v1","room":"project_20260905","importedAt":"2026-09-06T00:37:34.491Z","category":"furniture","kind":"block","area_m2":0.005}},{"type":"Feature","geometry":{"type":"Polygon","coordinates":[[[6.65,13.100000000000001],[6.7,13.100000000000001],[6.7,13.15],[6.65,13.15],[6.65,13.100000000000001]]]},"properties":{"source":"slicemap-v1","room":"project_20260905","importedAt":"2026-09-06T00:37:34.491Z","category":"wall","kind":"block","area_m2":0.0025}},{"type":"Feature","geometry":{"type":"Polygon","coordinates":[[[6.7,13.100000000000001],[6.9,13.100000000000001],[6.9,13.15],[6.7,13.15],[6.7,13.100000000000001]]]},"properties":{"source":"slicemap-v1","room":"project_20260905","importedAt":"2026-09-06T00:37:34.491Z","category":"furniture","kind":"block","area_m2":0.01}},{"type":"Feature","geometry":{"type":"Polygon","coordinates":[[[7.15,13.100000000000001],[7.2,13.100000000000001],[7.2,13.15],[7.15,13.15],[7.15,13.100000000000001]]]},"properties":{"source":"slicemap-v1","room":"project_20260905","importedAt":"2026-09-06T00:37:34.491Z","category":"furniture","kind":"block","area_m2":0.0025}},{"type":"Feature","geometry":{"type":"Polygon","coordinates":[[[7.300000000000001,13.100000000000001],[7.3500000000000005,13.100000000000001],[7.3500000000000005,13.15],[7.300000000000001,13.15],[7.300000000000001,13.100000000000001]]]},"properties":{"source":"slicemap-v1","room":"project_20260905","importedAt":"2026-09-06T00:37:34.491Z","category":"furniture","kind":"block","area_m2":0.0025}},{"type":"Feature","geometry":{"type":"Polygon","coordinates":[[[6.300000000000001,13.15],[6.3500000000000005,13.15],[6.3500000000000005,13.200000000000001],[6.300000000000001,13.200000000000001],[6.300000000000001,13.15]]]},"properties":{"source":"slicemap-v1","room":"project_20260905","importedAt":"2026-09-06T00:37:34.491Z","category":"furniture","kind":"block","area_m2":0.0025}},{"type":"Feature","geometry":{"type":"Polygon","coordinates":[[[6.6000000000000005,13.15],[6.8500000000000005,13.15],[6.8500000000000005,13.200000000000001],[6.6000000000000005,13.200000000000001],[6.6000000000000005,13.15]]]},"properties":{"source":"slicemap-v1","room":"project_20260905","importedAt":"2026-09-06T00:37:34.491Z","category":"furniture","kind":"block","area_m2":0.0125}},{"type":"Feature","geometry":{"type":"Polygon","coordinates":[[[5.3500000000000005,13.200000000000001],[5.45,13.200000000000001],[5.45,13.25],[5.3500000000000005,13.25],[5.3500000000000005,13.200000000000001]]]},"properties":{"source":"slicemap-v1","room":"project_20260905","importedAt":"2026-09-06T00:37:34.491Z","category":"wall","kind":"block","area_m2":0.005}},{"type":"Feature","geometry":{"type":"Polygon","coordinates":[[[6.25,13.200000000000001],[6.5,13.200000000000001],[6.5,13.25],[6.25,13.25],[6.25,13.200000000000001]]]},"properties":{"source":"slicemap-v1","room":"project_20260905","importedAt":"2026-09-06T00:37:34.491Z","category":"wall","kind":"block","area_m2":0.0125}},{"type":"Feature","geometry":{"type":"Polygon","coordinates":[[[6.5,13.200000000000001],[6.550000000000001,13.200000000000001],[6.550000000000001,13.25],[6.5,13.25],[6.5,13.200000000000001]]]},"properties":{"source":"slicemap-v1","room":"project_20260905","importedAt":"2026-09-06T00:37:34.491Z","category":"furniture","kind":"block","area_m2":0.0025}},{"type":"Feature","geometry":{"type":"Polygon","coordinates":[[[6.6000000000000005,13.200000000000001],[6.65,13.200000000000001],[6.65,13.25],[6.6000000000000005,13.25],[6.6000000000000005,13.200000000000001]]]},"properties":{"source":"slicemap-v1","room":"project_20260905","importedAt":"2026-09-06T00:37:34.491Z","category":"furniture","kind":"block","area_m2":0.0025}},{"type":"Feature","geometry":{"type":"Polygon","coordinates":[[[5.4,13.25],[5.45,13.25],[5.45,13.4],[5.4,13.4],[5.4,13.25]]]},"properties":{"source":"slicemap-v1","room":"project_20260905","importedAt":"2026-09-06T00:37:34.491Z","category":"wall","kind":"block","area_m2":0.0075}},{"type":"Feature","geometry":{"type":"Polygon","coordinates":[[[5.65,13.25],[5.7,13.25],[5.7,13.3],[5.65,13.3],[5.65,13.25]]]},"properties":{"source":"slicemap-v1","room":"project_20260905","importedAt":"2026-09-06T00:37:34.491Z","category":"furniture","kind":"block","area_m2":0.0025}},{"type":"Feature","geometry":{"type":"Polygon","coordinates":[[[5.800000000000001,13.25],[6.2,13.25],[6.2,13.3],[5.800000000000001,13.3],[5.800000000000001,13.25]]]},"properties":{"source":"slicemap-v1","room":"project_20260905","importedAt":"2026-09-06T00:37:34.491Z","category":"furniture","kind":"block","area_m2":0.02}},{"type":"Feature","geometry":{"type":"Polygon","coordinates":[[[6.2,13.25],[6.3500000000000005,13.25],[6.3500000000000005,13.3],[6.2,13.3],[6.2,13.25]]]},"properties":{"source":"slicemap-v1","room":"project_20260905","importedAt":"2026-09-06T00:37:34.491Z","category":"wall","kind":"block","area_m2":0.0075}},{"type":"Feature","geometry":{"type":"Polygon","coordinates":[[[6.3500000000000005,13.25],[6.45,13.25],[6.45,13.3],[6.3500000000000005,13.3],[6.3500000000000005,13.25]]]},"properties":{"source":"slicemap-v1","room":"project_20260905","importedAt":"2026-09-06T00:37:34.491Z","category":"furniture","kind":"block","area_m2":0.005}},{"type":"Feature","geometry":{"type":"Polygon","coordinates":[[[6.5,13.25],[6.6000000000000005,13.25],[6.6000000000000005,13.3],[6.5,13.3],[6.5,13.25]]]},"properties":{"source":"slicemap-v1","room":"project_20260905","importedAt":"2026-09-06T00:37:34.491Z","category":"furniture","kind":"block","area_m2":0.005}},{"type":"Feature","geometry":{"type":"Polygon","coordinates":[[[5.45,13.3],[5.5,13.3],[5.5,13.350000000000001],[5.45,13.350000000000001],[5.45,13.3]]]},"properties":{"source":"slicemap-v1","room":"project_20260905","importedAt":"2026-09-06T00:37:34.491Z","category":"furniture","kind":"block","area_m2":0.0025}},{"type":"Feature","geometry":{"type":"Polygon","coordinates":[[[5.550000000000001,13.3],[6.1000000000000005,13.3],[6.1000000000000005,13.350000000000001],[5.550000000000001,13.350000000000001],[5.550000000000001,13.3]]]},"properties":{"source":"slicemap-v1","room":"project_20260905","importedAt":"2026-09-06T00:37:34.491Z","category":"furniture","kind":"block","area_m2":0.0275}},{"type":"Feature","geometry":{"type":"Polygon","coordinates":[[[6.1000000000000005,13.3],[6.15,13.3],[6.15,13.350000000000001],[6.1000000000000005,13.350000000000001],[6.1000000000000005,13.3]]]},"properties":{"source":"slicemap-v1","room":"project_20260905","importedAt":"2026-09-06T00:37:34.491Z","category":"wall","kind":"block","area_m2":0.0025}},{"type":"Feature","geometry":{"type":"Polygon","coordinates":[[[6.550000000000001,13.3],[6.6000000000000005,13.3],[6.6000000000000005,13.350000000000001],[6.550000000000001,13.350000000000001],[6.550000000000001,13.3]]]},"properties":{"source":"slicemap-v1","room":"project_20260905","importedAt":"2026-09-06T00:37:34.491Z","category":"furniture","kind":"block","area_m2":0.0025}},{"type":"Feature","geometry":{"type":"Polygon","coordinates":[[[5.45,13.350000000000001],[5.7,13.350000000000001],[5.7,13.4],[5.45,13.4],[5.45,13.350000000000001]]]},"properties":{"source":"slicemap-v1","room":"project_20260905","importedAt":"2026-09-06T00:37:34.491Z","category":"furniture","kind":"block","area_m2":0.0125}},{"type":"Feature","geometry":{"type":"Polygon","coordinates":[[[5.75,13.350000000000001],[5.8500000000000005,13.350000000000001],[5.8500000000000005,13.4],[5.75,13.4],[5.75,13.350000000000001]]]},"properties":{"source":"slicemap-v1","room":"project_20260905","importedAt":"2026-09-06T00:37:34.491Z","category":"furniture","kind":"block","area_m2":0.005}},{"type":"Feature","geometry":{"type":"Polygon","coordinates":[[[5.95,13.350000000000001],[6.050000000000001,13.350000000000001],[6.050000000000001,13.4],[5.95,13.4],[5.95,13.350000000000001]]]},"properties":{"source":"slicemap-v1","room":"project_20260905","importedAt":"2026-09-06T00:37:34.491Z","category":"wall","kind":"block","area_m2":0.005}},{"type":"Feature","geometry":{"type":"Polygon","coordinates":[[[6.050000000000001,13.350000000000001],[6.25,13.350000000000001],[6.25,13.4],[6.050000000000001,13.4],[6.050000000000001,13.350000000000001]]]},"properties":{"source":"slicemap-v1","room":"project_20260905","importedAt":"2026-09-06T00:37:34.491Z","category":"furniture","kind":"block","area_m2":0.01}},{"type":"Feature","geometry":{"type":"Polygon","coordinates":[[[5.800000000000001,13.4],[6,13.4],[6,13.450000000000001],[5.800000000000001,13.450000000000001],[5.800000000000001,13.4]]]},"properties":{"source":"slicemap-v1","room":"project_20260905","importedAt":"2026-09-06T00:37:34.491Z","category":"wall","kind":"block","area_m2":0.01}},{"type":"Feature","geometry":{"type":"Polygon","coordinates":[[[5.75,13.450000000000001],[5.800000000000001,13.450000000000001],[5.800000000000001,13.5],[5.75,13.5],[5.75,13.450000000000001]]]},"properties":{"source":"slicemap-v1","room":"project_20260905","importedAt":"2026-09-06T00:37:34.491Z","category":"furniture","kind":"block","area_m2":0.0025}},{"type":"Feature","geometry":{"type":"Polygon","coordinates":[[[5.800000000000001,13.450000000000001],[5.9,13.450000000000001],[5.9,13.5],[5.800000000000001,13.5],[5.800000000000001,13.450000000000001]]]},"properties":{"source":"slicemap-v1","room":"project_20260905","importedAt":"2026-09-06T00:37:34.491Z","category":"wall","kind":"block","area_m2":0.005}}],"slicemap":{"resolution":0.05,"cols":340,"rows":340,"origin":[-9.171907979206082,-9.041012858515337],"z":0.18,"sources":[{"scan":"scan_20260905_102404","offsetX":0,"offsetZ":0,"yawRadians":0,"method":"reference","cells":4867},{"scan":"scan_20260905_102537","offsetX":0.0964,"offsetZ":-0.2962,"yawRadians":0.797317,"method":"icp","metrics":{"overlap_m":17.05,"inlier":0.8325,"conflict":0.0102,"rmse_m":0.0514},"cells":11587}]}}